variante,semente,geracao,hv
MOEA Normal,1,1,158.2724556321271
MOEA Normal,1,2,161.7301768910737
MOEA Normal,1,3,166.37597413976394
MOEA Normal,1,4,178.39032218305857
MOEA Normal,1,5,188.77928527963155
MOEA Normal,1,6,193.6777732507105
MOEA Normal,1,7,195.14628869039115
MOEA Normal,1,8,200.5071722780501
MOEA Normal,1,9,202.1021292838896
MOEA Normal,1,10,203.6402614241885
MOEA Normal,1,11,207.38042038799748
MOEA Normal,1,12,210.3665589195764
MOEA Normal,1,13,213.293675901056
MOEA Normal,1,14,216.88922752260868
MOEA Normal,1,15,219.7494649093481
MOEA Normal,1,16,221.68285820298752
MOEA Normal,1,17,227.7964202309019
MOEA Normal,1,18,228.19500504593992
MOEA Normal,1,19,229.6859281641971
MOEA Normal,1,20,231.65413872283807
MOEA Normal,1,21,231.9545742258841
MOEA Normal,1,22,232.05719044869207
MOEA Normal,1,23,232.2681450985118
MOEA Normal,1,24,232.31907835713207
MOEA Normal,1,25,232.44575185717343
MOEA Normal,1,26,232.55720238920517
MOEA Normal,1,27,232.66035412425248
MOEA Normal,1,28,232.64863132684656
MOEA Normal,1,29,232.66968988663393
MOEA Normal,1,30,232.60692972944685
MOEA Normal,1,31,233.22485528132864
MOEA Normal,1,32,233.204327560597
MOEA Normal,1,33,233.4753062738052
MOEA Normal,1,34,233.73265996073394
MOEA Normal,1,35,233.71373063362358
MOEA Normal,1,36,234.03486797341012
MOEA Normal,1,37,234.23416367862353
MOEA Normal,1,38,234.93845693579755
MOEA Normal,1,39,235.25816541095395
MOEA Normal,1,40,235.35714547458946
MOEA Normal,1,41,235.49510893240173
MOEA Normal,1,42,235.50798906900093
MOEA Normal,1,43,235.46041251800366
MOEA Normal,1,44,235.55014040374505
MOEA Normal,1,45,235.79826787180664
MOEA Normal,1,46,235.83863177223753
MOEA Normal,1,47,235.80734424505934
MOEA Normal,1,48,236.31398173521058
MOEA Normal,1,49,236.49245615363827
MOEA Normal,1,50,236.5210529589122
MOEA Normal,1,51,236.65715938880223
MOEA Normal,1,52,237.03591619566976
MOEA Normal,1,53,237.1191941704076
MOEA Normal,1,54,237.2139357830128
MOEA Normal,1,55,237.21389212743347
MOEA Normal,1,56,237.2446801693796
MOEA Normal,1,57,237.2765662661165
MOEA Normal,1,58,237.4713229082006
MOEA Normal,1,59,238.62816851488242
MOEA Normal,1,60,239.21173202946642
MOEA Normal,1,61,239.19799439623725
MOEA Normal,1,62,239.48687931346842
MOEA Normal,1,63,239.5104228213546
MOEA Normal,1,64,239.50656768818232
MOEA Normal,1,65,239.7654105853552
MOEA Normal,1,66,240.12310210183696
MOEA Normal,1,67,240.12224842778375
MOEA Normal,1,68,240.09715716773132
MOEA Normal,1,69,240.14451030306626
MOEA Normal,1,70,240.22357695911063
MOEA Normal,1,71,240.21021837069924
MOEA Normal,1,72,240.28331504513486
MOEA Normal,1,73,242.38886465560756
MOEA Normal,1,74,242.37639360036428
MOEA Normal,1,75,242.43347688837818
MOEA Normal,1,76,242.74532246373934
MOEA Normal,1,77,242.79086082594978
MOEA Normal,1,78,242.92548359828075
MOEA Normal,1,79,242.94409732661848
MOEA Normal,1,80,242.91241112173063
MOEA Normal,1,81,243.0026835856097
MOEA Normal,1,82,242.98262324589066
MOEA Normal,1,83,243.04386988864326
MOEA Normal,1,84,243.13166399276696
MOEA Normal,1,85,243.18487852772142
MOEA Normal,1,86,243.84969129348306
MOEA Normal,1,87,243.755930813615
MOEA Normal,1,88,243.83375188609017
MOEA Normal,1,89,244.71161864155428
MOEA Normal,1,90,244.89920509495315
MOEA Normal,1,91,244.8588352827549
MOEA Normal,1,92,244.9420517246603
MOEA Normal,1,93,244.83587250355208
MOEA Normal,1,94,245.99071452558047
MOEA Normal,1,95,245.73543249451035
MOEA Normal,1,96,245.73447429092448
MOEA Normal,1,97,245.83893602818983
MOEA Normal,1,98,246.24215235060444
MOEA Normal,1,99,246.33936511283025
MOEA Normal,1,100,247.46042177714222
MOEA Normal,1,101,247.58370479103843
MOEA Normal,1,102,248.95339074883077
MOEA Normal,1,103,248.97285074983995
MOEA Normal,1,104,249.030193193347
MOEA Normal,1,105,249.27017366152123
MOEA Normal,1,106,249.4528004115386
MOEA Normal,1,107,249.52543454268903
MOEA Normal,1,108,249.47215530128284
MOEA Normal,1,109,249.63675960556597
MOEA Normal,1,110,249.7061941805723
MOEA Normal,1,111,250.05741899995542
MOEA Normal,1,112,250.27893135471857
MOEA Normal,1,113,250.15478461113707
MOEA Normal,1,114,249.97348461763323
MOEA Normal,1,115,250.0068395605188
MOEA Normal,1,116,250.14248891458925
MOEA Normal,1,117,250.22535125569556
MOEA Normal,1,118,250.69495878708926
MOEA Normal,1,119,250.68850701111563
MOEA Normal,1,120,251.27037790399444
MOEA Normal,1,121,251.29688257964636
MOEA Normal,1,122,251.3584546223657
MOEA Normal,1,123,251.4234596867534
MOEA Normal,1,124,251.665972016906
MOEA Normal,1,125,251.50744711428945
MOEA Normal,1,126,251.61248934717352
MOEA Normal,1,127,251.47945390647396
MOEA Normal,1,128,253.00340440148045
MOEA Normal,1,129,253.15223494982365
MOEA Normal,1,130,253.11906732971022
MOEA Normal,1,131,253.18873300846482
MOEA Normal,1,132,253.32695909959597
MOEA Normal,1,133,253.7699873110502
MOEA Normal,1,134,253.5855312852531
MOEA Normal,1,135,253.73041997766558
MOEA Normal,1,136,253.8626434658163
MOEA Normal,1,137,253.89642639134746
MOEA Normal,1,138,253.31811092785762
MOEA Normal,1,139,253.36970237161165
MOEA Normal,1,140,253.7217798122345
MOEA Normal,1,141,253.45357247383947
MOEA Normal,1,142,253.41910869038702
MOEA Normal,1,143,253.72223079326005
MOEA Normal,1,144,254.01565690450775
MOEA Normal,1,145,254.12995638608808
MOEA Normal,1,146,254.15478180363743
MOEA Normal,1,147,254.53103613387515
MOEA Normal,1,148,254.4762327241331
MOEA Normal,1,149,254.2852173130379
MOEA Normal,1,150,253.88829723689227
MOEA Normal,2,1,144.70218181288877
MOEA Normal,2,2,146.79618539956246
MOEA Normal,2,3,156.22923610927478
MOEA Normal,2,4,167.33975149210818
MOEA Normal,2,5,174.75057002360944
MOEA Normal,2,6,179.94478108873818
MOEA Normal,2,7,188.5042724006122
MOEA Normal,2,8,195.22561311263485
MOEA Normal,2,9,199.05974262192382
MOEA Normal,2,10,202.9609069111766
MOEA Normal,2,11,206.0517687425306
MOEA Normal,2,12,208.6943996308765
MOEA Normal,2,13,211.41018128538389
MOEA Normal,2,14,212.1627205932992
MOEA Normal,2,15,212.3793707863446
MOEA Normal,2,16,214.2170305934069
MOEA Normal,2,17,215.4489483132271
MOEA Normal,2,18,216.71768730992326
MOEA Normal,2,19,219.2439604556448
MOEA Normal,2,20,219.7529345401848
MOEA Normal,2,21,220.5953866832187
MOEA Normal,2,22,222.06622984164682
MOEA Normal,2,23,222.6213645898942
MOEA Normal,2,24,222.86871967398048
MOEA Normal,2,25,223.13547549226564
MOEA Normal,2,26,223.14309886470767
MOEA Normal,2,27,223.54732287553034
MOEA Normal,2,28,223.69639332480648
MOEA Normal,2,29,223.87791198868644
MOEA Normal,2,30,223.76168307329306
MOEA Normal,2,31,227.60241199122697
MOEA Normal,2,32,227.69915828926287
MOEA Normal,2,33,227.8196829376257
MOEA Normal,2,34,227.85626035916084
MOEA Normal,2,35,229.4232118575073
MOEA Normal,2,36,229.72070471289078
MOEA Normal,2,37,229.8472590101619
MOEA Normal,2,38,229.9125304365256
MOEA Normal,2,39,229.89760538293262
MOEA Normal,2,40,233.68445700717865
MOEA Normal,2,41,233.8550258409701
MOEA Normal,2,42,233.9993022151108
MOEA Normal,2,43,234.455532716239
MOEA Normal,2,44,234.08074361710425
MOEA Normal,2,45,234.35662865233175
MOEA Normal,2,46,234.50928097906393
MOEA Normal,2,47,234.5813628400785
MOEA Normal,2,48,234.57741167201414
MOEA Normal,2,49,234.59830442790678
MOEA Normal,2,50,235.64350099492486
MOEA Normal,2,51,235.64666146302335
MOEA Normal,2,52,235.9383363509126
MOEA Normal,2,53,236.20576247193793
MOEA Normal,2,54,236.24866512057383
MOEA Normal,2,55,237.13099467854641
MOEA Normal,2,56,237.0908536425669
MOEA Normal,2,57,237.26556797938974
MOEA Normal,2,58,237.32381962440212
MOEA Normal,2,59,237.39629658708196
MOEA Normal,2,60,237.42167158591582
MOEA Normal,2,61,237.83054826182874
MOEA Normal,2,62,237.8401636272609
MOEA Normal,2,63,237.78828417201495
MOEA Normal,2,64,237.65940080030572
MOEA Normal,2,65,237.74685321763968
MOEA Normal,2,66,239.1345779077398
MOEA Normal,2,67,239.0911713529157
MOEA Normal,2,68,239.08819425727893
MOEA Normal,2,69,239.13770269307173
MOEA Normal,2,70,239.8632600471975
MOEA Normal,2,71,239.93663242063337
MOEA Normal,2,72,240.01977332876845
MOEA Normal,2,73,239.98832305333008
MOEA Normal,2,74,239.9023394407364
MOEA Normal,2,75,239.68944204858073
MOEA Normal,2,76,239.76644874635662
MOEA Normal,2,77,239.85099970280018
MOEA Normal,2,78,239.8714982834382
MOEA Normal,2,79,239.9091565743868
MOEA Normal,2,80,239.98804744227706
MOEA Normal,2,81,240.05358187531561
MOEA Normal,2,82,240.03699178171163
MOEA Normal,2,83,240.07629587125516
MOEA Normal,2,84,240.12651386106484
MOEA Normal,2,85,240.12450991469632
MOEA Normal,2,86,240.4279244754163
MOEA Normal,2,87,240.7563379567199
MOEA Normal,2,88,240.91568470499803
MOEA Normal,2,89,240.69848208293104
MOEA Normal,2,90,240.65157157367628
MOEA Normal,2,91,240.68235929241183
MOEA Normal,2,92,240.99157713618132
MOEA Normal,2,93,241.14515497211775
MOEA Normal,2,94,241.32140212707452
MOEA Normal,2,95,241.45108701905406
MOEA Normal,2,96,241.50332412047527
MOEA Normal,2,97,241.54560940667574
MOEA Normal,2,98,241.58014673663791
MOEA Normal,2,99,242.1087175392219
MOEA Normal,2,100,242.55081138222135
MOEA Normal,2,101,242.7123886966902
MOEA Normal,2,102,242.94442257939608
MOEA Normal,2,103,243.7002466632187
MOEA Normal,2,104,243.78097471096817
MOEA Normal,2,105,243.77448569495027
MOEA Normal,2,106,243.95852660850466
MOEA Normal,2,107,243.90533680835523
MOEA Normal,2,108,244.10230910750155
MOEA Normal,2,109,244.15352853768616
MOEA Normal,2,110,244.10969543055126
MOEA Normal,2,111,244.09215425160625
MOEA Normal,2,112,244.22597502442383
MOEA Normal,2,113,244.4324853544502
MOEA Normal,2,114,244.44034473551798
MOEA Normal,2,115,244.59244660991607
MOEA Normal,2,116,244.31323495058894
MOEA Normal,2,117,244.3820398863774
MOEA Normal,2,118,245.0088367143273
MOEA Normal,2,119,244.87069018261005
MOEA Normal,2,120,245.1698928765583
MOEA Normal,2,121,245.35833906055643
MOEA Normal,2,122,245.2952918733883
MOEA Normal,2,123,245.3259497877658
MOEA Normal,2,124,245.38795076879734
MOEA Normal,2,125,245.8487419897887
MOEA Normal,2,126,245.82452321808503
MOEA Normal,2,127,245.74704043061305
MOEA Normal,2,128,245.9278264043648
MOEA Normal,2,129,245.91966081397425
MOEA Normal,2,130,246.02274192238468
MOEA Normal,2,131,246.71848116874875
MOEA Normal,2,132,246.9317606424175
MOEA Normal,2,133,246.9724022879022
MOEA Normal,2,134,247.12723708109053
MOEA Normal,2,135,247.08224441566432
MOEA Normal,2,136,247.0935732912617
MOEA Normal,2,137,247.11964861204865
MOEA Normal,2,138,247.1345160411339
MOEA Normal,2,139,248.74059509864753
MOEA Normal,2,140,248.84135014413025
MOEA Normal,2,141,249.98750917547673
MOEA Normal,2,142,249.89366769966784
MOEA Normal,2,143,249.87012490541787
MOEA Normal,2,144,249.92829007920676
MOEA Normal,2,145,249.69167829177795
MOEA Normal,2,146,250.50717918949385
MOEA Normal,2,147,251.54219940663899
MOEA Normal,2,148,251.77646804019486
MOEA Normal,2,149,251.85739661600965
MOEA Normal,2,150,252.01189264252878
MOEA Normal,3,1,145.14102669252398
MOEA Normal,3,2,158.43365382926237
MOEA Normal,3,3,162.80241360648876
MOEA Normal,3,4,175.91279567333316
MOEA Normal,3,5,187.2403139254882
MOEA Normal,3,6,192.8285102732735
MOEA Normal,3,7,194.92708130481
MOEA Normal,3,8,199.92403944767028
MOEA Normal,3,9,204.62927046384402
MOEA Normal,3,10,206.88660353940463
MOEA Normal,3,11,207.49270020171497
MOEA Normal,3,12,208.36388280553405
MOEA Normal,3,13,211.86700213583916
MOEA Normal,3,14,212.49139593153552
MOEA Normal,3,15,215.7779458266568
MOEA Normal,3,16,216.48939586465065
MOEA Normal,3,17,217.7326648198444
MOEA Normal,3,18,219.27435151981763
MOEA Normal,3,19,222.90461141227763
MOEA Normal,3,20,223.26089831653474
MOEA Normal,3,21,223.55179862346785
MOEA Normal,3,22,224.18445357481113
MOEA Normal,3,23,224.65873601290463
MOEA Normal,3,24,225.18230446018265
MOEA Normal,3,25,225.61318821462694
MOEA Normal,3,26,226.21001655086525
MOEA Normal,3,27,226.38191283831077
MOEA Normal,3,28,226.53039798520837
MOEA Normal,3,29,228.71407285486976
MOEA Normal,3,30,228.97256545173275
MOEA Normal,3,31,229.58031560055508
MOEA Normal,3,32,231.48563492860086
MOEA Normal,3,33,231.64985651592312
MOEA Normal,3,34,233.55451483516134
MOEA Normal,3,35,233.81327637827187
MOEA Normal,3,36,233.9062961123036
MOEA Normal,3,37,236.03797938738904
MOEA Normal,3,38,236.19506557125425
MOEA Normal,3,39,236.5006029680282
MOEA Normal,3,40,236.49974505286878
MOEA Normal,3,41,236.65773018821926
MOEA Normal,3,42,236.9599694056989
MOEA Normal,3,43,238.0796199278949
MOEA Normal,3,44,238.69949501062666
MOEA Normal,3,45,238.8420497873954
MOEA Normal,3,46,238.84184854357366
MOEA Normal,3,47,238.94781563738746
MOEA Normal,3,48,238.85324156775619
MOEA Normal,3,49,238.94291021830065
MOEA Normal,3,50,239.08921966646943
MOEA Normal,3,51,238.99384595235313
MOEA Normal,3,52,238.9857351220346
MOEA Normal,3,53,238.92185425977829
MOEA Normal,3,54,238.9551837524355
MOEA Normal,3,55,238.99422944540856
MOEA Normal,3,56,239.14826779203625
MOEA Normal,3,57,239.09375226667527
MOEA Normal,3,58,239.18213590722075
MOEA Normal,3,59,239.52942858866032
MOEA Normal,3,60,239.7230974131469
MOEA Normal,3,61,239.77766689472446
MOEA Normal,3,62,239.7453945875556
MOEA Normal,3,63,239.8998818826771
MOEA Normal,3,64,241.23706021645853
MOEA Normal,3,65,241.16355796114178
MOEA Normal,3,66,241.13651250321834
MOEA Normal,3,67,241.32812495153053
MOEA Normal,3,68,241.25909637876464
MOEA Normal,3,69,242.3825303606045
MOEA Normal,3,70,242.6338224242828
MOEA Normal,3,71,242.7527185510342
MOEA Normal,3,72,243.67374816339407
MOEA Normal,3,73,243.5217466072799
MOEA Normal,3,74,243.63734500869185
MOEA Normal,3,75,243.5639241174179
MOEA Normal,3,76,243.66939666164603
MOEA Normal,3,77,243.79979945949447
MOEA Normal,3,78,243.7711275858856
MOEA Normal,3,79,243.85920729536207
MOEA Normal,3,80,244.20886761181504
MOEA Normal,3,81,244.44741898455678
MOEA Normal,3,82,244.62362747590305
MOEA Normal,3,83,245.83017973454702
MOEA Normal,3,84,245.77963404213406
MOEA Normal,3,85,245.80735723484798
MOEA Normal,3,86,245.86697512121978
MOEA Normal,3,87,246.2509208005467
MOEA Normal,3,88,246.3956959628287
MOEA Normal,3,89,246.4989176018559
MOEA Normal,3,90,246.65961514221829
MOEA Normal,3,91,246.64400041415928
MOEA Normal,3,92,247.07081692875545
MOEA Normal,3,93,247.1630727133832
MOEA Normal,3,94,247.3211273392492
MOEA Normal,3,95,247.51432609335274
MOEA Normal,3,96,247.23828470953322
MOEA Normal,3,97,247.26977829396986
MOEA Normal,3,98,247.70304951181765
MOEA Normal,3,99,247.85691751975813
MOEA Normal,3,100,247.70683745344917
MOEA Normal,3,101,249.2457089213284
MOEA Normal,3,102,249.45357167453471
MOEA Normal,3,103,249.0386959579962
MOEA Normal,3,104,249.11803949027507
MOEA Normal,3,105,249.36282977509552
MOEA Normal,3,106,249.31994035407195
MOEA Normal,3,107,249.37753654998676
MOEA Normal,3,108,249.4978867158032
MOEA Normal,3,109,249.64265151852953
MOEA Normal,3,110,249.69651804739584
MOEA Normal,3,111,250.0173460530181
MOEA Normal,3,112,250.1373509496654
MOEA Normal,3,113,250.2123415962998
MOEA Normal,3,114,250.16750426899557
MOEA Normal,3,115,250.20145915159236
MOEA Normal,3,116,249.94862589911588
MOEA Normal,3,117,250.06244611441656
MOEA Normal,3,118,250.26199690749775
MOEA Normal,3,119,250.50406397594628
MOEA Normal,3,120,250.58708164352618
MOEA Normal,3,121,250.68123859880984
MOEA Normal,3,122,250.64103875413005
MOEA Normal,3,123,250.4956834551602
MOEA Normal,3,124,250.70653372665546
MOEA Normal,3,125,250.3273304863832
MOEA Normal,3,126,250.5127505559538
MOEA Normal,3,127,251.73051017297843
MOEA Normal,3,128,251.51474830331142
MOEA Normal,3,129,251.92659245035279
MOEA Normal,3,130,252.36306533753543
MOEA Normal,3,131,252.33599570825686
MOEA Normal,3,132,252.452577394924
MOEA Normal,3,133,252.42587154739851
MOEA Normal,3,134,252.34150557780396
MOEA Normal,3,135,252.47880585198152
MOEA Normal,3,136,252.66311541342202
MOEA Normal,3,137,252.72222507908148
MOEA Normal,3,138,252.73430601457295
MOEA Normal,3,139,253.34635194947867
MOEA Normal,3,140,253.33860365236853
MOEA Normal,3,141,253.30708243445864
MOEA Normal,3,142,253.56878892397458
MOEA Normal,3,143,253.60107200809722
MOEA Normal,3,144,253.55114719442878
MOEA Normal,3,145,253.55704839172654
MOEA Normal,3,146,253.53880514097332
MOEA Normal,3,147,253.5146138936526
MOEA Normal,3,148,254.40039224640964
MOEA Normal,3,149,254.31317331452664
MOEA Normal,3,150,254.09243549363705
MOEA Normal,4,1,145.70106386775993
MOEA Normal,4,2,149.6880340495739
MOEA Normal,4,3,155.530109506231
MOEA Normal,4,4,176.82186255294917
MOEA Normal,4,5,184.71739429949463
MOEA Normal,4,6,187.2127351969038
MOEA Normal,4,7,190.3746059319218
MOEA Normal,4,8,194.4853496553277
MOEA Normal,4,9,199.4581978417358
MOEA Normal,4,10,202.51929700789935
MOEA Normal,4,11,208.16945921659251
MOEA Normal,4,12,209.5034692394189
MOEA Normal,4,13,215.35014976722684
MOEA Normal,4,14,216.30115034960266
MOEA Normal,4,15,216.58747021688654
MOEA Normal,4,16,218.3982210292733
MOEA Normal,4,17,218.77549267900787
MOEA Normal,4,18,219.3010389257073
MOEA Normal,4,19,220.29517453279138
MOEA Normal,4,20,220.56971504177602
MOEA Normal,4,21,221.71094962775067
MOEA Normal,4,22,224.54467588209945
MOEA Normal,4,23,225.11932729258058
MOEA Normal,4,24,226.04941691142278
MOEA Normal,4,25,226.0335106089214
MOEA Normal,4,26,226.21104463571498
MOEA Normal,4,27,226.49669653828178
MOEA Normal,4,28,226.6165245760013
MOEA Normal,4,29,226.70568609337676
MOEA Normal,4,30,227.35662234228118
MOEA Normal,4,31,227.46808733741597
MOEA Normal,4,32,227.60543646861652
MOEA Normal,4,33,227.76478630236397
MOEA Normal,4,34,227.81424049728207
MOEA Normal,4,35,227.87596839094016
MOEA Normal,4,36,228.78772640811604
MOEA Normal,4,37,229.87427525357856
MOEA Normal,4,38,230.1260904033105
MOEA Normal,4,39,230.34440258127117
MOEA Normal,4,40,230.67928832178944
MOEA Normal,4,41,230.99946454222305
MOEA Normal,4,42,231.02807082822625
MOEA Normal,4,43,230.68339176515775
MOEA Normal,4,44,230.8475701889128
MOEA Normal,4,45,230.97502557109982
MOEA Normal,4,46,231.05388695809881
MOEA Normal,4,47,231.0947087319728
MOEA Normal,4,48,231.4223584155407
MOEA Normal,4,49,232.96718859117237
MOEA Normal,4,50,233.2471614377759
MOEA Normal,4,51,233.42627411869518
MOEA Normal,4,52,233.9456854573747
MOEA Normal,4,53,234.23448675676292
MOEA Normal,4,54,234.0127365254433
MOEA Normal,4,55,235.49425676949687
MOEA Normal,4,56,235.62245691862142
MOEA Normal,4,57,236.28129951505178
MOEA Normal,4,58,236.50208268113045
MOEA Normal,4,59,236.58706729846222
MOEA Normal,4,60,236.93274406531668
MOEA Normal,4,61,237.0019298235535
MOEA Normal,4,62,237.37000484668795
MOEA Normal,4,63,237.81489171251195
MOEA Normal,4,64,237.8752997639254
MOEA Normal,4,65,237.94768567500498
MOEA Normal,4,66,238.08818772044498
MOEA Normal,4,67,239.2247601675586
MOEA Normal,4,68,239.2742267119297
MOEA Normal,4,69,239.39709127342093
MOEA Normal,4,70,239.61693864683974
MOEA Normal,4,71,239.93352113123512
MOEA Normal,4,72,240.09470495366463
MOEA Normal,4,73,240.1583713154795
MOEA Normal,4,74,240.321042471054
MOEA Normal,4,75,240.53648876319386
MOEA Normal,4,76,240.582723616878
MOEA Normal,4,77,240.84864301454462
MOEA Normal,4,78,241.1873857646958
MOEA Normal,4,79,241.18825548898405
MOEA Normal,4,80,241.13496913344574
MOEA Normal,4,81,241.56476795019523
MOEA Normal,4,82,241.84046009375072
MOEA Normal,4,83,241.9932092832861
MOEA Normal,4,84,242.01185730399635
MOEA Normal,4,85,242.90419491564222
MOEA Normal,4,86,242.8781993685156
MOEA Normal,4,87,242.92988448880715
MOEA Normal,4,88,243.0337942127665
MOEA Normal,4,89,242.8181709042974
MOEA Normal,4,90,242.87295859252657
MOEA Normal,4,91,242.99305986916616
MOEA Normal,4,92,244.27192807335055
MOEA Normal,4,93,244.3034031606952
MOEA Normal,4,94,244.33625708655916
MOEA Normal,4,95,244.47698390706722
MOEA Normal,4,96,244.5057729718826
MOEA Normal,4,97,244.52167719444552
MOEA Normal,4,98,244.70337870622365
MOEA Normal,4,99,244.59815882306174
MOEA Normal,4,100,244.73089165009657
MOEA Normal,4,101,244.5998075242419
MOEA Normal,4,102,244.74538740041382
MOEA Normal,4,103,244.7214899970886
MOEA Normal,4,104,244.7856983233375
MOEA Normal,4,105,244.81980834523398
MOEA Normal,4,106,244.95335134113162
MOEA Normal,4,107,245.35120863358992
MOEA Normal,4,108,246.10460299781755
MOEA Normal,4,109,246.16865861158516
MOEA Normal,4,110,246.35337608928216
MOEA Normal,4,111,246.40281669434705
MOEA Normal,4,112,246.68085876926546
MOEA Normal,4,113,246.7588791494614
MOEA Normal,4,114,247.15494593664528
MOEA Normal,4,115,247.14737504521227
MOEA Normal,4,116,247.34827460767906
MOEA Normal,4,117,247.46319162570322
MOEA Normal,4,118,247.29506066187395
MOEA Normal,4,119,247.32209578642167
MOEA Normal,4,120,247.6313641014329
MOEA Normal,4,121,247.54088483008508
MOEA Normal,4,122,247.19936724672033
MOEA Normal,4,123,247.62247281331616
MOEA Normal,4,124,247.46080012841185
MOEA Normal,4,125,247.51908173445776
MOEA Normal,4,126,247.91917463658115
MOEA Normal,4,127,248.00634842176737
MOEA Normal,4,128,248.06834332822513
MOEA Normal,4,129,248.09050189512556
MOEA Normal,4,130,248.29273983685061
MOEA Normal,4,131,248.39465816374587
MOEA Normal,4,132,248.5093926579924
MOEA Normal,4,133,248.88693726847103
MOEA Normal,4,134,249.59946307857052
MOEA Normal,4,135,249.37705679533764
MOEA Normal,4,136,249.2548530298373
MOEA Normal,4,137,249.30446592741012
MOEA Normal,4,138,249.34379463786195
MOEA Normal,4,139,249.39635712543387
MOEA Normal,4,140,249.3971391883406
MOEA Normal,4,141,249.58779535180173
MOEA Normal,4,142,249.6301124005017
MOEA Normal,4,143,249.53383756976285
MOEA Normal,4,144,249.61985711979537
MOEA Normal,4,145,249.68649347674574
MOEA Normal,4,146,249.75483114663274
MOEA Normal,4,147,249.67206883306966
MOEA Normal,4,148,249.5450024719787
MOEA Normal,4,149,249.67730121096884
MOEA Normal,4,150,249.8259901442923
MOEA Normal,5,1,162.52365259869384
MOEA Normal,5,2,167.44714274636922
MOEA Normal,5,3,171.582587348812
MOEA Normal,5,4,184.04168352140897
MOEA Normal,5,5,185.84554134388162
MOEA Normal,5,6,190.73196365277494
MOEA Normal,5,7,192.994411790986
MOEA Normal,5,8,193.75208782951287
MOEA Normal,5,9,200.32328217938218
MOEA Normal,5,10,204.87820526017808
MOEA Normal,5,11,208.40026652210202
MOEA Normal,5,12,209.77010122825865
MOEA Normal,5,13,213.25772525126723
MOEA Normal,5,14,213.71790450973268
MOEA Normal,5,15,215.2358350813932
MOEA Normal,5,16,217.37436548131564
MOEA Normal,5,17,219.50356383955176
MOEA Normal,5,18,219.68177513424996
MOEA Normal,5,19,220.46165100927408
MOEA Normal,5,20,220.9749873861279
MOEA Normal,5,21,221.01158167792738
MOEA Normal,5,22,221.3192428428234
MOEA Normal,5,23,222.45348442464058
MOEA Normal,5,24,223.37958027955978
MOEA Normal,5,25,223.26474992905133
MOEA Normal,5,26,223.5403622459146
MOEA Normal,5,27,223.4816234046806
MOEA Normal,5,28,223.59296381257457
MOEA Normal,5,29,223.7888054407486
MOEA Normal,5,30,224.01035669820783
MOEA Normal,5,31,224.3051235321927
MOEA Normal,5,32,224.84043594966045
MOEA Normal,5,33,225.11448549742664
MOEA Normal,5,34,225.3088540020094
MOEA Normal,5,35,227.66208040157568
MOEA Normal,5,36,227.85806931903667
MOEA Normal,5,37,228.0044673287784
MOEA Normal,5,38,228.136732953491
MOEA Normal,5,39,228.04379727291146
MOEA Normal,5,40,228.36199280340412
MOEA Normal,5,41,228.51609464977636
MOEA Normal,5,42,229.101771924513
MOEA Normal,5,43,229.44436020066274
MOEA Normal,5,44,231.00969597583682
MOEA Normal,5,45,231.22495120341108
MOEA Normal,5,46,231.3831639024711
MOEA Normal,5,47,232.13872683458848
MOEA Normal,5,48,232.26074122346137
MOEA Normal,5,49,232.40813377011324
MOEA Normal,5,50,233.88491325698396
MOEA Normal,5,51,235.4891575525089
MOEA Normal,5,52,235.74467213415738
MOEA Normal,5,53,236.4423883750199
MOEA Normal,5,54,236.57112282780778
MOEA Normal,5,55,236.66968868807513
MOEA Normal,5,56,236.9825791341255
MOEA Normal,5,57,238.12449207389213
MOEA Normal,5,58,238.43659183368425
MOEA Normal,5,59,238.52584996680554
MOEA Normal,5,60,238.62606956456483
MOEA Normal,5,61,238.77682254732628
MOEA Normal,5,62,239.275566510872
MOEA Normal,5,63,239.4000829864038
MOEA Normal,5,64,239.5269736275022
MOEA Normal,5,65,239.81168423515294
MOEA Normal,5,66,240.23066820735212
MOEA Normal,5,67,240.92044217731095
MOEA Normal,5,68,241.12566107515954
MOEA Normal,5,69,241.36093033108972
MOEA Normal,5,70,241.58811475713551
MOEA Normal,5,71,241.7352860944831
MOEA Normal,5,72,241.57900943921308
MOEA Normal,5,73,241.67489890761357
MOEA Normal,5,74,241.91275945078314
MOEA Normal,5,75,242.08067072298678
MOEA Normal,5,76,242.1118838394035
MOEA Normal,5,77,243.04975187826932
MOEA Normal,5,78,243.3632745025954
MOEA Normal,5,79,243.4897298946996
MOEA Normal,5,80,244.3703726583185
MOEA Normal,5,81,244.6298918868033
MOEA Normal,5,82,244.90342533466148
MOEA Normal,5,83,245.13832858168848
MOEA Normal,5,84,245.27659839693976
MOEA Normal,5,85,245.4082531537714
MOEA Normal,5,86,246.7574003577276
MOEA Normal,5,87,247.90833809048382
MOEA Normal,5,88,247.9730062962333
MOEA Normal,5,89,248.43530574073154
MOEA Normal,5,90,248.69190802450288
MOEA Normal,5,91,248.69882747993572
MOEA Normal,5,92,248.77805150293568
MOEA Normal,5,93,249.78276766345525
MOEA Normal,5,94,249.79374405468405
MOEA Normal,5,95,250.0755114550401
MOEA Normal,5,96,250.35999138417486
MOEA Normal,5,97,250.20109693588114
MOEA Normal,5,98,250.21021636724146
MOEA Normal,5,99,250.25774287277355
MOEA Normal,5,100,250.02640866472063
MOEA Normal,5,101,250.25575597984346
MOEA Normal,5,102,250.14501997802708
MOEA Normal,5,103,250.19260657974246
MOEA Normal,5,104,250.22700268970914
MOEA Normal,5,105,250.41467328615516
MOEA Normal,5,106,250.5793452554032
MOEA Normal,5,107,250.58487923511552
MOEA Normal,5,108,250.49747479619668
MOEA Normal,5,109,250.43632669869584
MOEA Normal,5,110,250.6741695473072
MOEA Normal,5,111,250.66198321870792
MOEA Normal,5,112,250.684629019462
MOEA Normal,5,113,250.7964465840193
MOEA Normal,5,114,252.28287962851078
MOEA Normal,5,115,252.4356874698432
MOEA Normal,5,116,252.56781116739614
MOEA Normal,5,117,252.68551544892125
MOEA Normal,5,118,252.55468368275072
MOEA Normal,5,119,252.6933651060751
MOEA Normal,5,120,252.65296700564005
MOEA Normal,5,121,252.51836931936313
MOEA Normal,5,122,252.63003443476623
MOEA Normal,5,123,252.67699981839348
MOEA Normal,5,124,252.75201964436954
MOEA Normal,5,125,252.35924392152126
MOEA Normal,5,126,252.44613772555226
MOEA Normal,5,127,252.52414107503523
MOEA Normal,5,128,252.7077256866148
MOEA Normal,5,129,252.74472028709295
MOEA Normal,5,130,252.80071482041635
MOEA Normal,5,131,252.7615219655225
MOEA Normal,5,132,252.9029516035128
MOEA Normal,5,133,252.93465227623
MOEA Normal,5,134,252.76317147102964
MOEA Normal,5,135,252.9527619104082
MOEA Normal,5,136,253.00650750749983
MOEA Normal,5,137,253.0025397534185
MOEA Normal,5,138,252.71867241205993
MOEA Normal,5,139,252.78693459128783
MOEA Normal,5,140,252.82611280319333
MOEA Normal,5,141,252.9220230191492
MOEA Normal,5,142,252.8132141121351
MOEA Normal,5,143,253.29094623835462
MOEA Normal,5,144,253.1001735703101
MOEA Normal,5,145,252.93286232222
MOEA Normal,5,146,253.16403073112275
MOEA Normal,5,147,253.21281058208393
MOEA Normal,5,148,253.37506161426262
MOEA Normal,5,149,253.24644623790613
MOEA Normal,5,150,253.22824267178044
MOEA Normal,6,1,154.03659601736865
MOEA Normal,6,2,159.20656271456141
MOEA Normal,6,3,160.60134211772458
MOEA Normal,6,4,165.06395855016325
MOEA Normal,6,5,171.28794613011053
MOEA Normal,6,6,182.88098995418773
MOEA Normal,6,7,194.63423277319853
MOEA Normal,6,8,197.8215235480289
MOEA Normal,6,9,200.48938701001035
MOEA Normal,6,10,208.6154560759949
MOEA Normal,6,11,209.878246566489
MOEA Normal,6,12,210.59012494184373
MOEA Normal,6,13,212.55249165174746
MOEA Normal,6,14,213.92628085600228
MOEA Normal,6,15,215.5689420936804
MOEA Normal,6,16,216.76957430817427
MOEA Normal,6,17,217.59094958288398
MOEA Normal,6,18,218.04662258305817
MOEA Normal,6,19,221.02083966304156
MOEA Normal,6,20,221.34516999207938
MOEA Normal,6,21,223.4618781430244
MOEA Normal,6,22,223.5627021514091
MOEA Normal,6,23,223.78774280130273
MOEA Normal,6,24,225.036580889056
MOEA Normal,6,25,225.12817908987904
MOEA Normal,6,26,225.34400865563558
MOEA Normal,6,27,225.90649537296048
MOEA Normal,6,28,225.91777873775663
MOEA Normal,6,29,226.19803741476898
MOEA Normal,6,30,226.3173598426116
MOEA Normal,6,31,227.44721887952926
MOEA Normal,6,32,227.37490731006943
MOEA Normal,6,33,227.23092946498815
MOEA Normal,6,34,228.8046948848097
MOEA Normal,6,35,229.32089794926748
MOEA Normal,6,36,229.45450687113959
MOEA Normal,6,37,229.5188468592976
MOEA Normal,6,38,229.5821554722678
MOEA Normal,6,39,230.09382543271568
MOEA Normal,6,40,230.28665598850694
MOEA Normal,6,41,230.29023658723239
MOEA Normal,6,42,230.3095425031724
MOEA Normal,6,43,230.501351761376
MOEA Normal,6,44,230.47278836678717
MOEA Normal,6,45,230.82024674204285
MOEA Normal,6,46,231.03049108863806
MOEA Normal,6,47,231.05325037477073
MOEA Normal,6,48,231.23889170508195
MOEA Normal,6,49,231.35115943659915
MOEA Normal,6,50,231.4713116752895
MOEA Normal,6,51,231.4534012874162
MOEA Normal,6,52,231.41150763614968
MOEA Normal,6,53,231.28868060286976
MOEA Normal,6,54,232.42974769651553
MOEA Normal,6,55,232.64103383450413
MOEA Normal,6,56,232.55805783235473
MOEA Normal,6,57,232.57251545401442
MOEA Normal,6,58,232.63591010189265
MOEA Normal,6,59,233.25322485773836
MOEA Normal,6,60,233.27087476760403
MOEA Normal,6,61,233.36777564009714
MOEA Normal,6,62,233.2492138742163
MOEA Normal,6,63,233.32778294550474
MOEA Normal,6,64,233.65483698590887
MOEA Normal,6,65,234.16034958521053
MOEA Normal,6,66,234.46511049842437
MOEA Normal,6,67,234.52513957011223
MOEA Normal,6,68,234.6682879046334
MOEA Normal,6,69,234.82533022582385
MOEA Normal,6,70,234.92149901804834
MOEA Normal,6,71,236.09712194121602
MOEA Normal,6,72,236.7337804424872
MOEA Normal,6,73,236.86118411746367
MOEA Normal,6,74,236.87349829783793
MOEA Normal,6,75,236.81654164142338
MOEA Normal,6,76,236.8729355453083
MOEA Normal,6,77,236.89882141842318
MOEA Normal,6,78,236.9573317767128
MOEA Normal,6,79,237.47552810578162
MOEA Normal,6,80,238.04252632940262
MOEA Normal,6,81,238.2671649161578
MOEA Normal,6,82,238.40578659007036
MOEA Normal,6,83,238.50101671032678
MOEA Normal,6,84,238.8597691195286
MOEA Normal,6,85,239.29497847823762
MOEA Normal,6,86,239.30320730228925
MOEA Normal,6,87,240.16967536823392
MOEA Normal,6,88,240.10733279711016
MOEA Normal,6,89,240.1518201892143
MOEA Normal,6,90,240.0367271536136
MOEA Normal,6,91,240.1102715538886
MOEA Normal,6,92,240.08377051326298
MOEA Normal,6,93,240.1009964405921
MOEA Normal,6,94,240.03189358233732
MOEA Normal,6,95,239.94162559360342
MOEA Normal,6,96,240.1365197732394
MOEA Normal,6,97,240.1434448504013
MOEA Normal,6,98,240.267008403668
MOEA Normal,6,99,240.37548036743942
MOEA Normal,6,100,242.95017727162974
MOEA Normal,6,101,242.974349777766
MOEA Normal,6,102,243.01318455744126
MOEA Normal,6,103,243.15838790492413
MOEA Normal,6,104,243.21275879259468
MOEA Normal,6,105,243.25953869968367
MOEA Normal,6,106,243.27166698708487
MOEA Normal,6,107,243.3715024582604
MOEA Normal,6,108,243.29114528092708
MOEA Normal,6,109,243.36603154720643
MOEA Normal,6,110,243.5184622299175
MOEA Normal,6,111,243.5680964475211
MOEA Normal,6,112,243.67215892222038
MOEA Normal,6,113,243.65355988682188
MOEA Normal,6,114,243.67288646776788
MOEA Normal,6,115,243.79932432565425
MOEA Normal,6,116,243.77300646379467
MOEA Normal,6,117,243.64459539658566
MOEA Normal,6,118,243.87496695737178
MOEA Normal,6,119,243.76246645854513
MOEA Normal,6,120,243.91296768954095
MOEA Normal,6,121,244.01002849786542
MOEA Normal,6,122,243.89535858684218
MOEA Normal,6,123,244.0155685594464
MOEA Normal,6,124,244.52225829175154
MOEA Normal,6,125,244.3270144991369
MOEA Normal,6,126,244.20659993561634
MOEA Normal,6,127,244.27317836313722
MOEA Normal,6,128,244.3821792410925
MOEA Normal,6,129,244.52472335779103
MOEA Normal,6,130,244.62061097507603
MOEA Normal,6,131,244.74909962945816
MOEA Normal,6,132,244.71006213433418
MOEA Normal,6,133,244.488755271206
MOEA Normal,6,134,244.49911586037672
MOEA Normal,6,135,244.4613147379785
MOEA Normal,6,136,244.49067789194348
MOEA Normal,6,137,244.4432114138715
MOEA Normal,6,138,244.68942931590396
MOEA Normal,6,139,244.80342442906908
MOEA Normal,6,140,244.73537992303085
MOEA Normal,6,141,244.7539561494641
MOEA Normal,6,142,244.61451848183202
MOEA Normal,6,143,244.64395695258358
MOEA Normal,6,144,245.71094703788134
MOEA Normal,6,145,245.76430569620914
MOEA Normal,6,146,245.5070874062115
MOEA Normal,6,147,245.39714570237527
MOEA Normal,6,148,245.36817406574835
MOEA Normal,6,149,245.44005184653219
MOEA Normal,6,150,245.54072726302934
MOEA Normal,7,1,161.80904137031828
MOEA Normal,7,2,164.75935517037908
MOEA Normal,7,3,169.36101588907408
MOEA Normal,7,4,180.92825855196475
MOEA Normal,7,5,183.90705294543204
MOEA Normal,7,6,188.69687463851363
MOEA Normal,7,7,194.29730062483654
MOEA Normal,7,8,194.8867830596894
MOEA Normal,7,9,197.03776599280997
MOEA Normal,7,10,201.8507798791219
MOEA Normal,7,11,206.00537992547754
MOEA Normal,7,12,207.1706899689767
MOEA Normal,7,13,208.76364055211326
MOEA Normal,7,14,209.43746052836644
MOEA Normal,7,15,213.22797439625475
MOEA Normal,7,16,213.59751840512132
MOEA Normal,7,17,217.42391518674992
MOEA Normal,7,18,218.280914919089
MOEA Normal,7,19,218.88276552792206
MOEA Normal,7,20,221.29603583413842
MOEA Normal,7,21,221.64859833867973
MOEA Normal,7,22,223.94520838947415
MOEA Normal,7,23,225.11301645492182
MOEA Normal,7,24,225.4890946293673
MOEA Normal,7,25,225.85662275397854
MOEA Normal,7,26,229.25823551921525
MOEA Normal,7,27,230.28688434591922
MOEA Normal,7,28,230.38554300234654
MOEA Normal,7,29,231.00112102941847
MOEA Normal,7,30,230.97016528844068
MOEA Normal,7,31,231.23152556677115
MOEA Normal,7,32,233.26252345092217
MOEA Normal,7,33,234.9742858441745
MOEA Normal,7,34,235.8628196606387
MOEA Normal,7,35,237.36047629559852
MOEA Normal,7,36,237.55044177946183
MOEA Normal,7,37,239.29985750314387
MOEA Normal,7,38,239.67141451662508
MOEA Normal,7,39,240.62923511310353
MOEA Normal,7,40,240.7092277518185
MOEA Normal,7,41,240.9617206805542
MOEA Normal,7,42,242.25497812017858
MOEA Normal,7,43,243.13418718703065
MOEA Normal,7,44,243.18944404922303
MOEA Normal,7,45,243.9907921705684
MOEA Normal,7,46,244.3058118409454
MOEA Normal,7,47,244.47602633526213
MOEA Normal,7,48,244.72622472568372
MOEA Normal,7,49,244.50095044204767
MOEA Normal,7,50,244.35905129388922
MOEA Normal,7,51,244.42927649589672
MOEA Normal,7,52,244.4700611173493
MOEA Normal,7,53,244.84663693872733
MOEA Normal,7,54,244.82604405251124
MOEA Normal,7,55,244.9429304373484
MOEA Normal,7,56,244.8043798542808
MOEA Normal,7,57,244.90375915536492
MOEA Normal,7,58,245.67012078001267
MOEA Normal,7,59,245.71829957173222
MOEA Normal,7,60,245.83777700933499
MOEA Normal,7,61,246.1777439539818
MOEA Normal,7,62,246.11743210249878
MOEA Normal,7,63,246.3464668503417
MOEA Normal,7,64,246.57852214636216
MOEA Normal,7,65,246.42927430843758
MOEA Normal,7,66,246.7452792936631
MOEA Normal,7,67,246.69496512226914
MOEA Normal,7,68,246.83444260880447
MOEA Normal,7,69,247.08291197651698
MOEA Normal,7,70,248.45477854581748
MOEA Normal,7,71,248.46806844668782
MOEA Normal,7,72,248.36716252563815
MOEA Normal,7,73,249.08191470692415
MOEA Normal,7,74,249.3115913549529
MOEA Normal,7,75,249.4525299572038
MOEA Normal,7,76,249.52844745992172
MOEA Normal,7,77,249.82658974101642
MOEA Normal,7,78,250.78442136002272
MOEA Normal,7,79,250.99598769432902
MOEA Normal,7,80,251.163387460328
MOEA Normal,7,81,250.9508448640301
MOEA Normal,7,82,251.24761780261534
MOEA Normal,7,83,251.38964406050292
MOEA Normal,7,84,251.392590244168
MOEA Normal,7,85,251.6486177048968
MOEA Normal,7,86,251.55973573331187
MOEA Normal,7,87,251.58000046488456
MOEA Normal,7,88,251.97118055128124
MOEA Normal,7,89,252.05045848022988
MOEA Normal,7,90,252.24974718703794
MOEA Normal,7,91,252.109559852579
MOEA Normal,7,92,252.245144200244
MOEA Normal,7,93,252.35522832590874
MOEA Normal,7,94,252.42916320277453
MOEA Normal,7,95,252.92316862158947
MOEA Normal,7,96,253.0200627470771
MOEA Normal,7,97,252.99841833502336
MOEA Normal,7,98,252.92818679351606
MOEA Normal,7,99,253.07206282520855
MOEA Normal,7,100,253.14446753268325
MOEA Normal,7,101,253.19026475710524
MOEA Normal,7,102,253.20693791079162
MOEA Normal,7,103,253.34477288689115
MOEA Normal,7,104,254.27610427680276
MOEA Normal,7,105,254.24735501301467
MOEA Normal,7,106,254.3218018000972
MOEA Normal,7,107,254.30496889943487
MOEA Normal,7,108,254.30716069692494
MOEA Normal,7,109,254.2091180708345
MOEA Normal,7,110,254.31733777158036
MOEA Normal,7,111,254.33668102362083
MOEA Normal,7,112,254.26331747473486
MOEA Normal,7,113,254.52865068786747
MOEA Normal,7,114,254.75202838467584
MOEA Normal,7,115,254.82699518417928
MOEA Normal,7,116,254.79185452875305
MOEA Normal,7,117,254.84849918804613
MOEA Normal,7,118,254.95890712732913
MOEA Normal,7,119,255.02804593878565
MOEA Normal,7,120,254.9710017240318
MOEA Normal,7,121,254.96829869040732
MOEA Normal,7,122,255.27086467617113
MOEA Normal,7,123,254.9924004238801
MOEA Normal,7,124,255.09707613446432
MOEA Normal,7,125,255.2360322384801
MOEA Normal,7,126,254.87545522119441
MOEA Normal,7,127,255.04452117490803
MOEA Normal,7,128,255.27615154016047
MOEA Normal,7,129,255.36534956882602
MOEA Normal,7,130,255.247742551948
MOEA Normal,7,131,255.03514057532672
MOEA Normal,7,132,255.10696107782888
MOEA Normal,7,133,254.97774952643067
MOEA Normal,7,134,255.0340390393563
MOEA Normal,7,135,255.69268896077625
MOEA Normal,7,136,255.71487919348147
MOEA Normal,7,137,255.97313067277548
MOEA Normal,7,138,256.0705120034728
MOEA Normal,7,139,255.9849610910079
MOEA Normal,7,140,256.08077329254377
MOEA Normal,7,141,256.4232727714993
MOEA Normal,7,142,256.5936450499898
MOEA Normal,7,143,256.81000181835725
MOEA Normal,7,144,256.60998021875315
MOEA Normal,7,145,256.3602913833756
MOEA Normal,7,146,256.477047445182
MOEA Normal,7,147,256.6390404829349
MOEA Normal,7,148,256.665333175377
MOEA Normal,7,149,257.7210294372895
MOEA Normal,7,150,257.60110354024613
MOEA Normal,8,1,148.0825673218005
MOEA Normal,8,2,152.53457872477628
MOEA Normal,8,3,164.8195882161798
MOEA Normal,8,4,170.31050150805333
MOEA Normal,8,5,175.41875547134669
MOEA Normal,8,6,185.38131806248373
MOEA Normal,8,7,188.9403876707239
MOEA Normal,8,8,195.35501455397394
MOEA Normal,8,9,205.88881193381266
MOEA Normal,8,10,206.94735044058518
MOEA Normal,8,11,208.35040475705955
MOEA Normal,8,12,211.31221090581397
MOEA Normal,8,13,214.33432764931013
MOEA Normal,8,14,217.52319022444496
MOEA Normal,8,15,218.0884436979119
MOEA Normal,8,16,222.17475880157866
MOEA Normal,8,17,224.11828840412846
MOEA Normal,8,18,224.41976232073404
MOEA Normal,8,19,224.79391042973953
MOEA Normal,8,20,225.46492373955456
MOEA Normal,8,21,225.67786846124983
MOEA Normal,8,22,226.17902096148993
MOEA Normal,8,23,226.40564601758808
MOEA Normal,8,24,226.75196703405663
MOEA Normal,8,25,228.29407488602115
MOEA Normal,8,26,228.3500417321074
MOEA Normal,8,27,228.54063838970345
MOEA Normal,8,28,229.86152331973835
MOEA Normal,8,29,230.12066033184385
MOEA Normal,8,30,230.80113553314192
MOEA Normal,8,31,231.05643619738544
MOEA Normal,8,32,231.59432797163672
MOEA Normal,8,33,231.5045754998862
MOEA Normal,8,34,231.633701130821
MOEA Normal,8,35,234.39900946898362
MOEA Normal,8,36,234.61383316225917
MOEA Normal,8,37,237.72779809085694
MOEA Normal,8,38,238.94367028223616
MOEA Normal,8,39,239.0958445926858
MOEA Normal,8,40,239.47535992049382
MOEA Normal,8,41,239.45745970317398
MOEA Normal,8,42,240.06521915493494
MOEA Normal,8,43,240.12037686898802
MOEA Normal,8,44,240.46314058716862
MOEA Normal,8,45,240.65248225292356
MOEA Normal,8,46,240.65444345059416
MOEA Normal,8,47,241.0583168934992
MOEA Normal,8,48,246.9437159537751
MOEA Normal,8,49,247.01459048523873
MOEA Normal,8,50,248.41252299401623
MOEA Normal,8,51,248.61590586712782
MOEA Normal,8,52,248.9301097124768
MOEA Normal,8,53,249.79444079127654
MOEA Normal,8,54,249.9582000103159
MOEA Normal,8,55,249.94637898789583
MOEA Normal,8,56,250.29803721296372
MOEA Normal,8,57,250.44255859053135
MOEA Normal,8,58,250.54749627882316
MOEA Normal,8,59,250.59223472276034
MOEA Normal,8,60,250.62009544892277
MOEA Normal,8,61,250.46912148047636
MOEA Normal,8,62,250.49648602273214
MOEA Normal,8,63,250.60847884784775
MOEA Normal,8,64,250.436052658674
MOEA Normal,8,65,250.44190322154486
MOEA Normal,8,66,250.59375474788237
MOEA Normal,8,67,250.62253219883763
MOEA Normal,8,68,250.569840849845
MOEA Normal,8,69,250.61907559650422
MOEA Normal,8,70,250.43827639395528
MOEA Normal,8,71,250.74688095540134
MOEA Normal,8,72,250.6454530255764
MOEA Normal,8,73,250.4718285441902
MOEA Normal,8,74,250.53203053257405
MOEA Normal,8,75,250.38254297647052
MOEA Normal,8,76,250.24792183076895
MOEA Normal,8,77,250.33964110135926
MOEA Normal,8,78,250.39176467440507
MOEA Normal,8,79,250.130590361406
MOEA Normal,8,80,250.60224021628557
MOEA Normal,8,81,250.2842157002283
MOEA Normal,8,82,250.51067903340504
MOEA Normal,8,83,250.55260705975164
MOEA Normal,8,84,250.75710677829974
MOEA Normal,8,85,250.67458856658868
MOEA Normal,8,86,250.89476262583963
MOEA Normal,8,87,251.0422292771334
MOEA Normal,8,88,251.0017279144286
MOEA Normal,8,89,251.11049295470355
MOEA Normal,8,90,251.12632752839772
MOEA Normal,8,91,251.20113054481385
MOEA Normal,8,92,251.24509958499146
MOEA Normal,8,93,251.1485781169977
MOEA Normal,8,94,251.34104633659274
MOEA Normal,8,95,251.19375701959467
MOEA Normal,8,96,251.12627336982283
MOEA Normal,8,97,251.15663250430265
MOEA Normal,8,98,251.3874116498822
MOEA Normal,8,99,251.512693895929
MOEA Normal,8,100,251.26141816834928
MOEA Normal,8,101,251.20532143671628
MOEA Normal,8,102,251.28388374614457
MOEA Normal,8,103,251.4207660507322
MOEA Normal,8,104,251.62278361583986
MOEA Normal,8,105,251.34378242629353
MOEA Normal,8,106,251.5183417566164
MOEA Normal,8,107,251.621870207131
MOEA Normal,8,108,251.78386803954538
MOEA Normal,8,109,251.77467435282938
MOEA Normal,8,110,251.97805770451504
MOEA Normal,8,111,251.72597169531917
MOEA Normal,8,112,251.78247997351528
MOEA Normal,8,113,251.99612603047706
MOEA Normal,8,114,251.85482257030515
MOEA Normal,8,115,251.92581587744735
MOEA Normal,8,116,252.06813087504372
MOEA Normal,8,117,252.18701876058645
MOEA Normal,8,118,252.3724835356093
MOEA Normal,8,119,252.2823792839752
MOEA Normal,8,120,252.15787936620023
MOEA Normal,8,121,252.0375654601054
MOEA Normal,8,122,251.8824443809803
MOEA Normal,8,123,252.09491726736275
MOEA Normal,8,124,252.0016346616871
MOEA Normal,8,125,252.03496524072932
MOEA Normal,8,126,252.09775010651236
MOEA Normal,8,127,252.16024281766101
MOEA Normal,8,128,252.09259650195727
MOEA Normal,8,129,252.09026408264825
MOEA Normal,8,130,252.22173635909274
MOEA Normal,8,131,252.2735366075015
MOEA Normal,8,132,252.27520717665595
MOEA Normal,8,133,253.48638537771456
MOEA Normal,8,134,253.51792968924846
MOEA Normal,8,135,253.64003786992805
MOEA Normal,8,136,253.63313028837712
MOEA Normal,8,137,253.6627323791353
MOEA Normal,8,138,253.48045650161959
MOEA Normal,8,139,253.54104912112774
MOEA Normal,8,140,253.53810583127768
MOEA Normal,8,141,253.61733164265732
MOEA Normal,8,142,253.65141865891002
MOEA Normal,8,143,253.6408920296114
MOEA Normal,8,144,253.6591944660503
MOEA Normal,8,145,253.62601831864396
MOEA Normal,8,146,253.41357944768902
MOEA Normal,8,147,253.43671824942803
MOEA Normal,8,148,253.61477726145765
MOEA Normal,8,149,253.42893104140302
MOEA Normal,8,150,253.56804607690265
MOEA Normal,9,1,152.89482570704126
MOEA Normal,9,2,162.01267876404307
MOEA Normal,9,3,172.36601352215285
MOEA Normal,9,4,176.53152214986835
MOEA Normal,9,5,185.35873639840852
MOEA Normal,9,6,193.30743005415712
MOEA Normal,9,7,198.61497856581576
MOEA Normal,9,8,205.40718342777276
MOEA Normal,9,9,212.10463611897103
MOEA Normal,9,10,216.38856869756407
MOEA Normal,9,11,218.60422201377799
MOEA Normal,9,12,221.20994701418417
MOEA Normal,9,13,221.35841534952039
MOEA Normal,9,14,222.79980698502968
MOEA Normal,9,15,227.80971054236628
MOEA Normal,9,16,228.98570190274629
MOEA Normal,9,17,229.94406858594513
MOEA Normal,9,18,231.51592728249096
MOEA Normal,9,19,232.1612941872034
MOEA Normal,9,20,232.57810115272858
MOEA Normal,9,21,232.82931152138943
MOEA Normal,9,22,234.70664254044877
MOEA Normal,9,23,235.3427059352111
MOEA Normal,9,24,236.2850074770604
MOEA Normal,9,25,239.16903074933214
MOEA Normal,9,26,239.27616522650237
MOEA Normal,9,27,241.8085058480358
MOEA Normal,9,28,241.89680421258865
MOEA Normal,9,29,242.17902183781985
MOEA Normal,9,30,242.70288698920385
MOEA Normal,9,31,242.87266391032995
MOEA Normal,9,32,243.01598146097814
MOEA Normal,9,33,243.1601188403527
MOEA Normal,9,34,243.30555329900383
MOEA Normal,9,35,243.3062729636339
MOEA Normal,9,36,244.57869036040188
MOEA Normal,9,37,244.9919191463456
MOEA Normal,9,38,245.0213893021506
MOEA Normal,9,39,245.56209441757622
MOEA Normal,9,40,245.7112838613595
MOEA Normal,9,41,245.887973738366
MOEA Normal,9,42,246.09868126325364
MOEA Normal,9,43,246.08720345464826
MOEA Normal,9,44,247.05496695417142
MOEA Normal,9,45,247.02178387512475
MOEA Normal,9,46,247.26084326270262
MOEA Normal,9,47,247.428674896367
MOEA Normal,9,48,247.43300649062823
MOEA Normal,9,49,247.58864239580487
MOEA Normal,9,50,247.6744844159395
MOEA Normal,9,51,247.74371707121406
MOEA Normal,9,52,247.63732255462276
MOEA Normal,9,53,247.63737331048668
MOEA Normal,9,54,247.68124259956
MOEA Normal,9,55,247.65984800826163
MOEA Normal,9,56,248.8555650571822
MOEA Normal,9,57,249.2083372341968
MOEA Normal,9,58,249.3708460876677
MOEA Normal,9,59,249.4836078799467
MOEA Normal,9,60,249.61581117632852
MOEA Normal,9,61,249.62721017506314
MOEA Normal,9,62,249.69269696555824
MOEA Normal,9,63,249.77215516594754
MOEA Normal,9,64,249.52275406133012
MOEA Normal,9,65,249.47118510506556
MOEA Normal,9,66,249.58295807682646
MOEA Normal,9,67,249.71516367938096
MOEA Normal,9,68,249.79811209140632
MOEA Normal,9,69,249.83068240573323
MOEA Normal,9,70,250.38494578459802
MOEA Normal,9,71,250.4192670993453
MOEA Normal,9,72,250.32271500344854
MOEA Normal,9,73,250.37192188183286
MOEA Normal,9,74,250.48096703127925
MOEA Normal,9,75,250.5431032371569
MOEA Normal,9,76,250.71573959994163
MOEA Normal,9,77,250.5309800034869
MOEA Normal,9,78,250.47109211951974
MOEA Normal,9,79,250.4740816180361
MOEA Normal,9,80,250.6455280449297
MOEA Normal,9,81,250.66627520071285
MOEA Normal,9,82,250.71214127147857
MOEA Normal,9,83,250.6471639151194
MOEA Normal,9,84,250.66197465192812
MOEA Normal,9,85,251.50395561754516
MOEA Normal,9,86,251.53814735366262
MOEA Normal,9,87,251.56266071504058
MOEA Normal,9,88,251.61063742167153
MOEA Normal,9,89,251.7293650577248
MOEA Normal,9,90,253.9765156252412
MOEA Normal,9,91,254.07949659103895
MOEA Normal,9,92,254.18904007496786
MOEA Normal,9,93,254.33031499652515
MOEA Normal,9,94,254.35581337088277
MOEA Normal,9,95,254.4449128014523
MOEA Normal,9,96,254.78595662989076
MOEA Normal,9,97,254.83305516920444
MOEA Normal,9,98,254.92630780305782
MOEA Normal,9,99,255.1643648276505
MOEA Normal,9,100,255.1317116485135
MOEA Normal,9,101,255.09315582243238
MOEA Normal,9,102,255.20818961496013
MOEA Normal,9,103,255.29655278972982
MOEA Normal,9,104,255.28635724592766
MOEA Normal,9,105,255.35586154314785
MOEA Normal,9,106,255.38076673849207
MOEA Normal,9,107,255.36117504292068
MOEA Normal,9,108,255.4280513032372
MOEA Normal,9,109,255.37936940872152
MOEA Normal,9,110,255.36989729086912
MOEA Normal,9,111,255.3575863779033
MOEA Normal,9,112,255.3667084784965
MOEA Normal,9,113,255.45329982414606
MOEA Normal,9,114,255.51120054485682
MOEA Normal,9,115,255.41596362467806
MOEA Normal,9,116,255.34003424761437
MOEA Normal,9,117,255.4482583788728
MOEA Normal,9,118,255.46189426840021
MOEA Normal,9,119,255.37119416114558
MOEA Normal,9,120,255.468351490377
MOEA Normal,9,121,256.56461563030615
MOEA Normal,9,122,256.47855895059706
MOEA Normal,9,123,256.6589736371832
MOEA Normal,9,124,256.7012642054502
MOEA Normal,9,125,256.71940959692694
MOEA Normal,9,126,256.7833287688938
MOEA Normal,9,127,256.85877069713194
MOEA Normal,9,128,256.8536127014495
MOEA Normal,9,129,256.5395076269258
MOEA Normal,9,130,256.65268963770814
MOEA Normal,9,131,256.7193297487193
MOEA Normal,9,132,257.89285732789097
MOEA Normal,9,133,257.74886040107515
MOEA Normal,9,134,257.7310511239754
MOEA Normal,9,135,257.9723756261686
MOEA Normal,9,136,257.981577261775
MOEA Normal,9,137,257.99838154593203
MOEA Normal,9,138,258.1885847326956
MOEA Normal,9,139,257.8875813495836
MOEA Normal,9,140,258.0458766606072
MOEA Normal,9,141,258.16391426550916
MOEA Normal,9,142,257.9931414579044
MOEA Normal,9,143,258.01381796050816
MOEA Normal,9,144,257.8613718519898
MOEA Normal,9,145,258.1772148180886
MOEA Normal,9,146,258.28006331633003
MOEA Normal,9,147,258.28817145016507
MOEA Normal,9,148,258.19942475124304
MOEA Normal,9,149,258.52605139325965
MOEA Normal,9,150,258.264998636721
MOEA Normal,10,1,155.6207815313855
MOEA Normal,10,2,159.31975945440036
MOEA Normal,10,3,174.96174047176424
MOEA Normal,10,4,178.23967156646114
MOEA Normal,10,5,183.48777094424435
MOEA Normal,10,6,191.97720726230816
MOEA Normal,10,7,194.10141778728237
MOEA Normal,10,8,197.02453728140512
MOEA Normal,10,9,200.60512811100477
MOEA Normal,10,10,201.66002479696473
MOEA Normal,10,11,205.66840467500572
MOEA Normal,10,12,209.476481883783
MOEA Normal,10,13,210.5051946250241
MOEA Normal,10,14,215.84864944399806
MOEA Normal,10,15,217.65471623762687
MOEA Normal,10,16,218.31783040379705
MOEA Normal,10,17,222.25003432306303
MOEA Normal,10,18,222.90018291451895
MOEA Normal,10,19,223.8102617714946
MOEA Normal,10,20,225.40625940920035
MOEA Normal,10,21,225.48107599247393
MOEA Normal,10,22,227.33230695606568
MOEA Normal,10,23,228.89303839850461
MOEA Normal,10,24,229.30915808374743
MOEA Normal,10,25,229.81846910116556
MOEA Normal,10,26,230.29521836109433
MOEA Normal,10,27,231.14175894591344
MOEA Normal,10,28,232.13081073572297
MOEA Normal,10,29,233.02826319879136
MOEA Normal,10,30,233.08329718370834
MOEA Normal,10,31,233.48145105799358
MOEA Normal,10,32,235.40203936352054
MOEA Normal,10,33,235.34956648722874
MOEA Normal,10,34,235.53118359946959
MOEA Normal,10,35,235.66355498443733
MOEA Normal,10,36,236.13921800911513
MOEA Normal,10,37,236.27957345060923
MOEA Normal,10,38,236.39088864485055
MOEA Normal,10,39,237.32714471295475
MOEA Normal,10,40,237.50778044862724
MOEA Normal,10,41,237.69100757003093
MOEA Normal,10,42,237.8654800918083
MOEA Normal,10,43,237.97831898028159
MOEA Normal,10,44,237.8749263137986
MOEA Normal,10,45,237.95064242479486
MOEA Normal,10,46,237.99475569588625
MOEA Normal,10,47,238.99950148892123
MOEA Normal,10,48,238.9829465112236
MOEA Normal,10,49,239.6439758219998
MOEA Normal,10,50,239.61140047310963
MOEA Normal,10,51,241.49376192102022
MOEA Normal,10,52,241.60547621735014
MOEA Normal,10,53,241.66173007858418
MOEA Normal,10,54,242.49484214693808
MOEA Normal,10,55,243.79033343233036
MOEA Normal,10,56,243.87752358392382
MOEA Normal,10,57,243.80566981426924
MOEA Normal,10,58,244.2065213144981
MOEA Normal,10,59,244.68741819416715
MOEA Normal,10,60,244.64085789255722
MOEA Normal,10,61,244.60391510396113
MOEA Normal,10,62,246.3342012678669
MOEA Normal,10,63,246.21652769717554
MOEA Normal,10,64,246.2711178863221
MOEA Normal,10,65,246.8869278219039
MOEA Normal,10,66,246.9332094848557
MOEA Normal,10,67,246.89419156239018
MOEA Normal,10,68,247.6096310835642
MOEA Normal,10,69,247.687330430915
MOEA Normal,10,70,247.76326733531317
MOEA Normal,10,71,247.8729447351189
MOEA Normal,10,72,247.82490435333233
MOEA Normal,10,73,247.90228141571959
MOEA Normal,10,74,247.86776865476003
MOEA Normal,10,75,247.86374821278568
MOEA Normal,10,76,247.92904336628266
MOEA Normal,10,77,248.0693094299756
MOEA Normal,10,78,247.99148234492114
MOEA Normal,10,79,248.06083951782
MOEA Normal,10,80,248.09636018627322
MOEA Normal,10,81,248.1169554281389
MOEA Normal,10,82,248.440889677863
MOEA Normal,10,83,248.52585727064707
MOEA Normal,10,84,248.4281824904618
MOEA Normal,10,85,248.34449267812414
MOEA Normal,10,86,248.40276243966332
MOEA Normal,10,87,249.14532279489183
MOEA Normal,10,88,249.4536129099684
MOEA Normal,10,89,249.4445000257704
MOEA Normal,10,90,249.50946267611235
MOEA Normal,10,91,249.50541160330812
MOEA Normal,10,92,249.46581910897635
MOEA Normal,10,93,249.4701384586458
MOEA Normal,10,94,249.55352751642792
MOEA Normal,10,95,249.53851252559417
MOEA Normal,10,96,249.53362632434857
MOEA Normal,10,97,249.577480348391
MOEA Normal,10,98,249.51597562269734
MOEA Normal,10,99,249.48275363031624
MOEA Normal,10,100,249.58778320344462
MOEA Normal,10,101,249.69445288433695
MOEA Normal,10,102,249.62853094696422
MOEA Normal,10,103,250.08439946665501
MOEA Normal,10,104,250.0274536965881
MOEA Normal,10,105,250.05511873682408
MOEA Normal,10,106,250.38473705232383
MOEA Normal,10,107,250.42003514079673
MOEA Normal,10,108,251.84881782659153
MOEA Normal,10,109,251.95080913811827
MOEA Normal,10,110,252.02252749114166
MOEA Normal,10,111,252.07788089208637
MOEA Normal,10,112,252.18699840411531
MOEA Normal,10,113,252.30881779290056
MOEA Normal,10,114,252.44034603792483
MOEA Normal,10,115,252.49961175043114
MOEA Normal,10,116,252.45643912164738
MOEA Normal,10,117,252.52432118089737
MOEA Normal,10,118,252.74076769876044
MOEA Normal,10,119,252.82998678112352
MOEA Normal,10,120,252.88096129319177
MOEA Normal,10,121,252.7926911522153
MOEA Normal,10,122,252.98121379073797
MOEA Normal,10,123,253.19448632387343
MOEA Normal,10,124,253.1821242067002
MOEA Normal,10,125,253.5537810633645
MOEA Normal,10,126,253.72632630885715
MOEA Normal,10,127,253.48461204816368
MOEA Normal,10,128,253.65002346432078
MOEA Normal,10,129,253.3792759173038
MOEA Normal,10,130,253.59971105752
MOEA Normal,10,131,253.22197064796825
MOEA Normal,10,132,253.35387653746926
MOEA Normal,10,133,253.4332716882538
MOEA Normal,10,134,253.09118500208285
MOEA Normal,10,135,253.10124343753074
MOEA Normal,10,136,253.5730941791136
MOEA Normal,10,137,254.6094735443741
MOEA Normal,10,138,254.81646836690584
MOEA Normal,10,139,254.74506230361968
MOEA Normal,10,140,255.1897737460446
MOEA Normal,10,141,255.51184785586236
MOEA Normal,10,142,255.52661924005946
MOEA Normal,10,143,255.52976683868877
MOEA Normal,10,144,255.38463517728184
MOEA Normal,10,145,255.09986692616263
MOEA Normal,10,146,254.91126432586472
MOEA Normal,10,147,254.91945920972933
MOEA Normal,10,148,255.08421308689623
MOEA Normal,10,149,255.2244397528092
MOEA Normal,10,150,255.34860895318963
MOEA Warm-Start,1,1,178.29860211218613
MOEA Warm-Start,1,2,198.2756885030844
MOEA Warm-Start,1,3,202.97385687917404
MOEA Warm-Start,1,4,210.4387950245268
MOEA Warm-Start,1,5,214.7603166324679
MOEA Warm-Start,1,6,216.8875637061309
MOEA Warm-Start,1,7,223.04815244638135
MOEA Warm-Start,1,8,236.23231483618042
MOEA Warm-Start,1,9,237.0206300034543
MOEA Warm-Start,1,10,238.16085732834364
MOEA Warm-Start,1,11,238.68027635973277
MOEA Warm-Start,1,12,239.25492792291328
MOEA Warm-Start,1,13,239.61921600158516
MOEA Warm-Start,1,14,240.21904673148128
MOEA Warm-Start,1,15,241.26832832979517
MOEA Warm-Start,1,16,241.49230009165268
MOEA Warm-Start,1,17,241.45439136049356
MOEA Warm-Start,1,18,241.63245329089193
MOEA Warm-Start,1,19,242.41584549572917
MOEA Warm-Start,1,20,243.83246687488565
MOEA Warm-Start,1,21,243.9420452091424
MOEA Warm-Start,1,22,244.0959562041823
MOEA Warm-Start,1,23,244.49591108268962
MOEA Warm-Start,1,24,244.53203221877365
MOEA Warm-Start,1,25,245.77192199868995
MOEA Warm-Start,1,26,245.65218859195272
MOEA Warm-Start,1,27,246.37481843114398
MOEA Warm-Start,1,28,246.33967708942703
MOEA Warm-Start,1,29,246.3767105247793
MOEA Warm-Start,1,30,246.3935927762821
MOEA Warm-Start,1,31,246.95682160082217
MOEA Warm-Start,1,32,247.26937733817886
MOEA Warm-Start,1,33,247.51130646955215
MOEA Warm-Start,1,34,247.6133319173507
MOEA Warm-Start,1,35,247.72954989769065
MOEA Warm-Start,1,36,247.70118843397893
MOEA Warm-Start,1,37,247.83923163401272
MOEA Warm-Start,1,38,247.89161058735993
MOEA Warm-Start,1,39,248.00652738974316
MOEA Warm-Start,1,40,248.01213151887146
MOEA Warm-Start,1,41,247.84455223305952
MOEA Warm-Start,1,42,247.95738909895493
MOEA Warm-Start,1,43,248.03598515074287
MOEA Warm-Start,1,44,248.28954418510608
MOEA Warm-Start,1,45,248.17733716517844
MOEA Warm-Start,1,46,248.3084609715946
MOEA Warm-Start,1,47,248.1317417567098
MOEA Warm-Start,1,48,248.1206349281765
MOEA Warm-Start,1,49,248.19660432300594
MOEA Warm-Start,1,50,249.74314869837548
MOEA Warm-Start,1,51,249.79683691918058
MOEA Warm-Start,1,52,249.84821023388815
MOEA Warm-Start,1,53,249.98315064756673
MOEA Warm-Start,1,54,249.89349364810502
MOEA Warm-Start,1,55,250.1549648234111
MOEA Warm-Start,1,56,250.12532476355406
MOEA Warm-Start,1,57,250.24760381082842
MOEA Warm-Start,1,58,250.2176528742569
MOEA Warm-Start,1,59,250.3656161145414
MOEA Warm-Start,1,60,251.40836262810666
MOEA Warm-Start,1,61,251.2204951056845
MOEA Warm-Start,1,62,251.0479538695452
MOEA Warm-Start,1,63,251.07134738033005
MOEA Warm-Start,1,64,251.08223389754693
MOEA Warm-Start,1,65,251.10012191936192
MOEA Warm-Start,1,66,251.13242476446987
MOEA Warm-Start,1,67,251.25261659043292
MOEA Warm-Start,1,68,251.52095685167245
MOEA Warm-Start,1,69,251.4009549922521
MOEA Warm-Start,1,70,251.51303822434767
MOEA Warm-Start,1,71,251.4565064714452
MOEA Warm-Start,1,72,251.2579801088849
MOEA Warm-Start,1,73,253.3703321909694
MOEA Warm-Start,1,74,253.53730905929825
MOEA Warm-Start,1,75,253.44279294528053
MOEA Warm-Start,1,76,253.75068769260582
MOEA Warm-Start,1,77,253.86192784715684
MOEA Warm-Start,1,78,253.85826429631243
MOEA Warm-Start,1,79,253.94372442357547
MOEA Warm-Start,1,80,253.9469068384593
MOEA Warm-Start,1,81,254.13167537352007
MOEA Warm-Start,1,82,254.04785491594612
MOEA Warm-Start,1,83,254.05606047027788
MOEA Warm-Start,1,84,254.07942207569258
MOEA Warm-Start,1,85,253.79637420010283
MOEA Warm-Start,1,86,254.02728236449494
MOEA Warm-Start,1,87,254.1720506155388
MOEA Warm-Start,1,88,254.2324631056223
MOEA Warm-Start,1,89,254.09995249100757
MOEA Warm-Start,1,90,253.75819390473484
MOEA Warm-Start,1,91,253.93847790616405
MOEA Warm-Start,1,92,253.96092969281472
MOEA Warm-Start,1,93,254.15145943305134
MOEA Warm-Start,1,94,254.18621979041345
MOEA Warm-Start,1,95,254.36389700704788
MOEA Warm-Start,1,96,254.41430567624522
MOEA Warm-Start,1,97,254.4814564704295
MOEA Warm-Start,1,98,254.16540593983896
MOEA Warm-Start,1,99,254.5347343935587
MOEA Warm-Start,1,100,254.55294672488355
MOEA Warm-Start,1,101,254.619150528111
MOEA Warm-Start,1,102,254.71508310017538
MOEA Warm-Start,1,103,254.99597753453028
MOEA Warm-Start,1,104,254.96500136438087
MOEA Warm-Start,1,105,254.8613746173172
MOEA Warm-Start,1,106,254.80833701770928
MOEA Warm-Start,1,107,255.27379179020087
MOEA Warm-Start,1,108,255.31793395283734
MOEA Warm-Start,1,109,255.33496034534835
MOEA Warm-Start,1,110,255.33139734810547
MOEA Warm-Start,1,111,255.44832081476062
MOEA Warm-Start,1,112,255.36257439760084
MOEA Warm-Start,1,113,255.52929619600923
MOEA Warm-Start,1,114,255.8105190123281
MOEA Warm-Start,1,115,255.8671019386674
MOEA Warm-Start,1,116,255.8438035294887
MOEA Warm-Start,1,117,255.76867831483077
MOEA Warm-Start,1,118,255.80655187191155
MOEA Warm-Start,1,119,255.72376201913096
MOEA Warm-Start,1,120,255.7079684670709
MOEA Warm-Start,1,121,255.27362604287964
MOEA Warm-Start,1,122,255.71538630206197
MOEA Warm-Start,1,123,255.97502081274627
MOEA Warm-Start,1,124,255.99572690379563
MOEA Warm-Start,1,125,256.0276018323965
MOEA Warm-Start,1,126,255.90385856814189
MOEA Warm-Start,1,127,256.15459366486203
MOEA Warm-Start,1,128,255.85672112818108
MOEA Warm-Start,1,129,255.92077370046687
MOEA Warm-Start,1,130,255.82373087606618
MOEA Warm-Start,1,131,256.2004218883371
MOEA Warm-Start,1,132,257.0960867707378
MOEA Warm-Start,1,133,257.3571045452182
MOEA Warm-Start,1,134,257.3059598071477
MOEA Warm-Start,1,135,257.3680743291266
MOEA Warm-Start,1,136,257.5930349193963
MOEA Warm-Start,1,137,257.64065331534016
MOEA Warm-Start,1,138,257.6965407372557
MOEA Warm-Start,1,139,257.7227434148425
MOEA Warm-Start,1,140,257.53364665071933
MOEA Warm-Start,1,141,257.22437827643415
MOEA Warm-Start,1,142,257.32653802104466
MOEA Warm-Start,1,143,257.2974484440891
MOEA Warm-Start,1,144,257.18913331234876
MOEA Warm-Start,1,145,257.27520303225964
MOEA Warm-Start,1,146,257.2593271756873
MOEA Warm-Start,1,147,257.22769494114357
MOEA Warm-Start,1,148,257.1673971218431
MOEA Warm-Start,1,149,257.0968686845728
MOEA Warm-Start,1,150,257.30417917232995
MOEA Warm-Start,2,1,188.3073034666686
MOEA Warm-Start,2,2,204.39584354000152
MOEA Warm-Start,2,3,206.49886910539405
MOEA Warm-Start,2,4,208.89619973833186
MOEA Warm-Start,2,5,215.1340683836733
MOEA Warm-Start,2,6,225.0396690580888
MOEA Warm-Start,2,7,227.13905222563682
MOEA Warm-Start,2,8,229.82874298056487
MOEA Warm-Start,2,9,231.1070796310326
MOEA Warm-Start,2,10,232.17004071540083
MOEA Warm-Start,2,11,235.58577220703984
MOEA Warm-Start,2,12,236.89897926058637
MOEA Warm-Start,2,13,237.20024335198144
MOEA Warm-Start,2,14,241.5639533683746
MOEA Warm-Start,2,15,242.96553503350302
MOEA Warm-Start,2,16,243.16834325460044
MOEA Warm-Start,2,17,243.59493538889856
MOEA Warm-Start,2,18,244.09299394868302
MOEA Warm-Start,2,19,244.20525097673686
MOEA Warm-Start,2,20,245.3762068391105
MOEA Warm-Start,2,21,247.08002858034757
MOEA Warm-Start,2,22,247.20346074901997
MOEA Warm-Start,2,23,247.56221529622644
MOEA Warm-Start,2,24,247.75584263019275
MOEA Warm-Start,2,25,247.75102840695246
MOEA Warm-Start,2,26,248.17390384206305
MOEA Warm-Start,2,27,248.30040661801672
MOEA Warm-Start,2,28,248.37219764704724
MOEA Warm-Start,2,29,248.19186421142524
MOEA Warm-Start,2,30,249.26290704970634
MOEA Warm-Start,2,31,249.09494700011808
MOEA Warm-Start,2,32,249.19194971643697
MOEA Warm-Start,2,33,250.0009449823235
MOEA Warm-Start,2,34,250.853958820726
MOEA Warm-Start,2,35,250.8684822907899
MOEA Warm-Start,2,36,250.94604844358213
MOEA Warm-Start,2,37,250.9493495141346
MOEA Warm-Start,2,38,250.91668957714325
MOEA Warm-Start,2,39,250.99667261051889
MOEA Warm-Start,2,40,251.3085899215087
MOEA Warm-Start,2,41,251.48025227345562
MOEA Warm-Start,2,42,252.09885631629288
MOEA Warm-Start,2,43,252.23557343985706
MOEA Warm-Start,2,44,252.30821445166302
MOEA Warm-Start,2,45,252.0772082594217
MOEA Warm-Start,2,46,251.99285582363916
MOEA Warm-Start,2,47,252.99536896316857
MOEA Warm-Start,2,48,253.12411505074152
MOEA Warm-Start,2,49,253.18849473079342
MOEA Warm-Start,2,50,252.96184900149768
MOEA Warm-Start,2,51,253.3413704452623
MOEA Warm-Start,2,52,253.3070022055239
MOEA Warm-Start,2,53,253.3675216526762
MOEA Warm-Start,2,54,253.4431065577242
MOEA Warm-Start,2,55,253.0976585647188
MOEA Warm-Start,2,56,253.41351912217652
MOEA Warm-Start,2,57,253.64390245184586
MOEA Warm-Start,2,58,253.67629745379804
MOEA Warm-Start,2,59,253.55008529729616
MOEA Warm-Start,2,60,253.63159121069043
MOEA Warm-Start,2,61,253.71365210912296
MOEA Warm-Start,2,62,253.54301415837142
MOEA Warm-Start,2,63,253.6786251169868
MOEA Warm-Start,2,64,253.75378212763985
MOEA Warm-Start,2,65,253.77313852400346
MOEA Warm-Start,2,66,254.12605460112587
MOEA Warm-Start,2,67,253.9810824427027
MOEA Warm-Start,2,68,253.9709303589966
MOEA Warm-Start,2,69,253.7757742123468
MOEA Warm-Start,2,70,253.95410983652746
MOEA Warm-Start,2,71,253.89179967676287
MOEA Warm-Start,2,72,253.53941481274933
MOEA Warm-Start,2,73,253.64334984805672
MOEA Warm-Start,2,74,253.71966447799633
MOEA Warm-Start,2,75,253.55939182252885
MOEA Warm-Start,2,76,253.6030910458216
MOEA Warm-Start,2,77,253.54837135448105
MOEA Warm-Start,2,78,253.86109333373204
MOEA Warm-Start,2,79,253.76476079889744
MOEA Warm-Start,2,80,253.86905522717103
MOEA Warm-Start,2,81,253.96298606933985
MOEA Warm-Start,2,82,253.86161233264806
MOEA Warm-Start,2,83,253.67180134750572
MOEA Warm-Start,2,84,253.80121521928152
MOEA Warm-Start,2,85,253.99323743365323
MOEA Warm-Start,2,86,253.97104675837218
MOEA Warm-Start,2,87,254.08521049730757
MOEA Warm-Start,2,88,253.9111410907174
MOEA Warm-Start,2,89,253.86315819222517
MOEA Warm-Start,2,90,254.0657933934677
MOEA Warm-Start,2,91,254.5460350885461
MOEA Warm-Start,2,92,254.93336336337774
MOEA Warm-Start,2,93,255.0043612201868
MOEA Warm-Start,2,94,254.84052376245833
MOEA Warm-Start,2,95,254.83583190018769
MOEA Warm-Start,2,96,255.0287882426402
MOEA Warm-Start,2,97,255.13927421801196
MOEA Warm-Start,2,98,255.22640059814245
MOEA Warm-Start,2,99,255.28375933226113
MOEA Warm-Start,2,100,255.33061718780192
MOEA Warm-Start,2,101,255.2744674790339
MOEA Warm-Start,2,102,255.34170018800637
MOEA Warm-Start,2,103,255.4152353392173
MOEA Warm-Start,2,104,255.48972615597552
MOEA Warm-Start,2,105,255.4832875439123
MOEA Warm-Start,2,106,255.47180291454345
MOEA Warm-Start,2,107,255.7765381207754
MOEA Warm-Start,2,108,256.03729911420766
MOEA Warm-Start,2,109,255.87455898719222
MOEA Warm-Start,2,110,256.1104128401022
MOEA Warm-Start,2,111,256.12964758205175
MOEA Warm-Start,2,112,256.0456995272584
MOEA Warm-Start,2,113,256.0879659252862
MOEA Warm-Start,2,114,256.2374082052544
MOEA Warm-Start,2,115,256.03940950340956
MOEA Warm-Start,2,116,256.1749755209229
MOEA Warm-Start,2,117,256.38675495791347
MOEA Warm-Start,2,118,255.8572101427865
MOEA Warm-Start,2,119,256.197678877596
MOEA Warm-Start,2,120,256.02028474830644
MOEA Warm-Start,2,121,256.2626753336406
MOEA Warm-Start,2,122,256.0235216874182
MOEA Warm-Start,2,123,256.14687304686925
MOEA Warm-Start,2,124,256.193064974849
MOEA Warm-Start,2,125,256.02684977540605
MOEA Warm-Start,2,126,256.3626091061109
MOEA Warm-Start,2,127,256.21811909306206
MOEA Warm-Start,2,128,256.30741569012906
MOEA Warm-Start,2,129,256.48920468552797
MOEA Warm-Start,2,130,256.5600443011282
MOEA Warm-Start,2,131,256.2623180443559
MOEA Warm-Start,2,132,256.42613859804
MOEA Warm-Start,2,133,256.3914051237769
MOEA Warm-Start,2,134,256.5293913792458
MOEA Warm-Start,2,135,256.5522057764894
MOEA Warm-Start,2,136,256.6455864521314
MOEA Warm-Start,2,137,256.30860731634147
MOEA Warm-Start,2,138,256.6554722219233
MOEA Warm-Start,2,139,256.62645081014387
MOEA Warm-Start,2,140,256.71037094444875
MOEA Warm-Start,2,141,256.7495953474188
MOEA Warm-Start,2,142,256.6431013213885
MOEA Warm-Start,2,143,256.71686790289255
MOEA Warm-Start,2,144,256.8013467193408
MOEA Warm-Start,2,145,256.57247360431484
MOEA Warm-Start,2,146,256.74832838886596
MOEA Warm-Start,2,147,256.84514816926173
MOEA Warm-Start,2,148,257.06437578105556
MOEA Warm-Start,2,149,256.959993019306
MOEA Warm-Start,2,150,257.0495808613133
MOEA Warm-Start,3,1,182.732410616575
MOEA Warm-Start,3,2,201.71844819141708
MOEA Warm-Start,3,3,211.7979832358136
MOEA Warm-Start,3,4,212.8660535964795
MOEA Warm-Start,3,5,219.38291455228492
MOEA Warm-Start,3,6,223.97884664700643
MOEA Warm-Start,3,7,227.58815162903642
MOEA Warm-Start,3,8,228.36025937586467
MOEA Warm-Start,3,9,229.387631986752
MOEA Warm-Start,3,10,232.69263401608816
MOEA Warm-Start,3,11,233.22592874778806
MOEA Warm-Start,3,12,233.19732536714406
MOEA Warm-Start,3,13,237.03532909817346
MOEA Warm-Start,3,14,237.22678064318262
MOEA Warm-Start,3,15,237.79188452386876
MOEA Warm-Start,3,16,237.98805115850905
MOEA Warm-Start,3,17,238.15745188378656
MOEA Warm-Start,3,18,238.2938648671549
MOEA Warm-Start,3,19,238.36588307766274
MOEA Warm-Start,3,20,238.72817510592887
MOEA Warm-Start,3,21,238.67804264282412
MOEA Warm-Start,3,22,241.15982695841677
MOEA Warm-Start,3,23,241.36933199022707
MOEA Warm-Start,3,24,242.71160706746423
MOEA Warm-Start,3,25,242.74808698222478
MOEA Warm-Start,3,26,243.37169171930458
MOEA Warm-Start,3,27,243.52883225734564
MOEA Warm-Start,3,28,243.4414299766596
MOEA Warm-Start,3,29,244.0624442862479
MOEA Warm-Start,3,30,243.9815982149901
MOEA Warm-Start,3,31,244.36049803199293
MOEA Warm-Start,3,32,244.22856353171247
MOEA Warm-Start,3,33,244.3109410673556
MOEA Warm-Start,3,34,244.06428812401225
MOEA Warm-Start,3,35,244.1682369202712
MOEA Warm-Start,3,36,244.37502483569665
MOEA Warm-Start,3,37,244.78950889610724
MOEA Warm-Start,3,38,244.86103517846288
MOEA Warm-Start,3,39,244.68470168996413
MOEA Warm-Start,3,40,244.70814705236359
MOEA Warm-Start,3,41,244.98132380416342
MOEA Warm-Start,3,42,245.50042219060634
MOEA Warm-Start,3,43,245.54405316010389
MOEA Warm-Start,3,44,247.60385024632245
MOEA Warm-Start,3,45,249.932800613898
MOEA Warm-Start,3,46,250.2425015570068
MOEA Warm-Start,3,47,250.4399374642378
MOEA Warm-Start,3,48,250.78485546361205
MOEA Warm-Start,3,49,251.1027770900731
MOEA Warm-Start,3,50,251.09562770970803
MOEA Warm-Start,3,51,250.9644689794835
MOEA Warm-Start,3,52,251.67050326971616
MOEA Warm-Start,3,53,251.6218222614122
MOEA Warm-Start,3,54,251.69287411067887
MOEA Warm-Start,3,55,251.722863166156
MOEA Warm-Start,3,56,251.74345785258515
MOEA Warm-Start,3,57,251.76033501032435
MOEA Warm-Start,3,58,251.89574028467092
MOEA Warm-Start,3,59,251.939024267327
MOEA Warm-Start,3,60,251.99617532381816
MOEA Warm-Start,3,61,252.21161318129754
MOEA Warm-Start,3,62,252.43439912062553
MOEA Warm-Start,3,63,252.55455306996245
MOEA Warm-Start,3,64,252.92090751802203
MOEA Warm-Start,3,65,252.96289254780376
MOEA Warm-Start,3,66,252.69703256677388
MOEA Warm-Start,3,67,252.87076382271334
MOEA Warm-Start,3,68,253.0284436396837
MOEA Warm-Start,3,69,252.9400538440333
MOEA Warm-Start,3,70,252.90818741277917
MOEA Warm-Start,3,71,252.95221463850916
MOEA Warm-Start,3,72,252.6569413564495
MOEA Warm-Start,3,73,252.43285295270135
MOEA Warm-Start,3,74,252.60461626757103
MOEA Warm-Start,3,75,252.35633861920286
MOEA Warm-Start,3,76,252.38736639360715
MOEA Warm-Start,3,77,252.35439533909872
MOEA Warm-Start,3,78,252.58966602241742
MOEA Warm-Start,3,79,252.58677094769342
MOEA Warm-Start,3,80,252.82506871037077
MOEA Warm-Start,3,81,252.82435247157915
MOEA Warm-Start,3,82,252.88195904904492
MOEA Warm-Start,3,83,252.9162964703517
MOEA Warm-Start,3,84,253.02455289042717
MOEA Warm-Start,3,85,253.52004718617508
MOEA Warm-Start,3,86,253.57332499188618
MOEA Warm-Start,3,87,253.51782986642922
MOEA Warm-Start,3,88,253.6376541273537
MOEA Warm-Start,3,89,253.869622445888
MOEA Warm-Start,3,90,253.83320698926312
MOEA Warm-Start,3,91,253.89836053681108
MOEA Warm-Start,3,92,253.76985389681585
MOEA Warm-Start,3,93,253.7339586347254
MOEA Warm-Start,3,94,253.7857492243829
MOEA Warm-Start,3,95,253.86838030782513
MOEA Warm-Start,3,96,253.90177958390672
MOEA Warm-Start,3,97,253.97256343333993
MOEA Warm-Start,3,98,253.96531270716673
MOEA Warm-Start,3,99,253.88722870255353
MOEA Warm-Start,3,100,253.6821043741537
MOEA Warm-Start,3,101,253.15864426950665
MOEA Warm-Start,3,102,253.51094717824287
MOEA Warm-Start,3,103,253.59875842597182
MOEA Warm-Start,3,104,253.7118428085806
MOEA Warm-Start,3,105,253.86809963278125
MOEA Warm-Start,3,106,253.6090798669139
MOEA Warm-Start,3,107,253.62768102129166
MOEA Warm-Start,3,108,253.5516284125713
MOEA Warm-Start,3,109,253.6279559951864
MOEA Warm-Start,3,110,253.8325726393697
MOEA Warm-Start,3,111,254.051680709885
MOEA Warm-Start,3,112,254.24316187359605
MOEA Warm-Start,3,113,254.3737603616791
MOEA Warm-Start,3,114,254.20575864656803
MOEA Warm-Start,3,115,254.6660496165922
MOEA Warm-Start,3,116,254.73685434088867
MOEA Warm-Start,3,117,254.45512960660852
MOEA Warm-Start,3,118,254.37314296970817
MOEA Warm-Start,3,119,254.0921547907183
MOEA Warm-Start,3,120,254.2067536224298
MOEA Warm-Start,3,121,254.37364483799632
MOEA Warm-Start,3,122,254.29474021505507
MOEA Warm-Start,3,123,254.59797489755937
MOEA Warm-Start,3,124,254.68130614100323
MOEA Warm-Start,3,125,254.473465447717
MOEA Warm-Start,3,126,254.63238711487554
MOEA Warm-Start,3,127,254.67145698302227
MOEA Warm-Start,3,128,254.55875421350834
MOEA Warm-Start,3,129,254.4794093363551
MOEA Warm-Start,3,130,254.52188911739933
MOEA Warm-Start,3,131,254.63730326501837
MOEA Warm-Start,3,132,254.63107177790306
MOEA Warm-Start,3,133,254.68117597361834
MOEA Warm-Start,3,134,254.808336181514
MOEA Warm-Start,3,135,254.99687342452282
MOEA Warm-Start,3,136,254.8978672394514
MOEA Warm-Start,3,137,254.85342955691084
MOEA Warm-Start,3,138,254.8481437982594
MOEA Warm-Start,3,139,254.6869267820037
MOEA Warm-Start,3,140,254.77682043869578
MOEA Warm-Start,3,141,254.83696830434835
MOEA Warm-Start,3,142,255.04785526159128
MOEA Warm-Start,3,143,255.139994900178
MOEA Warm-Start,3,144,255.3799902735434
MOEA Warm-Start,3,145,255.3362261636596
MOEA Warm-Start,3,146,255.34891244762576
MOEA Warm-Start,3,147,255.46888739821395
MOEA Warm-Start,3,148,255.49758945628486
MOEA Warm-Start,3,149,255.3637738272538
MOEA Warm-Start,3,150,255.53904121937455
MOEA Warm-Start,4,1,188.79172962719932
MOEA Warm-Start,4,2,196.1794598955069
MOEA Warm-Start,4,3,206.29114701407389
MOEA Warm-Start,4,4,211.33632579804262
MOEA Warm-Start,4,5,217.2884360734468
MOEA Warm-Start,4,6,220.53560654159045
MOEA Warm-Start,4,7,229.2372750478702
MOEA Warm-Start,4,8,233.42695458413914
MOEA Warm-Start,4,9,234.32349600081545
MOEA Warm-Start,4,10,235.3838515825193
MOEA Warm-Start,4,11,237.05549633129917
MOEA Warm-Start,4,12,238.3161176786292
MOEA Warm-Start,4,13,238.81090762778084
MOEA Warm-Start,4,14,239.2737867566713
MOEA Warm-Start,4,15,239.25065713717606
MOEA Warm-Start,4,16,239.37178377165975
MOEA Warm-Start,4,17,239.60702630335206
MOEA Warm-Start,4,18,241.6054168502883
MOEA Warm-Start,4,19,241.43773838778662
MOEA Warm-Start,4,20,242.50963657408641
MOEA Warm-Start,4,21,242.90851137006285
MOEA Warm-Start,4,22,243.96675390400566
MOEA Warm-Start,4,23,244.06395153442196
MOEA Warm-Start,4,24,244.1122525455405
MOEA Warm-Start,4,25,245.55946512693225
MOEA Warm-Start,4,26,245.50009733255897
MOEA Warm-Start,4,27,245.4600127675814
MOEA Warm-Start,4,28,245.62626817231296
MOEA Warm-Start,4,29,246.86994501598355
MOEA Warm-Start,4,30,247.06497684563806
MOEA Warm-Start,4,31,246.8574062544081
MOEA Warm-Start,4,32,246.93314790700475
MOEA Warm-Start,4,33,246.58816206011662
MOEA Warm-Start,4,34,246.59160683267294
MOEA Warm-Start,4,35,246.60491039727285
MOEA Warm-Start,4,36,246.40133132876912
MOEA Warm-Start,4,37,246.72394593868893
MOEA Warm-Start,4,38,246.96652256249322
MOEA Warm-Start,4,39,246.8663473997919
MOEA Warm-Start,4,40,246.7390403938847
MOEA Warm-Start,4,41,247.0825501395056
MOEA Warm-Start,4,42,247.07749278051054
MOEA Warm-Start,4,43,247.10393678347427
MOEA Warm-Start,4,44,247.1524535083538
MOEA Warm-Start,4,45,247.59293172489052
MOEA Warm-Start,4,46,247.6255565946327
MOEA Warm-Start,4,47,247.57039119230467
MOEA Warm-Start,4,48,247.6421557183158
MOEA Warm-Start,4,49,247.67404449012673
MOEA Warm-Start,4,50,248.3359752161452
MOEA Warm-Start,4,51,248.49442384635455
MOEA Warm-Start,4,52,249.82622220081504
MOEA Warm-Start,4,53,250.30336304223644
MOEA Warm-Start,4,54,250.58528414148762
MOEA Warm-Start,4,55,250.60250994657213
MOEA Warm-Start,4,56,250.65295839123013
MOEA Warm-Start,4,57,250.45288412530286
MOEA Warm-Start,4,58,250.26080471913352
MOEA Warm-Start,4,59,250.36839224786877
MOEA Warm-Start,4,60,250.2084328183401
MOEA Warm-Start,4,61,250.44770141405178
MOEA Warm-Start,4,62,250.61987755704672
MOEA Warm-Start,4,63,250.81203005359717
MOEA Warm-Start,4,64,250.7521568240598
MOEA Warm-Start,4,65,251.3729854765875
MOEA Warm-Start,4,66,251.52213124019843
MOEA Warm-Start,4,67,253.5209119701695
MOEA Warm-Start,4,68,253.61012441444367
MOEA Warm-Start,4,69,253.3644735086479
MOEA Warm-Start,4,70,253.49614059875378
MOEA Warm-Start,4,71,253.49168742522238
MOEA Warm-Start,4,72,253.57314937721026
MOEA Warm-Start,4,73,253.82062782455324
MOEA Warm-Start,4,74,254.03625669133248
MOEA Warm-Start,4,75,254.01994648623838
MOEA Warm-Start,4,76,254.10651438722755
MOEA Warm-Start,4,77,254.11087136893406
MOEA Warm-Start,4,78,254.18622685951294
MOEA Warm-Start,4,79,254.42634537357006
MOEA Warm-Start,4,80,254.55097084619968
MOEA Warm-Start,4,81,254.85865824163432
MOEA Warm-Start,4,82,254.8568462926808
MOEA Warm-Start,4,83,255.0772089498065
MOEA Warm-Start,4,84,255.08842518212373
MOEA Warm-Start,4,85,255.02930056949668
MOEA Warm-Start,4,86,255.3683837945585
MOEA Warm-Start,4,87,255.33695144660416
MOEA Warm-Start,4,88,255.57919754606758
MOEA Warm-Start,4,89,255.41530389949293
MOEA Warm-Start,4,90,255.826751462614
MOEA Warm-Start,4,91,255.81575181690764
MOEA Warm-Start,4,92,255.98587876640363
MOEA Warm-Start,4,93,255.95176516894435
MOEA Warm-Start,4,94,256.03414252379054
MOEA Warm-Start,4,95,255.9231899538676
MOEA Warm-Start,4,96,255.82188283789495
MOEA Warm-Start,4,97,256.12115765056365
MOEA Warm-Start,4,98,256.32280454894664
MOEA Warm-Start,4,99,256.1017940553586
MOEA Warm-Start,4,100,255.86168710558513
MOEA Warm-Start,4,101,255.93261873463103
MOEA Warm-Start,4,102,255.86655123883781
MOEA Warm-Start,4,103,255.77668439348025
MOEA Warm-Start,4,104,255.8455173649854
MOEA Warm-Start,4,105,256.21568752715297
MOEA Warm-Start,4,106,256.2098944942703
MOEA Warm-Start,4,107,256.22519344453804
MOEA Warm-Start,4,108,256.338938887497
MOEA Warm-Start,4,109,256.39633009460607
MOEA Warm-Start,4,110,256.38292832119197
MOEA Warm-Start,4,111,256.38222093982716
MOEA Warm-Start,4,112,256.4301055203285
MOEA Warm-Start,4,113,256.3831454876686
MOEA Warm-Start,4,114,256.59341988096764
MOEA Warm-Start,4,115,257.0598145396408
MOEA Warm-Start,4,116,256.85059647382406
MOEA Warm-Start,4,117,256.8121668366593
MOEA Warm-Start,4,118,256.7720754232697
MOEA Warm-Start,4,119,256.78563106672584
MOEA Warm-Start,4,120,256.7045849439057
MOEA Warm-Start,4,121,256.65612892356495
MOEA Warm-Start,4,122,256.54696211848693
MOEA Warm-Start,4,123,256.4488394962205
MOEA Warm-Start,4,124,256.77112022787264
MOEA Warm-Start,4,125,256.878904731787
MOEA Warm-Start,4,126,256.4016526952472
MOEA Warm-Start,4,127,256.40051727273794
MOEA Warm-Start,4,128,256.66225895333804
MOEA Warm-Start,4,129,256.81141184473006
MOEA Warm-Start,4,130,256.71087487222155
MOEA Warm-Start,4,131,257.0025794426858
MOEA Warm-Start,4,132,256.97360034935537
MOEA Warm-Start,4,133,257.03417259041237
MOEA Warm-Start,4,134,257.2436901432818
MOEA Warm-Start,4,135,257.3262119361999
MOEA Warm-Start,4,136,257.2921019257937
MOEA Warm-Start,4,137,257.1859553497052
MOEA Warm-Start,4,138,257.0022574949588
MOEA Warm-Start,4,139,257.24230377132125
MOEA Warm-Start,4,140,257.27794209404686
MOEA Warm-Start,4,141,257.316229429801
MOEA Warm-Start,4,142,257.26169744191554
MOEA Warm-Start,4,143,257.2738218348187
MOEA Warm-Start,4,144,257.1822146807121
MOEA Warm-Start,4,145,257.20557510545024
MOEA Warm-Start,4,146,257.19715339820505
MOEA Warm-Start,4,147,257.2285749783291
MOEA Warm-Start,4,148,257.1731569644553
MOEA Warm-Start,4,149,257.5293601225151
MOEA Warm-Start,4,150,257.5571793668201
MOEA Warm-Start,5,1,186.05709337373128
MOEA Warm-Start,5,2,192.5604617144148
MOEA Warm-Start,5,3,203.7489744996004
MOEA Warm-Start,5,4,212.66909920148112
MOEA Warm-Start,5,5,216.34392350419148
MOEA Warm-Start,5,6,218.166196282963
MOEA Warm-Start,5,7,227.84741616646625
MOEA Warm-Start,5,8,233.06031666320848
MOEA Warm-Start,5,9,233.9979352532617
MOEA Warm-Start,5,10,234.48257808269778
MOEA Warm-Start,5,11,234.92894251640655
MOEA Warm-Start,5,12,237.01558548243102
MOEA Warm-Start,5,13,238.0416861861329
MOEA Warm-Start,5,14,238.49362385693365
MOEA Warm-Start,5,15,242.6991818155649
MOEA Warm-Start,5,16,242.81364142384308
MOEA Warm-Start,5,17,243.464151329963
MOEA Warm-Start,5,18,243.54288968617954
MOEA Warm-Start,5,19,243.93244733985253
MOEA Warm-Start,5,20,244.08049233164226
MOEA Warm-Start,5,21,244.2449971629461
MOEA Warm-Start,5,22,244.38033160579636
MOEA Warm-Start,5,23,244.70488538790502
MOEA Warm-Start,5,24,244.7490297346834
MOEA Warm-Start,5,25,244.9303466243779
MOEA Warm-Start,5,26,244.8792464968226
MOEA Warm-Start,5,27,246.40162669602944
MOEA Warm-Start,5,28,246.22186264428808
MOEA Warm-Start,5,29,247.72860431046655
MOEA Warm-Start,5,30,247.85489501475664
MOEA Warm-Start,5,31,248.4369686530648
MOEA Warm-Start,5,32,248.55683076557852
MOEA Warm-Start,5,33,248.53169963386034
MOEA Warm-Start,5,34,248.57556446710146
MOEA Warm-Start,5,35,248.78959782768317
MOEA Warm-Start,5,36,248.76257937825676
MOEA Warm-Start,5,37,249.09708037629815
MOEA Warm-Start,5,38,248.95886564348257
MOEA Warm-Start,5,39,249.08899620403335
MOEA Warm-Start,5,40,249.1886744570139
MOEA Warm-Start,5,41,249.26384090348193
MOEA Warm-Start,5,42,249.18310612548072
MOEA Warm-Start,5,43,249.0877393383608
MOEA Warm-Start,5,44,249.22649599276127
MOEA Warm-Start,5,45,249.44055053304834
MOEA Warm-Start,5,46,249.35241280961327
MOEA Warm-Start,5,47,249.21035643002722
MOEA Warm-Start,5,48,249.14681900198187
MOEA Warm-Start,5,49,249.7541598533856
MOEA Warm-Start,5,50,249.79112844231986
MOEA Warm-Start,5,51,249.86841352580728
MOEA Warm-Start,5,52,249.73623280235932
MOEA Warm-Start,5,53,249.7490888332587
MOEA Warm-Start,5,54,252.34178550892148
MOEA Warm-Start,5,55,252.2244633843134
MOEA Warm-Start,5,56,252.38748406634178
MOEA Warm-Start,5,57,252.60963729752027
MOEA Warm-Start,5,58,252.28278032500015
MOEA Warm-Start,5,59,253.09387164724876
MOEA Warm-Start,5,60,253.267828938071
MOEA Warm-Start,5,61,253.30150437813475
MOEA Warm-Start,5,62,253.46138672398206
MOEA Warm-Start,5,63,253.61899014634162
MOEA Warm-Start,5,64,253.62810432071623
MOEA Warm-Start,5,65,253.50335554292695
MOEA Warm-Start,5,66,253.66386327318938
MOEA Warm-Start,5,67,253.59077567539032
MOEA Warm-Start,5,68,253.93139966063836
MOEA Warm-Start,5,69,254.18332868298512
MOEA Warm-Start,5,70,254.2658614197789
MOEA Warm-Start,5,71,254.4247750546432
MOEA Warm-Start,5,72,254.74974387340419
MOEA Warm-Start,5,73,254.94388212855145
MOEA Warm-Start,5,74,254.88988680586453
MOEA Warm-Start,5,75,254.70829809834197
MOEA Warm-Start,5,76,254.69695655987908
MOEA Warm-Start,5,77,254.69870810551458
MOEA Warm-Start,5,78,254.5600814454467
MOEA Warm-Start,5,79,254.47845768836157
MOEA Warm-Start,5,80,254.2798434742001
MOEA Warm-Start,5,81,253.9772537854879
MOEA Warm-Start,5,82,253.92836993995624
MOEA Warm-Start,5,83,253.78186476101723
MOEA Warm-Start,5,84,254.05968137696152
MOEA Warm-Start,5,85,254.039014027422
MOEA Warm-Start,5,86,254.07398830719245
MOEA Warm-Start,5,87,254.14391648119187
MOEA Warm-Start,5,88,254.1525599071411
MOEA Warm-Start,5,89,254.00647914073136
MOEA Warm-Start,5,90,254.18984365267698
MOEA Warm-Start,5,91,254.1576829112035
MOEA Warm-Start,5,92,254.393424961179
MOEA Warm-Start,5,93,254.17695504285498
MOEA Warm-Start,5,94,254.48322666236254
MOEA Warm-Start,5,95,254.6288732950835
MOEA Warm-Start,5,96,254.71999249474405
MOEA Warm-Start,5,97,254.88004748427971
MOEA Warm-Start,5,98,254.76514910591538
MOEA Warm-Start,5,99,254.68840929142425
MOEA Warm-Start,5,100,254.1913454855884
MOEA Warm-Start,5,101,254.23945145351598
MOEA Warm-Start,5,102,253.9639433860669
MOEA Warm-Start,5,103,254.0604144897308
MOEA Warm-Start,5,104,253.92813765901676
MOEA Warm-Start,5,105,254.3253698865962
MOEA Warm-Start,5,106,254.53228647514027
MOEA Warm-Start,5,107,254.43669348971065
MOEA Warm-Start,5,108,254.6611406714491
MOEA Warm-Start,5,109,254.62542981039215
MOEA Warm-Start,5,110,254.3657770361525
MOEA Warm-Start,5,111,254.47678352784146
MOEA Warm-Start,5,112,254.58749600126885
MOEA Warm-Start,5,113,254.58212515827373
MOEA Warm-Start,5,114,254.69517106784485
MOEA Warm-Start,5,115,254.30347046985028
MOEA Warm-Start,5,116,254.8583187008118
MOEA Warm-Start,5,117,254.59504235936652
MOEA Warm-Start,5,118,254.56604820102442
MOEA Warm-Start,5,119,254.84420047495183
MOEA Warm-Start,5,120,255.2192402646108
MOEA Warm-Start,5,121,255.17780139049148
MOEA Warm-Start,5,122,255.2456251538024
MOEA Warm-Start,5,123,255.10595219915368
MOEA Warm-Start,5,124,255.22730970597155
MOEA Warm-Start,5,125,255.02415182717579
MOEA Warm-Start,5,126,254.91029550701495
MOEA Warm-Start,5,127,255.03050155900172
MOEA Warm-Start,5,128,254.69093408683153
MOEA Warm-Start,5,129,254.97848007587044
MOEA Warm-Start,5,130,255.16026560310058
MOEA Warm-Start,5,131,255.32386616094146
MOEA Warm-Start,5,132,255.0300026852841
MOEA Warm-Start,5,133,255.39522820554822
MOEA Warm-Start,5,134,255.2842352310569
MOEA Warm-Start,5,135,255.76211485343686
MOEA Warm-Start,5,136,255.41108274293487
MOEA Warm-Start,5,137,255.80246007965846
MOEA Warm-Start,5,138,255.57853152098195
MOEA Warm-Start,5,139,255.43842627075202
MOEA Warm-Start,5,140,255.6513650030945
MOEA Warm-Start,5,141,255.8002464676978
MOEA Warm-Start,5,142,255.82218162112548
MOEA Warm-Start,5,143,256.1733967561655
MOEA Warm-Start,5,144,256.1581123262416
MOEA Warm-Start,5,145,256.27859507671076
MOEA Warm-Start,5,146,256.5344570134385
MOEA Warm-Start,5,147,256.435704175855
MOEA Warm-Start,5,148,256.47624316676644
MOEA Warm-Start,5,149,256.1490122649509
MOEA Warm-Start,5,150,255.66006316794164
MOEA Warm-Start,6,1,184.84623987177858
MOEA Warm-Start,6,2,200.96221807015567
MOEA Warm-Start,6,3,204.48498839288942
MOEA Warm-Start,6,4,207.11720835980478
MOEA Warm-Start,6,5,215.90517368998047
MOEA Warm-Start,6,6,218.13061150390206
MOEA Warm-Start,6,7,221.0946823581649
MOEA Warm-Start,6,8,223.95121912482628
MOEA Warm-Start,6,9,225.6504306186627
MOEA Warm-Start,6,10,228.2975918500748
MOEA Warm-Start,6,11,229.27985073881257
MOEA Warm-Start,6,12,231.07560137006615
MOEA Warm-Start,6,13,232.8433345581337
MOEA Warm-Start,6,14,233.34743033582063
MOEA Warm-Start,6,15,233.6774949880966
MOEA Warm-Start,6,16,233.73930504116913
MOEA Warm-Start,6,17,234.05721332768815
MOEA Warm-Start,6,18,234.34049457895617
MOEA Warm-Start,6,19,234.8189552431844
MOEA Warm-Start,6,20,235.60640032941097
MOEA Warm-Start,6,21,236.14105023462815
MOEA Warm-Start,6,22,237.13191227257576
MOEA Warm-Start,6,23,237.41536913012158
MOEA Warm-Start,6,24,237.41514906350534
MOEA Warm-Start,6,25,237.41574136845898
MOEA Warm-Start,6,26,237.99148650019282
MOEA Warm-Start,6,27,238.54901534315303
MOEA Warm-Start,6,28,239.04319316803577
MOEA Warm-Start,6,29,239.2602428547873
MOEA Warm-Start,6,30,239.31785768790294
MOEA Warm-Start,6,31,239.27234069450247
MOEA Warm-Start,6,32,243.5394754014954
MOEA Warm-Start,6,33,243.61345871755236
MOEA Warm-Start,6,34,243.60075838053467
MOEA Warm-Start,6,35,243.92013026639904
MOEA Warm-Start,6,36,243.74680349569854
MOEA Warm-Start,6,37,243.74368446417748
MOEA Warm-Start,6,38,243.74336811474345
MOEA Warm-Start,6,39,243.78319628933914
MOEA Warm-Start,6,40,243.761071872422
MOEA Warm-Start,6,41,243.8767568969476
MOEA Warm-Start,6,42,243.92765695184335
MOEA Warm-Start,6,43,243.81636310828407
MOEA Warm-Start,6,44,244.04540976755806
MOEA Warm-Start,6,45,244.02360612819433
MOEA Warm-Start,6,46,243.8989880668355
MOEA Warm-Start,6,47,243.92709969495473
MOEA Warm-Start,6,48,244.12091379855428
MOEA Warm-Start,6,49,243.9910177769104
MOEA Warm-Start,6,50,244.38888503734222
MOEA Warm-Start,6,51,244.44106354264954
MOEA Warm-Start,6,52,244.5564394717681
MOEA Warm-Start,6,53,244.71857046505593
MOEA Warm-Start,6,54,245.08573967014465
MOEA Warm-Start,6,55,245.1796727430093
MOEA Warm-Start,6,56,245.65079049681196
MOEA Warm-Start,6,57,245.61043242592905
MOEA Warm-Start,6,58,245.78089722848983
MOEA Warm-Start,6,59,246.1182520387482
MOEA Warm-Start,6,60,246.1246144239
MOEA Warm-Start,6,61,246.3984102680821
MOEA Warm-Start,6,62,246.30024803499353
MOEA Warm-Start,6,63,246.3367387545178
MOEA Warm-Start,6,64,246.58373359358995
MOEA Warm-Start,6,65,246.63420147879066
MOEA Warm-Start,6,66,246.6998674830092
MOEA Warm-Start,6,67,246.51007590158787
MOEA Warm-Start,6,68,246.62106085361236
MOEA Warm-Start,6,69,246.78562196690612
MOEA Warm-Start,6,70,246.9273033201107
MOEA Warm-Start,6,71,246.85336940412373
MOEA Warm-Start,6,72,247.0833692603675
MOEA Warm-Start,6,73,247.06365194727897
MOEA Warm-Start,6,74,246.89381908277034
MOEA Warm-Start,6,75,246.8653611806008
MOEA Warm-Start,6,76,247.79383271883398
MOEA Warm-Start,6,77,247.8606846522141
MOEA Warm-Start,6,78,247.76374733295643
MOEA Warm-Start,6,79,247.70385809336437
MOEA Warm-Start,6,80,247.95802306458882
MOEA Warm-Start,6,81,248.02962998405494
MOEA Warm-Start,6,82,247.98558608528822
MOEA Warm-Start,6,83,247.77009311352057
MOEA Warm-Start,6,84,247.99672690933608
MOEA Warm-Start,6,85,249.70655021255388
MOEA Warm-Start,6,86,249.63635591489538
MOEA Warm-Start,6,87,249.81101393376792
MOEA Warm-Start,6,88,250.15945341910412
MOEA Warm-Start,6,89,250.37452757259325
MOEA Warm-Start,6,90,250.33161704664857
MOEA Warm-Start,6,91,250.0109250372842
MOEA Warm-Start,6,92,250.04417509110385
MOEA Warm-Start,6,93,251.37065788357538
MOEA Warm-Start,6,94,250.95174335773837
MOEA Warm-Start,6,95,251.27829315955447
MOEA Warm-Start,6,96,251.2539125544868
MOEA Warm-Start,6,97,251.5859996676892
MOEA Warm-Start,6,98,251.70382249264316
MOEA Warm-Start,6,99,251.96122323703418
MOEA Warm-Start,6,100,251.91766257768313
MOEA Warm-Start,6,101,251.86933155813648
MOEA Warm-Start,6,102,251.63043721806207
MOEA Warm-Start,6,103,251.6717633184825
MOEA Warm-Start,6,104,251.72515186898357
MOEA Warm-Start,6,105,253.27039374408056
MOEA Warm-Start,6,106,253.308076206835
MOEA Warm-Start,6,107,253.28412582778913
MOEA Warm-Start,6,108,253.37777188995113
MOEA Warm-Start,6,109,253.36629775897023
MOEA Warm-Start,6,110,253.02495909871612
MOEA Warm-Start,6,111,253.20005876783443
MOEA Warm-Start,6,112,253.3474561911684
MOEA Warm-Start,6,113,253.71220120251547
MOEA Warm-Start,6,114,253.62006902301192
MOEA Warm-Start,6,115,253.39369049048912
MOEA Warm-Start,6,116,253.44370446501853
MOEA Warm-Start,6,117,253.64678761750162
MOEA Warm-Start,6,118,253.59972326897184
MOEA Warm-Start,6,119,253.56245188627287
MOEA Warm-Start,6,120,253.28718624190543
MOEA Warm-Start,6,121,253.42289018773582
MOEA Warm-Start,6,122,253.18279314755105
MOEA Warm-Start,6,123,253.3614909952612
MOEA Warm-Start,6,124,253.22574027716027
MOEA Warm-Start,6,125,253.24103847389418
MOEA Warm-Start,6,126,253.41658067118897
MOEA Warm-Start,6,127,253.7639826407895
MOEA Warm-Start,6,128,253.94929328707894
MOEA Warm-Start,6,129,253.73227311437893
MOEA Warm-Start,6,130,253.5811612889122
MOEA Warm-Start,6,131,253.7604672811674
MOEA Warm-Start,6,132,254.17344161577228
MOEA Warm-Start,6,133,254.48583811668658
MOEA Warm-Start,6,134,254.37598659634017
MOEA Warm-Start,6,135,254.50270821118778
MOEA Warm-Start,6,136,255.1175104591439
MOEA Warm-Start,6,137,255.0642959516606
MOEA Warm-Start,6,138,255.09711169367068
MOEA Warm-Start,6,139,255.266336435533
MOEA Warm-Start,6,140,255.77873628706743
MOEA Warm-Start,6,141,255.80778553470572
MOEA Warm-Start,6,142,255.64667072268
MOEA Warm-Start,6,143,255.497885953815
MOEA Warm-Start,6,144,255.21012168896652
MOEA Warm-Start,6,145,255.22971160666017
MOEA Warm-Start,6,146,255.49357835462476
MOEA Warm-Start,6,147,255.96276314398762
MOEA Warm-Start,6,148,255.9531189433913
MOEA Warm-Start,6,149,255.888970136037
MOEA Warm-Start,6,150,255.91009342560267
MOEA Warm-Start,7,1,185.3067331809618
MOEA Warm-Start,7,2,192.64234992684862
MOEA Warm-Start,7,3,199.77926031865385
MOEA Warm-Start,7,4,211.20262453162255
MOEA Warm-Start,7,5,218.52872317860266
MOEA Warm-Start,7,6,221.23648823587803
MOEA Warm-Start,7,7,223.6580114154632
MOEA Warm-Start,7,8,229.54704861728038
MOEA Warm-Start,7,9,230.38984550004017
MOEA Warm-Start,7,10,233.33641807831367
MOEA Warm-Start,7,11,234.35241388040185
MOEA Warm-Start,7,12,237.3095660640154
MOEA Warm-Start,7,13,237.52613258384014
MOEA Warm-Start,7,14,238.2248799917993
MOEA Warm-Start,7,15,238.41252561140797
MOEA Warm-Start,7,16,239.13490056085737
MOEA Warm-Start,7,17,240.05598757774183
MOEA Warm-Start,7,18,240.63244673465874
MOEA Warm-Start,7,19,242.34626726348853
MOEA Warm-Start,7,20,243.63340533528782
MOEA Warm-Start,7,21,246.10484720363257
MOEA Warm-Start,7,22,246.14866776178363
MOEA Warm-Start,7,23,248.28857745873393
MOEA Warm-Start,7,24,248.3061300058199
MOEA Warm-Start,7,25,248.19267834899856
MOEA Warm-Start,7,26,248.3480039808212
MOEA Warm-Start,7,27,248.59080803207587
MOEA Warm-Start,7,28,248.58398394436728
MOEA Warm-Start,7,29,248.825831756196
MOEA Warm-Start,7,30,248.86140714889257
MOEA Warm-Start,7,31,248.95974055175142
MOEA Warm-Start,7,32,249.00769643015335
MOEA Warm-Start,7,33,249.2407050655733
MOEA Warm-Start,7,34,249.7323644618188
MOEA Warm-Start,7,35,252.31858631177988
MOEA Warm-Start,7,36,252.51586069880977
MOEA Warm-Start,7,37,252.64044046104345
MOEA Warm-Start,7,38,252.8798185423397
MOEA Warm-Start,7,39,252.95331976073703
MOEA Warm-Start,7,40,252.97943431686372
MOEA Warm-Start,7,41,253.59597468409535
MOEA Warm-Start,7,42,253.62070261956347
MOEA Warm-Start,7,43,253.84194465529924
MOEA Warm-Start,7,44,253.86105850999243
MOEA Warm-Start,7,45,254.06473430429773
MOEA Warm-Start,7,46,254.22583101932878
MOEA Warm-Start,7,47,254.46876531944037
MOEA Warm-Start,7,48,254.4768439970643
MOEA Warm-Start,7,49,254.5719753545829
MOEA Warm-Start,7,50,254.1241716255064
MOEA Warm-Start,7,51,253.77644762836158
MOEA Warm-Start,7,52,253.7021714656501
MOEA Warm-Start,7,53,253.69330451402413
MOEA Warm-Start,7,54,253.5693110847758
MOEA Warm-Start,7,55,253.78631773074994
MOEA Warm-Start,7,56,254.00469476721508
MOEA Warm-Start,7,57,253.96967247165745
MOEA Warm-Start,7,58,253.95253645869332
MOEA Warm-Start,7,59,253.8546760953917
MOEA Warm-Start,7,60,253.8876852437677
MOEA Warm-Start,7,61,253.67116350471076
MOEA Warm-Start,7,62,253.79807222483137
MOEA Warm-Start,7,63,253.95155506798534
MOEA Warm-Start,7,64,254.20229862825408
MOEA Warm-Start,7,65,254.17892952482958
MOEA Warm-Start,7,66,254.51628814219168
MOEA Warm-Start,7,67,254.5945429187515
MOEA Warm-Start,7,68,254.36636380809642
MOEA Warm-Start,7,69,254.12873124968337
MOEA Warm-Start,7,70,254.24758784703698
MOEA Warm-Start,7,71,254.1965912956996
MOEA Warm-Start,7,72,254.3507988853713
MOEA Warm-Start,7,73,254.504723560807
MOEA Warm-Start,7,74,254.51027945902763
MOEA Warm-Start,7,75,254.35443247080894
MOEA Warm-Start,7,76,254.63139322306586
MOEA Warm-Start,7,77,254.73736647293237
MOEA Warm-Start,7,78,254.75105565992158
MOEA Warm-Start,7,79,254.57644975002341
MOEA Warm-Start,7,80,254.79640888070657
MOEA Warm-Start,7,81,254.50436916480714
MOEA Warm-Start,7,82,255.12165215253034
MOEA Warm-Start,7,83,255.02356007590703
MOEA Warm-Start,7,84,255.4119231505249
MOEA Warm-Start,7,85,255.42239568711304
MOEA Warm-Start,7,86,255.490159398828
MOEA Warm-Start,7,87,255.52726083365758
MOEA Warm-Start,7,88,255.64357465384785
MOEA Warm-Start,7,89,255.49285812989854
MOEA Warm-Start,7,90,255.52064358964054
MOEA Warm-Start,7,91,255.50942278124415
MOEA Warm-Start,7,92,255.38725221498265
MOEA Warm-Start,7,93,255.53177686810758
MOEA Warm-Start,7,94,255.54799374956616
MOEA Warm-Start,7,95,255.36173717625675
MOEA Warm-Start,7,96,255.2710716352474
MOEA Warm-Start,7,97,255.86196730685606
MOEA Warm-Start,7,98,256.48803254471034
MOEA Warm-Start,7,99,256.52169264028515
MOEA Warm-Start,7,100,256.59938163910135
MOEA Warm-Start,7,101,256.7691994222546
MOEA Warm-Start,7,102,256.98456410811025
MOEA Warm-Start,7,103,256.5694878374381
MOEA Warm-Start,7,104,256.65099775115914
MOEA Warm-Start,7,105,256.80827305659227
MOEA Warm-Start,7,106,256.66066112623565
MOEA Warm-Start,7,107,256.5098543568473
MOEA Warm-Start,7,108,256.5608253513677
MOEA Warm-Start,7,109,256.7276915884107
MOEA Warm-Start,7,110,256.6716972486475
MOEA Warm-Start,7,111,256.4410377300781
MOEA Warm-Start,7,112,256.57922635584305
MOEA Warm-Start,7,113,256.92977341609975
MOEA Warm-Start,7,114,256.96231825756473
MOEA Warm-Start,7,115,257.0479529817596
MOEA Warm-Start,7,116,257.09552417118084
MOEA Warm-Start,7,117,257.3176975844275
MOEA Warm-Start,7,118,257.27401564285213
MOEA Warm-Start,7,119,257.33475073361325
MOEA Warm-Start,7,120,257.3621854457117
MOEA Warm-Start,7,121,257.63491142805685
MOEA Warm-Start,7,122,257.7193456709515
MOEA Warm-Start,7,123,257.83092271146603
MOEA Warm-Start,7,124,257.75413531635087
MOEA Warm-Start,7,125,257.92168034668407
MOEA Warm-Start,7,126,257.9374520044466
MOEA Warm-Start,7,127,258.0665577388995
MOEA Warm-Start,7,128,257.97676028448956
MOEA Warm-Start,7,129,257.2896649545362
MOEA Warm-Start,7,130,257.8646610174342
MOEA Warm-Start,7,131,258.02013679985924
MOEA Warm-Start,7,132,258.12883694608445
MOEA Warm-Start,7,133,258.0439207586391
MOEA Warm-Start,7,134,258.0670873947876
MOEA Warm-Start,7,135,257.85630011783644
MOEA Warm-Start,7,136,257.98020318512926
MOEA Warm-Start,7,137,257.9470824600091
MOEA Warm-Start,7,138,258.34111187428005
MOEA Warm-Start,7,139,259.013131139435
MOEA Warm-Start,7,140,259.0013387264945
MOEA Warm-Start,7,141,259.0673061432634
MOEA Warm-Start,7,142,259.01048847748984
MOEA Warm-Start,7,143,259.31782171384503
MOEA Warm-Start,7,144,259.2795799866418
MOEA Warm-Start,7,145,259.17974562693666
MOEA Warm-Start,7,146,259.49001787060126
MOEA Warm-Start,7,147,259.3286218813174
MOEA Warm-Start,7,148,259.27902741273056
MOEA Warm-Start,7,149,259.37420197866857
MOEA Warm-Start,7,150,259.1061069923603
MOEA Warm-Start,8,1,192.45429416316247
MOEA Warm-Start,8,2,204.0714875261558
MOEA Warm-Start,8,3,207.10199682018896
MOEA Warm-Start,8,4,210.7122684423126
MOEA Warm-Start,8,5,227.9776313592955
MOEA Warm-Start,8,6,229.95382201577894
MOEA Warm-Start,8,7,235.42567435775683
MOEA Warm-Start,8,8,236.86191499446716
MOEA Warm-Start,8,9,239.56004699931958
MOEA Warm-Start,8,10,241.47972452294022
MOEA Warm-Start,8,11,241.74876924479426
MOEA Warm-Start,8,12,242.04557609527276
MOEA Warm-Start,8,13,244.18144425493227
MOEA Warm-Start,8,14,244.05529891625812
MOEA Warm-Start,8,15,244.40973978270912
MOEA Warm-Start,8,16,244.2272822762128
MOEA Warm-Start,8,17,244.76218212181936
MOEA Warm-Start,8,18,244.8465952614806
MOEA Warm-Start,8,19,245.1411113152999
MOEA Warm-Start,8,20,245.3886847525548
MOEA Warm-Start,8,21,245.57000936171147
MOEA Warm-Start,8,22,246.88136866711693
MOEA Warm-Start,8,23,246.9487101197791
MOEA Warm-Start,8,24,246.91568700218733
MOEA Warm-Start,8,25,247.12258573235556
MOEA Warm-Start,8,26,246.8380278257951
MOEA Warm-Start,8,27,246.89026796503484
MOEA Warm-Start,8,28,247.1688224042087
MOEA Warm-Start,8,29,246.98784803117027
MOEA Warm-Start,8,30,246.96553093090083
MOEA Warm-Start,8,31,247.35604373773907
MOEA Warm-Start,8,32,247.41138107096205
MOEA Warm-Start,8,33,247.57308757647786
MOEA Warm-Start,8,34,247.6723186246749
MOEA Warm-Start,8,35,248.11302400141722
MOEA Warm-Start,8,36,248.26175744822274
MOEA Warm-Start,8,37,248.45187749594533
MOEA Warm-Start,8,38,248.2558287001688
MOEA Warm-Start,8,39,248.26481769557455
MOEA Warm-Start,8,40,248.32663787789016
MOEA Warm-Start,8,41,248.63834463689372
MOEA Warm-Start,8,42,248.47609408152954
MOEA Warm-Start,8,43,248.40091528387075
MOEA Warm-Start,8,44,248.64418339859967
MOEA Warm-Start,8,45,248.82376494880765
MOEA Warm-Start,8,46,248.68000451707334
MOEA Warm-Start,8,47,248.72783508625707
MOEA Warm-Start,8,48,248.92002656126374
MOEA Warm-Start,8,49,248.99613863273004
MOEA Warm-Start,8,50,249.1894112763278
MOEA Warm-Start,8,51,249.13825273265843
MOEA Warm-Start,8,52,248.95409596187895
MOEA Warm-Start,8,53,249.19752282825587
MOEA Warm-Start,8,54,249.11544664889277
MOEA Warm-Start,8,55,249.41065431354542
MOEA Warm-Start,8,56,249.52036736549775
MOEA Warm-Start,8,57,249.5649545770019
MOEA Warm-Start,8,58,249.59716870381266
MOEA Warm-Start,8,59,249.88488468183007
MOEA Warm-Start,8,60,249.90317839697738
MOEA Warm-Start,8,61,249.9464095332461
MOEA Warm-Start,8,62,249.94045433626962
MOEA Warm-Start,8,63,249.90175861095088
MOEA Warm-Start,8,64,249.99414186586148
MOEA Warm-Start,8,65,249.8950797008152
MOEA Warm-Start,8,66,250.02475782815242
MOEA Warm-Start,8,67,250.0040312440571
MOEA Warm-Start,8,68,249.96474067528828
MOEA Warm-Start,8,69,249.97424600249627
MOEA Warm-Start,8,70,249.96175205827547
MOEA Warm-Start,8,71,249.74157253829503
MOEA Warm-Start,8,72,249.822007430341
MOEA Warm-Start,8,73,249.90776420996494
MOEA Warm-Start,8,74,249.97776178030114
MOEA Warm-Start,8,75,249.93877088485044
MOEA Warm-Start,8,76,249.80615886507752
MOEA Warm-Start,8,77,250.0316843941224
MOEA Warm-Start,8,78,249.98750029820835
MOEA Warm-Start,8,79,250.0050810374999
MOEA Warm-Start,8,80,250.0523865328765
MOEA Warm-Start,8,81,250.02159795278294
MOEA Warm-Start,8,82,249.83748367417695
MOEA Warm-Start,8,83,249.86170911347955
MOEA Warm-Start,8,84,250.1696217580004
MOEA Warm-Start,8,85,250.18478648207187
MOEA Warm-Start,8,86,250.1396980553115
MOEA Warm-Start,8,87,250.14100176731097
MOEA Warm-Start,8,88,250.1129980888417
MOEA Warm-Start,8,89,250.04374930003178
MOEA Warm-Start,8,90,250.10221890895406
MOEA Warm-Start,8,91,249.9812218010212
MOEA Warm-Start,8,92,250.66893495289713
MOEA Warm-Start,8,93,250.8183916327971
MOEA Warm-Start,8,94,250.7158074279397
MOEA Warm-Start,8,95,250.71050919079602
MOEA Warm-Start,8,96,250.73705261003437
MOEA Warm-Start,8,97,250.54203746166178
MOEA Warm-Start,8,98,250.59031236086167
MOEA Warm-Start,8,99,250.53191509400298
MOEA Warm-Start,8,100,250.87502462277422
MOEA Warm-Start,8,101,251.01176624262868
MOEA Warm-Start,8,102,251.09654896299284
MOEA Warm-Start,8,103,251.10005603680844
MOEA Warm-Start,8,104,250.87439393502143
MOEA Warm-Start,8,105,251.0649835865106
MOEA Warm-Start,8,106,251.07482550967887
MOEA Warm-Start,8,107,251.35039125647467
MOEA Warm-Start,8,108,251.559554013195
MOEA Warm-Start,8,109,251.13509129830874
MOEA Warm-Start,8,110,250.88960340575585
MOEA Warm-Start,8,111,251.00713631893592
MOEA Warm-Start,8,112,251.2148634966979
MOEA Warm-Start,8,113,251.17733106638337
MOEA Warm-Start,8,114,251.44777474956453
MOEA Warm-Start,8,115,251.75041769612255
MOEA Warm-Start,8,116,251.8896564080314
MOEA Warm-Start,8,117,251.90201445085495
MOEA Warm-Start,8,118,251.91848996052838
MOEA Warm-Start,8,119,251.93109608469354
MOEA Warm-Start,8,120,252.0298529333648
MOEA Warm-Start,8,121,251.76671358164248
MOEA Warm-Start,8,122,251.76378699294742
MOEA Warm-Start,8,123,251.81854206631144
MOEA Warm-Start,8,124,251.81334231227984
MOEA Warm-Start,8,125,251.89450925150123
MOEA Warm-Start,8,126,251.8869211622811
MOEA Warm-Start,8,127,251.59103498167642
MOEA Warm-Start,8,128,251.87072593738083
MOEA Warm-Start,8,129,251.95867032811518
MOEA Warm-Start,8,130,251.86535888062798
MOEA Warm-Start,8,131,251.78674700049004
MOEA Warm-Start,8,132,251.57445376298938
MOEA Warm-Start,8,133,251.99502680948402
MOEA Warm-Start,8,134,252.21072484955192
MOEA Warm-Start,8,135,252.11998285772574
MOEA Warm-Start,8,136,251.8845379007975
MOEA Warm-Start,8,137,252.05221394389602
MOEA Warm-Start,8,138,252.2715700994459
MOEA Warm-Start,8,139,252.26725240276528
MOEA Warm-Start,8,140,252.5056422002197
MOEA Warm-Start,8,141,252.30638428571388
MOEA Warm-Start,8,142,252.10974645604938
MOEA Warm-Start,8,143,252.18923359571403
MOEA Warm-Start,8,144,252.1519172291835
MOEA Warm-Start,8,145,252.48522608004845
MOEA Warm-Start,8,146,252.37103900627932
MOEA Warm-Start,8,147,252.6012354876409
MOEA Warm-Start,8,148,252.9458823452745
MOEA Warm-Start,8,149,252.8374272982495
MOEA Warm-Start,8,150,253.0677913075006
MOEA Warm-Start,9,1,177.96543197088567
MOEA Warm-Start,9,2,192.26640127797998
MOEA Warm-Start,9,3,199.82950240850528
MOEA Warm-Start,9,4,207.09176477492784
MOEA Warm-Start,9,5,216.6534879189051
MOEA Warm-Start,9,6,218.30357285464567
MOEA Warm-Start,9,7,226.18462266530707
MOEA Warm-Start,9,8,228.57555131105664
MOEA Warm-Start,9,9,232.53356247982362
MOEA Warm-Start,9,10,234.5983246195989
MOEA Warm-Start,9,11,236.8304117511783
MOEA Warm-Start,9,12,237.39644225549705
MOEA Warm-Start,9,13,244.66776806440254
MOEA Warm-Start,9,14,245.28929704863836
MOEA Warm-Start,9,15,246.26503856914383
MOEA Warm-Start,9,16,246.7604676499564
MOEA Warm-Start,9,17,246.68885927094513
MOEA Warm-Start,9,18,246.98214957494542
MOEA Warm-Start,9,19,248.20229561509856
MOEA Warm-Start,9,20,248.27141216597397
MOEA Warm-Start,9,21,248.7372472182178
MOEA Warm-Start,9,22,248.8739674609223
MOEA Warm-Start,9,23,248.8860692232543
MOEA Warm-Start,9,24,249.1819463897579
MOEA Warm-Start,9,25,249.19873917590604
MOEA Warm-Start,9,26,249.2950861284359
MOEA Warm-Start,9,27,249.17764164954218
MOEA Warm-Start,9,28,249.3385527436313
MOEA Warm-Start,9,29,249.50494909136842
MOEA Warm-Start,9,30,249.3698057220645
MOEA Warm-Start,9,31,248.92085096469967
MOEA Warm-Start,9,32,249.05331707348728
MOEA Warm-Start,9,33,249.17392604333432
MOEA Warm-Start,9,34,249.402580837632
MOEA Warm-Start,9,35,249.20321261904178
MOEA Warm-Start,9,36,250.5785279144383
MOEA Warm-Start,9,37,250.91774281274667
MOEA Warm-Start,9,38,250.91880566495723
MOEA Warm-Start,9,39,250.88690254553046
MOEA Warm-Start,9,40,251.13905665559986
MOEA Warm-Start,9,41,251.11402137442676
MOEA Warm-Start,9,42,251.03914281961693
MOEA Warm-Start,9,43,250.92677039845415
MOEA Warm-Start,9,44,251.7444003598971
MOEA Warm-Start,9,45,251.64376596178047
MOEA Warm-Start,9,46,251.57889007850088
MOEA Warm-Start,9,47,250.98187123096966
MOEA Warm-Start,9,48,251.43871412418935
MOEA Warm-Start,9,49,251.57752840657628
MOEA Warm-Start,9,50,251.53440154442706
MOEA Warm-Start,9,51,251.8136149380198
MOEA Warm-Start,9,52,252.03202822121534
MOEA Warm-Start,9,53,252.1450058911825
MOEA Warm-Start,9,54,252.08482256081288
MOEA Warm-Start,9,55,252.03455023864268
MOEA Warm-Start,9,56,252.064893115546
MOEA Warm-Start,9,57,252.07433034210425
MOEA Warm-Start,9,58,251.77169227019044
MOEA Warm-Start,9,59,251.43288458843978
MOEA Warm-Start,9,60,251.77677563067203
MOEA Warm-Start,9,61,252.4417299893988
MOEA Warm-Start,9,62,252.23040043598485
MOEA Warm-Start,9,63,252.24134174958505
MOEA Warm-Start,9,64,252.28635483348023
MOEA Warm-Start,9,65,252.0455063745797
MOEA Warm-Start,9,66,252.33297154169327
MOEA Warm-Start,9,67,252.3835630523874
MOEA Warm-Start,9,68,252.08173717626178
MOEA Warm-Start,9,69,252.19188379679076
MOEA Warm-Start,9,70,252.54322966647845
MOEA Warm-Start,9,71,252.6278678578588
MOEA Warm-Start,9,72,252.58799658550112
MOEA Warm-Start,9,73,252.64298412683615
MOEA Warm-Start,9,74,252.76128107022453
MOEA Warm-Start,9,75,252.82884004227532
MOEA Warm-Start,9,76,252.87688691520452
MOEA Warm-Start,9,77,252.7278810004995
MOEA Warm-Start,9,78,252.63629339420922
MOEA Warm-Start,9,79,252.73768151170646
MOEA Warm-Start,9,80,252.78847505247114
MOEA Warm-Start,9,81,252.85735330722838
MOEA Warm-Start,9,82,253.21828521723614
MOEA Warm-Start,9,83,253.1874561549266
MOEA Warm-Start,9,84,253.10581104466485
MOEA Warm-Start,9,85,253.1247396188203
MOEA Warm-Start,9,86,252.88555845816666
MOEA Warm-Start,9,87,252.72093646953294
MOEA Warm-Start,9,88,252.96598300811235
MOEA Warm-Start,9,89,253.13949141233957
MOEA Warm-Start,9,90,253.19157699714054
MOEA Warm-Start,9,91,253.34201589817877
MOEA Warm-Start,9,92,253.69061294150143
MOEA Warm-Start,9,93,253.37536099278714
MOEA Warm-Start,9,94,253.16176445331337
MOEA Warm-Start,9,95,253.2590404175752
MOEA Warm-Start,9,96,253.3244300962338
MOEA Warm-Start,9,97,253.266126684612
MOEA Warm-Start,9,98,253.2677434749125
MOEA Warm-Start,9,99,253.19875432860107
MOEA Warm-Start,9,100,253.26878566861072
MOEA Warm-Start,9,101,253.26358009916552
MOEA Warm-Start,9,102,253.2475261057901
MOEA Warm-Start,9,103,253.08281039813642
MOEA Warm-Start,9,104,253.5677422033571
MOEA Warm-Start,9,105,253.51540520817326
MOEA Warm-Start,9,106,253.99480469084438
MOEA Warm-Start,9,107,253.32948028742896
MOEA Warm-Start,9,108,253.67730074826352
MOEA Warm-Start,9,109,253.38821164369676
MOEA Warm-Start,9,110,254.0212312846502
MOEA Warm-Start,9,111,253.86189586967953
MOEA Warm-Start,9,112,253.99789937230722
MOEA Warm-Start,9,113,254.05690032648602
MOEA Warm-Start,9,114,253.72202207192782
MOEA Warm-Start,9,115,254.22620925341448
MOEA Warm-Start,9,116,253.9132805197837
MOEA Warm-Start,9,117,254.1028941164729
MOEA Warm-Start,9,118,254.0903102802132
MOEA Warm-Start,9,119,254.38818873219387
MOEA Warm-Start,9,120,254.31019398633927
MOEA Warm-Start,9,121,254.40835759438414
MOEA Warm-Start,9,122,254.3419701893681
MOEA Warm-Start,9,123,254.24323931727187
MOEA Warm-Start,9,124,254.3038679924499
MOEA Warm-Start,9,125,254.27448401333902
MOEA Warm-Start,9,126,255.64410614990533
MOEA Warm-Start,9,127,255.57891739537524
MOEA Warm-Start,9,128,255.59804867211085
MOEA Warm-Start,9,129,255.42434383580604
MOEA Warm-Start,9,130,255.49058099064197
MOEA Warm-Start,9,131,255.55201818065865
MOEA Warm-Start,9,132,256.2920801953664
MOEA Warm-Start,9,133,256.3495633045131
MOEA Warm-Start,9,134,256.3512914875499
MOEA Warm-Start,9,135,256.7801397297065
MOEA Warm-Start,9,136,256.7049540010429
MOEA Warm-Start,9,137,256.34781841195394
MOEA Warm-Start,9,138,256.5798982432808
MOEA Warm-Start,9,139,256.3592572077715
MOEA Warm-Start,9,140,256.29105776218387
MOEA Warm-Start,9,141,256.3153208136589
MOEA Warm-Start,9,142,256.3025850889871
MOEA Warm-Start,9,143,256.44296266248193
MOEA Warm-Start,9,144,256.51039720548187
MOEA Warm-Start,9,145,256.55219385338427
MOEA Warm-Start,9,146,256.66426147528483
MOEA Warm-Start,9,147,256.6197546006632
MOEA Warm-Start,9,148,256.4484307166632
MOEA Warm-Start,9,149,256.67863240194913
MOEA Warm-Start,9,150,256.52303622147
MOEA Warm-Start,10,1,191.60533002681262
MOEA Warm-Start,10,2,196.53816975497634
MOEA Warm-Start,10,3,204.17840961676163
MOEA Warm-Start,10,4,211.34646728227193
MOEA Warm-Start,10,5,215.52544950062145
MOEA Warm-Start,10,6,222.792543378253
MOEA Warm-Start,10,7,225.53030285672583
MOEA Warm-Start,10,8,230.81135876931722
MOEA Warm-Start,10,9,232.80238599879706
MOEA Warm-Start,10,10,233.90436625635317
MOEA Warm-Start,10,11,235.00223879675787
MOEA Warm-Start,10,12,235.88494224088723
MOEA Warm-Start,10,13,237.8439804430772
MOEA Warm-Start,10,14,238.34858530288858
MOEA Warm-Start,10,15,238.68356863491516
MOEA Warm-Start,10,16,239.9350284804946
MOEA Warm-Start,10,17,242.38713721692488
MOEA Warm-Start,10,18,242.95018958968518
MOEA Warm-Start,10,19,243.39943764461742
MOEA Warm-Start,10,20,245.8252931888108
MOEA Warm-Start,10,21,246.030117643614
MOEA Warm-Start,10,22,246.04876325571087
MOEA Warm-Start,10,23,246.21359520991447
MOEA Warm-Start,10,24,246.09468968133473
MOEA Warm-Start,10,25,246.16621164495734
MOEA Warm-Start,10,26,246.55364354621952
MOEA Warm-Start,10,27,246.613294757386
MOEA Warm-Start,10,28,246.68610149918243
MOEA Warm-Start,10,29,246.76534556675387
MOEA Warm-Start,10,30,246.74646562478114
MOEA Warm-Start,10,31,247.57126669309042
MOEA Warm-Start,10,32,247.31164337695992
MOEA Warm-Start,10,33,247.7322382219976
MOEA Warm-Start,10,34,247.87946853086865
MOEA Warm-Start,10,35,247.8065579188401
MOEA Warm-Start,10,36,247.76937105276585
MOEA Warm-Start,10,37,247.92882532158458
MOEA Warm-Start,10,38,247.89398440516456
MOEA Warm-Start,10,39,247.99949781823358
MOEA Warm-Start,10,40,248.14293458326165
MOEA Warm-Start,10,41,248.22137225405683
MOEA Warm-Start,10,42,248.34211724966354
MOEA Warm-Start,10,43,248.38625624990766
MOEA Warm-Start,10,44,248.58900107796035
MOEA Warm-Start,10,45,249.15323053666023
MOEA Warm-Start,10,46,249.20793307742628
MOEA Warm-Start,10,47,249.14833753165996
MOEA Warm-Start,10,48,248.74699362449064
MOEA Warm-Start,10,49,248.85045248955714
MOEA Warm-Start,10,50,248.8821141502266
MOEA Warm-Start,10,51,248.75666338414965
MOEA Warm-Start,10,52,249.05902305264277
MOEA Warm-Start,10,53,248.7607640666708
MOEA Warm-Start,10,54,249.02083524412814
MOEA Warm-Start,10,55,248.9215282653076
MOEA Warm-Start,10,56,248.79227374937233
MOEA Warm-Start,10,57,249.07313059130277
MOEA Warm-Start,10,58,248.98271470609095
MOEA Warm-Start,10,59,248.75303992303964
MOEA Warm-Start,10,60,249.06795133714772
MOEA Warm-Start,10,61,249.24185137216446
MOEA Warm-Start,10,62,248.89976540602663
MOEA Warm-Start,10,63,249.74870153119224
MOEA Warm-Start,10,64,249.78139553508504
MOEA Warm-Start,10,65,249.8832234670124
MOEA Warm-Start,10,66,249.705179758976
MOEA Warm-Start,10,67,250.25257619603676
MOEA Warm-Start,10,68,250.52423545452996
MOEA Warm-Start,10,69,250.47253958753208
MOEA Warm-Start,10,70,250.2819081264362
MOEA Warm-Start,10,71,250.29545095230225
MOEA Warm-Start,10,72,250.3953684092209
MOEA Warm-Start,10,73,250.76835237991102
MOEA Warm-Start,10,74,250.771953332308
MOEA Warm-Start,10,75,250.82583480912774
MOEA Warm-Start,10,76,250.8894457909825
MOEA Warm-Start,10,77,250.8929218681734
MOEA Warm-Start,10,78,250.77953909275834
MOEA Warm-Start,10,79,250.86393995114537
MOEA Warm-Start,10,80,251.26410165001874
MOEA Warm-Start,10,81,251.21288370426663
MOEA Warm-Start,10,82,251.0981161802627
MOEA Warm-Start,10,83,251.31499842837349
MOEA Warm-Start,10,84,251.21129131624855
MOEA Warm-Start,10,85,251.10934436860163
MOEA Warm-Start,10,86,251.19838039546607
MOEA Warm-Start,10,87,251.25350771455075
MOEA Warm-Start,10,88,251.03129643252907
MOEA Warm-Start,10,89,251.0568313578635
MOEA Warm-Start,10,90,251.0392341882687
MOEA Warm-Start,10,91,251.03145563108086
MOEA Warm-Start,10,92,250.92342611570922
MOEA Warm-Start,10,93,251.20385405320462
MOEA Warm-Start,10,94,251.3737927077242
MOEA Warm-Start,10,95,251.35691518702228
MOEA Warm-Start,10,96,251.7497947388612
MOEA Warm-Start,10,97,251.84833286206234
MOEA Warm-Start,10,98,251.50121516625694
MOEA Warm-Start,10,99,251.4535803303212
MOEA Warm-Start,10,100,251.6462704575671
MOEA Warm-Start,10,101,251.91533630903467
MOEA Warm-Start,10,102,252.23765831257364
MOEA Warm-Start,10,103,252.53432991381177
MOEA Warm-Start,10,104,252.17653219627869
MOEA Warm-Start,10,105,252.1001430869323
MOEA Warm-Start,10,106,252.1985432758434
MOEA Warm-Start,10,107,252.1035958078013
MOEA Warm-Start,10,108,253.46587371429104
MOEA Warm-Start,10,109,253.5365838693233
MOEA Warm-Start,10,110,253.60521500933737
MOEA Warm-Start,10,111,253.5602262975384
MOEA Warm-Start,10,112,253.5860721235681
MOEA Warm-Start,10,113,253.27457594153714
MOEA Warm-Start,10,114,253.60552856808275
MOEA Warm-Start,10,115,253.77763453244324
MOEA Warm-Start,10,116,253.83828992298612
MOEA Warm-Start,10,117,253.9321145700817
MOEA Warm-Start,10,118,253.9174755496994
MOEA Warm-Start,10,119,253.93507209974388
MOEA Warm-Start,10,120,254.04273289980443
MOEA Warm-Start,10,121,253.98831935698792
MOEA Warm-Start,10,122,253.6443789537014
MOEA Warm-Start,10,123,253.92703824986933
MOEA Warm-Start,10,124,253.91162750383998
MOEA Warm-Start,10,125,253.9925489187417
MOEA Warm-Start,10,126,254.76000396250606
MOEA Warm-Start,10,127,254.76349348962015
MOEA Warm-Start,10,128,254.6518000670597
MOEA Warm-Start,10,129,254.98659903918826
MOEA Warm-Start,10,130,255.12954719333044
MOEA Warm-Start,10,131,254.7371851149979
MOEA Warm-Start,10,132,254.96652187365476
MOEA Warm-Start,10,133,255.0116534219207
MOEA Warm-Start,10,134,255.4465128250685
MOEA Warm-Start,10,135,255.52670120781698
MOEA Warm-Start,10,136,256.0135259685735
MOEA Warm-Start,10,137,256.0017993563075
MOEA Warm-Start,10,138,256.1016362944194
MOEA Warm-Start,10,139,256.33531275188636
MOEA Warm-Start,10,140,256.1903833439038
MOEA Warm-Start,10,141,256.33442197134593
MOEA Warm-Start,10,142,256.5249181315139
MOEA Warm-Start,10,143,256.4830161199577
MOEA Warm-Start,10,144,256.5225594493011
MOEA Warm-Start,10,145,256.5152621516984
MOEA Warm-Start,10,146,256.5613347587243
MOEA Warm-Start,10,147,256.342965851293
MOEA Warm-Start,10,148,256.1374384482872
MOEA Warm-Start,10,149,256.08127826871373
MOEA Warm-Start,10,150,256.10523334438807
