algoritmo,retorno,risco,sharpe,score_esg,PETR4.SA,VALE3.SA,ITUB4.SA,BBDC4.SA,BBAS3.SA,ITSA4.SA,ABEV3.SA,WEGE3.SA,RENT3.SA,SUZB3.SA,GGBR4.SA,CSNA3.SA,CMIG4.SA,EQTL3.SA,RADL3.SA,LREN3.SA,B3SA3.SA,PRIO3.SA,HAPV3.SA,TOTS3.SA,RAIL3.SA,SBSP3.SA,VIVT3.SA,KLBN11.SA
NSGA2,0.1866924224796674,0.1903262614344574,0.9809073171121927,80.3062038530152,0.0,0.0,0.18858861433819996,0.07432148567863803,0.0,0.05978559892409175,0.0,0.13282729832901322,0.0,0.0,0.0,0.0,0.12111777325084183,0.0,0.0,0.0,0.0750816767158963,0.0,0.0,0.06008841085488848,0.0,0.1843062674888582,0.10388287441957228,0.0
NSGA2,0.25625039737476124,0.17567488920233773,1.458662638344509,63.43802224223509,0.17526128865595317,0.0,0.17242568216493817,0.0,0.0,0.0800404249853823,0.0,0.08166974688733158,0.0,0.0,0.0,0.0,0.08996392362740388,0.0,0.0,0.0,0.0015978687697340828,0.09595888832873935,0.0,0.0,0.0,0.1922894138561734,0.11079276272434418,0.0
NSGA2,0.15343254352325175,0.14558137479658378,1.0539297608477607,72.0360232185771,0.08792948193335737,0.029423326247696658,0.1243311933960768,0.0026685598549525966,0.013268367906781342,0.03909947562757532,0.07262208052560892,0.10496723970175792,0.0,0.10051972299949796,0.005208882412572841,0.0,0.0286645657047914,0.048531191414527226,0.0052633701827466415,0.0,0.0,0.006736480978582809,0.0,0.0,0.0,0.07449578219120039,0.12863779242645917,0.12763248649581466
NSGA2,0.24866542249754592,0.17324600147963584,1.435331380659745,65.16681141824827,0.1620230271873913,0.0,0.1677752817925934,0.0,0.0,0.07576054667939569,0.0,0.12408343155616325,0.0,0.0,0.003475514841847945,0.0,0.08358137366992383,0.0,0.0,0.0,0.0,0.08830698366157172,0.0,0.0,0.0,0.1845575946312462,0.10615923986771386,0.004277006112152837
NSGA2,0.2381758133834464,0.16575120503259308,1.4369477032556828,60.02824294905108,0.16871920640348162,0.032264132403285226,0.015787668794868284,0.0,0.010526999230236674,0.10703417382986749,0.047213886031824005,0.10344551918505585,0.0013227603972688791,0.0003402575327839249,0.0,0.00040781294356500685,0.08298904103204748,0.023634815498391623,0.0,0.0,0.0,0.07766142879214136,0.0,0.0,0.000397000428610534,0.18584907736653605,0.12690922410050542,0.015496996029530544
NSGA2,0.1890620128763567,0.18267417540088085,1.0349684757654314,79.53443729404991,0.0,0.0,0.16676117080714806,0.08596463031000807,0.0,0.08148837516220762,0.0,0.12541714512214047,0.0,0.03669744594503509,0.0,0.0,0.11940611500822228,0.002068122514049952,0.0,0.0,0.07216095422416666,0.007460759529414065,0.0,0.0,0.0,0.18661683941412377,0.10941390277066038,0.006544539192823713
NSGA2,0.19500363534273338,0.1865255095729778,1.0454529023357984,78.60203112939129,0.018217611749392685,0.0,0.1924846287011531,0.07201241869125227,0.00939050695370029,0.08592260441199105,0.0,0.12255647425741754,0.0034461929746240406,0.0,0.0,0.0,0.12322204127143097,0.0,0.0,0.0,0.07501561406822012,0.0,0.0,0.0069249977019761565,0.0,0.17942062482174456,0.09345840046379124,0.017927883933305928
NSGA2,0.22563524465526677,0.16346044108450064,1.3803660577339625,67.58292320859681,0.12885044608652815,0.0,0.1386922117383104,0.0,0.0,0.08687215535545974,0.0,0.11131841602829207,0.0,0.09481633615628852,0.0,0.0,0.061768490524159815,0.0,0.0009538649987035384,0.0,0.0,0.09033746151054556,0.0,0.0,0.0,0.1824502044735092,0.10394041312820292,0.0
NSGA2,0.11923563584331968,0.1517621580281571,0.7856743564571438,79.39204216189464,0.009484620663301635,0.00024603050234056986,0.16303037747307042,0.0428196944445833,0.002020207064365509,0.039666410017843795,0.07555435106244289,0.1327921204769189,0.00010446976070810578,0.12529340014058596,0.00869787604808975,0.00017501476618764098,0.03455531819560553,0.04129597634839775,0.013973114881539208,0.0006475621747238007,0.0019039633048280697,0.003465189350761269,0.0009874795852988598,0.009405301612408313,0.0023674171986588152,0.025158518288078684,0.13546803996040718,0.1308875466788541
NSGA2,0.1748318898438268,0.15371431383068432,1.1373819749564988,76.26666848399891,0.09496035931925026,0.0,0.16794192841117206,0.02608157655748084,0.0,0.023486165264385718,0.06153590400026635,0.11315917410880803,0.0,0.08566424408965093,0.0,0.0,0.029474631922483886,0.0,0.00882353059596333,0.0,0.0,0.0,0.0,0.004517081061762538,0.0,0.16080620928814163,0.10694079680610859,0.11660839857452586
NSGA2,0.2352887104951723,0.1639699777592581,1.4349499445601248,62.96434406768863,0.16797087113220413,0.00027220190299085024,0.014384043235567105,0.0,0.009856186209995812,0.10442415116424444,0.04646555076054652,0.12184987076279574,0.0,0.04846581229914423,0.0,0.0,0.08218175164960712,0.015815152502981936,0.0,0.0,0.0,0.07691309352086387,0.0,0.0,0.0,0.18524042602983018,0.12616088882922794,0.0
NSGA2,0.14431951172528065,0.16963282160180757,0.8507758720423407,83.63579411054116,0.009288171027791193,0.0,0.16442019434231264,0.09920538381812706,0.0,0.0,0.0,0.12337352221279833,0.0,0.08992130739035993,0.0,0.0,0.00029589575415233207,0.0,0.0,0.0,0.05742790312586605,0.0,0.0,0.05669690377411187,0.0,0.17890047238987067,0.10350479768413343,0.1169654484804765
NSGA2,0.1713188753576091,0.14847096633882448,1.153888060286774,68.72367687113044,0.14861804236568463,0.02599763747223069,0.12090550462061082,0.0008491444788993206,0.010856582770167666,0.035928490034395334,0.04710621059079366,0.09161357124804842,0.0008491444788993206,0.09707997256299265,0.0008491444788993206,0.0008491444788993206,0.07817863767534687,0.04563383133650871,0.0009548535763850068,0.0008491444788993206,0.0020862755976898285,0.0016477701794939557,0.0008491444788993206,0.0008491444788993206,0.0008491444788993206,0.06540926026880406,0.1058135518654888,0.1153766520041642
NSGA2,0.1945595879649965,0.18708829707583863,1.0399345710337473,78.9325594037152,0.006906417893937369,0.0008154000633266439,0.19486745951167767,0.07253498425294054,0.009880107430855862,0.08838419135387064,0.0008154000633266439,0.12353177659117466,0.0011870392463542326,0.0032148850684916566,0.000777085940793615,0.0008154000633266439,0.12399050943762832,0.0008154000633266439,0.0008154000633266439,0.0008154000633266439,0.06616639458790378,0.0008154000633266439,0.0007781666616609299,0.0077403977653028,0.0008154000633266439,0.18867041378792304,0.0940295815258088,0.010817388437062841
NSGA2,0.22124040954829616,0.16752141509898114,1.3206694166090633,71.10094758834413,0.161586951766909,0.0,0.1678745990112871,0.0,0.0,0.066173458011877,0.0,0.12577173834840116,0.0,0.0,0.0,0.0,0.07180006356280043,0.0,0.0,0.0,0.014683843228205774,0.0014056556767272123,0.004505291442229865,0.0015521160564149043,0.003552935158680351,0.1861765456622659,0.11297285107670736,0.08194395099749394
NSGA2,0.21517769206978138,0.1678172609178917,1.282214301990436,71.76272954709285,0.1495221627815697,0.0,0.16164069757788663,0.0,0.0,0.07626088765949399,0.0,0.11172609070898795,0.0,0.0,0.0,0.0,0.08701686056572268,0.004790147230932351,0.0,0.0,0.04305287474230654,0.0,0.0,0.0,0.0,0.16986930120513383,0.09232677325983547,0.10379420426813085
NSGA2,0.2520299766643428,0.174681628709496,1.4427961230169248,64.10117981005212,0.16201311336404348,0.0,0.16783443747066673,0.0,0.0,0.10971763793522205,0.0,0.07916263509328675,0.0,0.0,0.0034656010185001363,0.0,0.08988369017347765,9.122737819315131e-05,0.0,0.0,0.0,0.08829706983822391,0.0,0.0,0.0,0.189118169395215,0.10614932604436605,0.004267092288805029
NSGA2,0.23182223368477012,0.1649644424514778,1.4052860740153605,67.33337122435023,0.13738728089224955,0.009695865983639725,0.15005897231405935,0.0,0.0029508202769909985,0.07075383907861008,0.0021619579546744636,0.0918696704034602,0.0,0.055816196711229234,0.0027663252137065143,4.468936315841338e-05,0.10824003868959642,0.0005763979922635601,0.0,0.0,0.0,0.05387088418027393,0.0,0.0,0.0,0.18600407952600978,0.12035321273309131,0.007449768686986548
NSGA2,0.1858103013903529,0.1880498078317743,0.9880908868387421,80.21181530956247,0.0,0.0,0.18076476067703381,0.06827367147976271,0.0,0.059355220715135465,0.0,0.13035851482886868,0.0,0.010940272818516263,0.0,0.0,0.12068739504188555,0.0,0.0,0.0,0.07465129850694002,0.0,0.0,0.058658162451812296,0.0,0.18387588927990192,0.11243481420014316,0.0
NSGA2,0.21293999416836368,0.15744220746049406,1.352496243561596,61.828183399495586,0.1775391353319227,0.030709154103451354,0.014321122942330877,0.0,0.018335390009554264,0.04298896916283363,0.0622464151749035,0.08536312582387005,0.0,0.11794226383365829,0.0002841576737761088,0.0,0.005779976971424626,0.024104164923689667,0.006038172422630446,0.001258105005574113,0.005665095745189904,0.08220854106966524,0.0,0.0,0.0,0.1959385277263823,0.11446849233941274,0.014809189739730192
NSGA2,0.1503708704813519,0.15809860757623695,0.9511207770052076,81.37430727746911,0.005412791216251121,0.0010853721442073564,0.19091601214373158,0.04180748973381418,0.006314812761584214,0.028506428285726318,0.06397469805624124,0.13787955190204582,0.0010853721442073564,0.0925614860481762,0.0010853721442073564,0.0010853721442073564,0.02599297046059431,0.0010853721442073564,0.0010853721442073564,0.0010853721442073564,0.0010853721442073564,0.0010853721442073564,0.0010853721442073564,0.007531272668283028,0.0010853721442073564,0.15063231975166755,0.11420961050786928,0.12232146287773428
NSGA2,0.19561200731379425,0.1852252946660943,1.0560761027073764,78.5908751175588,0.0020178905533443188,0.0010822367972750904,0.1967550921494596,0.008606746906012321,0.013445815745900128,0.08154614821266347,0.0015589679741231613,0.13899703451389694,0.0,0.001674377983028297,0.002603983038255148,0.002496778710780922,0.08722240025197377,0.024445672590597448,0.012427768698438967,0.0031949133654227686,0.07848350966567648,0.004201854459492643,0.0010517398345571097,0.007623758821306333,0.0016259385822176744,0.1972736019234204,0.12683720406156662,0.004826565160590352
NSGA2,0.24515984919818748,0.17200156936605013,1.4253349553831305,64.76148603050959,0.1682222711900071,0.0,0.17246122840369574,0.0,0.010303108172412942,0.09852677584680676,0.0,0.06959634369104202,0.0,0.0,0.0,0.0,0.08119783021074213,0.01649191316264737,0.0,0.0,0.0,0.0714507499485174,0.0,0.0,0.0,0.17954827435513987,0.10515162819749714,0.02704987682149159
NSGA2,0.17845273748682156,0.14819023824542102,1.2042138510586788,67.95853138712127,0.13414567095735455,0.018207601874196528,0.1229599649832426,0.0,0.01130075119379617,0.03781383003038622,0.047067374311368926,0.08515154662598826,0.0,0.10030692842628652,0.0,0.0,0.06853987722404527,0.007680873719267018,0.0026219559567189393,0.0,0.0,0.04819801899365524,0.0,0.0,0.0,0.07301963451997845,0.12726656401362493,0.11571940717009051
NSGA2,0.18242316929593203,0.14940178484736236,1.2210240291460122,65.7447772725435,0.13422673984243075,0.02539273700351844,0.12275459601424576,0.0,0.012002854569178635,0.037821990443404264,0.04749313894986935,0.0847690850456344,0.0,0.06635091867441623,0.0,0.0,0.02706469421916774,0.047993922671085695,0.0,0.0,0.0,0.07417976232302971,0.0,0.0,0.0,0.07428702384210306,0.12735237332264077,0.1183101630792751
NSGA2,0.16635748830508412,0.1465693156728034,1.1350089719764755,69.61556425057508,0.135910735687385,0.02894493902593929,0.12544140190311354,0.0003673318443715136,0.014142536937938821,0.039505986288358476,0.04917713479482356,0.08645308089058862,0.0003673318443715136,0.10318573808908227,0.0003673318443715136,0.0003673318443715136,0.02874869006412195,0.04885451862907012,0.005662255120423992,0.0003673318443715136,0.0003673318443715136,0.006778261564064971,0.0003673318443715136,0.0003673318443715136,0.0003673318443715136,0.07597101968705727,0.1290630277713594,0.11885468694732912
NSGA2,0.2060975687286675,0.18221938534877263,1.131040851302354,76.83341754793545,0.017090279884072388,0.00040034439493485507,0.19350157939270363,0.003040127104965788,0.0126880897173889,0.10642993571617304,0.00040034439493485507,0.13597329445932063,0.00040034439493485507,0.00040034439493485507,0.0012885640885596877,0.001128969412868299,0.11680847705074256,0.03116475692235985,0.0074919892701373406,0.00040034439493485507,0.055256786393617544,0.0065201717475066095,0.00040034439493485507,0.00040034439493485507,0.00040034439493485507,0.1821904651684722,0.1257943883920485,0.0004293701195842487
NSGA2,0.2101997417607969,0.1810831542793034,1.1607912541471634,73.40975176130033,0.00913920586895615,1.7668488791668877e-05,0.1589773640547495,0.08615340738193299,1.7668488791668877e-05,0.06294799836001454,1.7668488791668877e-05,0.12883284753689472,1.7668488791668877e-05,0.0003232675735209586,1.7668488791668877e-05,1.7668488791668877e-05,0.11304364125142141,1.7668488791668877e-05,1.7668488791668877e-05,7.156476877181403e-06,0.0447326314269735,0.09741428476117238,1.7668488791668877e-05,1.7668488791668877e-05,1.7668488791668877e-05,0.18587336593664505,0.112283964869624,7.651112450923914e-05
NSGA2,0.25387440820400986,0.17501360012500655,1.4505981707860165,63.26095577583564,0.17021370347565903,0.0006811801557910355,0.15967313670129732,0.0006811801557910355,0.0006811801557910355,0.08100519618469006,0.0006811801557910355,0.08263451808663934,0.0006811801557910355,0.0006811801557910355,0.0006811801557910355,0.0006811801557910355,0.09092869482671163,0.0006811801557910355,0.0006811801557910355,0.0006811801557910355,0.0006811801557910355,0.09702438657681618,0.0006811801557910355,0.0006811801557910355,0.0006811801557910355,0.19325418505548114,0.11436729660004886,0.0006811801557910355
NSGA2,0.1488607581154,0.16443885581586712,0.9052651052381991,83.49354670592956,0.00010098008471386996,0.00010098008471386996,0.17484330918726423,0.06572437558531859,0.00010098008471386996,0.03594277263129095,0.00010098008471386996,0.13417678577544626,0.00010098008471386996,0.1050290776647737,0.00010098008471386996,0.00010098008471386996,0.004409286832158827,0.00037186752406423597,0.00010098008471386996,0.00010098008471386996,0.005154661407161626,0.00010098008471386996,0.00010098008471386996,0.05871092766697389,0.00010098008471386996,0.17813938685453104,0.12049407822598993,0.11579170962846029
NSGA2,0.19829296953397224,0.15686158118769084,1.2641270605114403,71.71130900540018,0.11792782391798055,5.2498162660953206e-05,0.12199412073306458,0.00033148719194038014,0.011133958917266524,0.038759558618570375,0.06372253038390781,0.1026301670387457,5.2498162660953206e-05,0.018252041581549736,0.002296397241046449,5.2498162660953206e-05,0.10207426724966845,5.2498162660953206e-05,0.0028830519933890205,5.2498162660953206e-05,5.2498162660953206e-05,0.00036299721117449504,0.0022715767794973312,8.256867702056503e-05,0.00012195353921933096,0.1632926532187366,0.1262524428984539,0.12529541383280246
NSGA2,0.23837119894943348,0.1653110928792378,1.441955254167772,58.90961838668953,0.17725307658618353,0.03288437576669094,0.016085386575743196,0.0,0.0,0.10297099696489673,0.06312415619494462,0.09181202836594157,0.0,0.0,0.0005716891626017823,0.0,0.09137681129438545,0.024117049735617593,0.0,0.0,0.0010545597534184783,0.08439415915944223,0.0,0.0,0.0,0.17361950307253152,0.12508037136608924,0.015655836001513258
NSGA2,0.25549821732578204,0.1753501502641867,1.457074413342916,63.733694803954606,0.169532523319868,0.0,0.17534028028449097,0.0,0.0,0.08032401602889902,0.0,0.0819533379308483,0.0,0.0,0.0,0.0,0.0902475146709206,0.0,0.0,0.0,0.0,0.09634320642102515,0.0,0.0,0.0,0.19257300489969012,0.11368611644425783,0.0
NSGA2,0.1899741768615162,0.1609973852701166,1.1799829950205911,75.18681115540133,0.07932898333457715,0.0,0.15536556167572016,0.03505024179465266,0.0,0.0733457367266608,0.07566207180621841,0.1005477426381891,0.0,0.0025691103754442455,0.0,0.0,0.026673515960978826,0.018744212763680376,0.006277569017369746,0.0,0.0,0.0,0.0,0.0015706620442763341,0.0,0.18802341069541137,0.12207726537043485,0.11476391579638608
NSGA2,0.2187988945951802,0.16132975421683676,1.3562215826666513,69.58628884996992,0.13468270633687546,0.0,0.16574465780366063,0.0,0.0,0.09322421212816738,0.0,0.08736528096855724,0.0,0.1070927121363667,0.0,0.0,0.06683653833107914,0.0,0.006454901426720146,0.0,0.0,0.04859613273556055,0.0,0.0,0.0,0.17307373218276256,0.11692912595025014,0.0
NSGA2,0.23415259563783805,0.1778225592801651,1.3167766597539696,70.3697108645996,0.16096412676490598,0.0,0.17361161557775878,0.0,0.0,0.08770285164283026,0.0,0.12316805469232422,0.0,0.0,0.0,0.0,0.09845882454905895,0.01614937880265921,0.0,0.0,0.05449483872564281,0.0,0.0,0.0,0.0,0.181681572001648,0.10376873724317175,0.0
NSGA2,0.20511866651738048,0.18406277196711512,1.1143951833672656,77.17113166174784,0.016689935489137532,0.0,0.19310123499776877,0.0026397827100309327,0.01185610290723527,0.10602959132123818,0.0,0.13557295006438577,0.0,0.0,0.0008958841713340984,0.0007286250179334441,0.11550786991920182,0.030764412527424994,0.0,0.0,0.07699849597873575,0.006362085391362462,0.0,0.0,0.0,0.17642445713473218,0.12539404399711365,0.0010345283723652524
NSGA2,0.1632533342344155,0.14760794243491662,1.1059928858936383,72.09561095322667,0.1291340910465175,0.02333768592063444,0.14034476222585807,0.0,0.008535283832633973,0.03389873318305363,0.04356988168951871,0.13089625241299233,0.0,0.11568135093576361,0.0,0.0,0.023141436958817103,0.04316753623050014,5.500201511914309e-05,0.0,0.0,0.0011710084587601222,0.0,0.0,0.0,0.07036376658175242,0.12345577466605454,0.11324743384202426
NSGA2,0.1781890990361871,0.14803437715479337,1.2037008055896516,66.85663182501473,0.13554340384301347,0.028577607181567776,0.12436243829284115,0.0,0.013775205093567307,0.03913865444398696,0.04880980295045204,0.0860857490462171,0.0,0.06787472978049691,0.0,0.0,0.02838135821975044,0.048487186784698606,0.005294923276052478,0.0,0.0,0.04976938884158861,0.0,0.0,0.0,0.07560368784268576,0.1286690373232235,0.11962682707985779
NSGA2,0.19863840265465105,0.16414510892596823,1.2101390285362676,73.76063626107779,0.14772701764865673,0.0,0.14758159193837858,0.07498144765517256,0.0,0.023488598005101023,0.0,0.10863977826648974,0.0,0.09070393723108368,0.0,0.0,0.054252540195891874,0.0,0.0,0.0,0.03273102410495467,0.0,0.0,0.0,0.0,0.17824964673439317,0.09605065215453833,0.045593766065339686
NSGA2,0.20994284340358643,0.16280561281202038,1.289530746375384,72.77140327611914,0.13696802669986752,0.0021360546492746693,0.1769028761729248,0.003287730075474341,0.002154605473127128,0.08312659568607313,0.0021360546492746693,0.1273442273067628,0.0021360546492746693,0.09239471768877681,0.0,0.0021360546492746693,0.02908805665847409,0.0028939550191386687,0.004650542506070729,0.0014123390883901837,0.0021360546492746693,0.006013073326327372,0.0015899594548594636,0.002128237782761416,0.002112662946315202,0.1851751032865914,0.12823898425151545,0.0038380333301761575
NSGA2,0.15674341299337763,0.15563412913415076,1.0071275103050867,78.40140879737612,0.0018238184170308923,0.030671535697435588,0.12483321815404697,0.0007348861681461437,0.0005367707693548603,0.0398735406121331,0.04923029085816133,0.1316081458582415,0.0007478058034485917,0.10360857281809438,0.0,0.0,0.02288939005188532,0.04959800280157359,0.006047400355196892,0.0017884224038801088,0.0011739159412094606,0.0,0.00038700639613205334,0.0,0.0,0.18524298119274227,0.1299820544301831,0.11922224127110374
NSGA2,0.2024288613821856,0.177044394848772,1.1433791030498115,75.97944293460972,0.022226781415663737,0.0032753980031373993,0.19864512643918913,0.0032753980031373993,0.01539720306129102,0.1115664372477644,0.004015153169434538,0.141109795990912,0.0032753980031373993,0.005056424388941355,0.00449401732798465,0.004386813000510424,0.08924812388174538,0.040769445641947386,0.0032753980031373993,0.0032852990069788903,0.007459586232450099,0.004821463826182295,0.0032753980031373993,0.0032753980031373993,0.003277500303719736,0.18782256618830584,0.1291991591839912,0.007566715674163467
NSGA2,0.14217366636381598,0.14693708045690582,0.9675819467878507,74.55410920061017,0.1014890281479825,0.0,0.14950666634922444,0.029211391957616465,0.0,0.03678809284705697,0.07325545181639762,0.11631299631701443,0.0,0.12239174865298452,0.005796224560488311,0.0,0.031220505461593977,0.040079019334921195,0.010576186227024198,0.0,0.0,0.0005635378631598309,0.0,0.0,0.0,0.022256866800477244,0.13256638847280575,0.12798589519125267
NSGA2,0.1313863339622794,0.15787647375870997,0.8322097069578795,82.4673376732041,0.0,0.0,0.18089253834675142,0.09646633048336843,0.0023327548461873995,0.04450321941149503,0.06516409473006307,0.13508207670068131,0.0,0.12159296255719881,0.002392536069687662,0.0,0.011347577314645649,0.0,0.0,0.0,0.0,0.0,0.0,0.004815749095814141,0.0,0.09941547855820101,0.11660250887608428,0.11939217300982177
NSGA2,0.15544940384845607,0.15856288217923706,0.9803643936841312,81.77618914389942,0.006295740185503143,0.0,0.19179896111298358,0.0426904387030662,0.0,0.029365042093791063,0.06566951566871362,0.13263885792733104,0.0,0.09156645523587087,0.0,0.0,0.026875919429846334,0.0,0.0003732583731304662,0.0,0.0,0.0,0.0,0.00841422163753505,0.0,0.1667084204343616,0.11509255947712131,0.1225106097207458
NSGA2,0.1969210005323187,0.1531855573629906,1.285506309616983,64.88490293705301,0.13191262469502577,0.024946828033580056,0.00931941619726204,0.0,0.0,0.03165045568559014,0.04517902380246432,0.08245496989822938,0.0,0.09918762709672303,0.0,0.0,0.02471214788689557,0.044856407636710886,0.0016641441280647597,0.0,0.0,0.08480022538853019,0.0,0.0,0.0,0.18463438657677686,0.12506491677900017,0.10961682619514689
NSGA2,0.229756920658028,0.17656842277018678,1.3012344849286495,70.09710253319764,0.16212391605671211,0.0011597892918061366,0.17562246732096684,0.0013643188815011986,0.0013346473897298517,0.08869720024414891,0.0011597892918061366,0.10517515713511298,0.0011597892918061366,0.0011597892918061366,0.0013459307771080617,0.0011597892918061366,0.08998567014021303,0.0013985147970556945,0.0011597892918061366,0.0011597892918061366,0.05565462801744894,0.0011597892918061366,0.0011717117915903013,0.0013562834737567923,0.0011808522942070745,0.18279675897930542,0.10492852653497789,0.01658510183171578
NSGA2,0.17991304131440583,0.17213267348387168,1.0451998314617656,79.89795393002345,0.0,0.0,0.18452257852309079,0.0,0.0012746551451926996,0.06931363458629465,0.05230239311908456,0.1283987474487951,0.0,0.0,0.0,0.0,0.07435629275608481,0.012149246935899412,0.0,0.0,0.06642348338273062,0.0,0.0,0.0,0.0,0.18464682453499648,0.11430552749070877,0.11230661607712214
NSGA2,0.12361607676017604,0.15927727515681672,0.7761061748354849,83.09176454904141,0.0,0.0,0.17641090835075374,0.09752251569064581,0.0,0.0035684035453765607,0.06481401595738451,0.13409968257728613,0.0,0.11299322515496336,0.0,0.0,0.010834058603659748,0.0005532331822823483,0.0001413286385196655,0.0,0.0,0.0,0.0,0.062173851489417876,0.0,0.1005050318810331,0.11598486855646026,0.12039887637221684
NSGA2,0.21896125120776927,0.16076641802805242,1.361983764355329,69.14036098073507,0.13656243266331922,0.0,0.14794754922156006,0.0,0.0,0.09510393845461115,0.0008795716441066873,0.08924500729500101,0.0,0.10897243846281048,0.0,0.0,0.06871626465752291,0.0,0.008334627753163916,0.0,0.0,0.05047585906200432,0.0,0.0,0.0,0.17495345850920632,0.11880885227669391,0.0
NSGA2,0.19416613400864247,0.18784254726315971,1.0336642940463519,79.26165596330023,0.006233638178125153,3.873936892014094e-05,0.19409079881727115,0.07205115806017241,0.00910344673644936,0.08761415249691525,3.873936892014094e-05,0.12275511589676816,0.003484932343544182,3.873936892014094e-05,3.873936892014094e-05,3.873936892014094e-05,0.1232607806403511,3.873936892014094e-05,3.873936892014094e-05,3.873936892014094e-05,0.07505435343714026,3.873936892014094e-05,3.873936892014094e-05,0.006963737070896297,3.873936892014094e-05,0.18789375309351655,0.0932529208314023,0.017815079339326342
NSGA2,0.14752660034746606,0.15992436687252082,0.9224773136983104,82.19599854617229,0.0013550754262524804,0.0012079578070403694,0.15950489600607165,0.061124845567267154,0.0012011762633274497,0.03755653112898653,0.03164813914874417,0.13115455123217304,0.0010370222872345834,0.1038218100981735,0.0015274603669311927,0.0012011762633274497,0.0012011762633274497,0.0022123559870028168,0.014181690454342557,0.0010386474941291083,0.0012011762633274497,0.0011981226026916525,0.0012011762633274497,0.012680480924163589,0.0012011762633274497,0.17927103279290366,0.12111115443580807,0.13116116866011934
NSGA2,0.16170236752885236,0.1472721443222937,1.097983384929734,71.48226645393295,0.09319492916526123,0.030104471702865884,0.12486548111368705,0.0,0.014425105651972196,0.03980204289284737,0.051230748691612794,0.10435552942869195,0.0014256592678094208,0.10105044011565316,0.0,0.0,0.08294579272926117,0.022029353456133285,0.0060545013475040935,0.0,0.0,0.007718972159672514,0.0,0.008665023468796919,0.0,0.0694933592300591,0.12931893788162838,0.11331965169654344
NSGA2,0.22733687897906282,0.16002338668827884,1.420647842067665,62.16665638941572,0.17236459915272728,0.0,0.009559673415252719,0.0,0.0,0.09980207123355872,0.04183946322113977,0.08032281592169342,0.0,0.10518642230961733,0.0,0.0,0.08217605453054895,0.018223489604076378,0.0,0.0,0.0,0.08904525239814501,0.0,0.0,0.0,0.17252402578298956,0.12657995845629472,0.002376173973956113
NSGA2,0.2064743510484947,0.18439536123978867,1.1197372301572945,77.0980486769363,0.016089106111655115,0.0015274406613277232,0.19249639211334088,0.002065947368318083,0.009259527757282402,0.10619456049851,0.0,0.13497212068690337,0.0,0.0,0.0,0.0,0.1261571708743385,0.030705048264193707,0.0,0.0,0.07433902406247166,0.005761256013880049,0.0,0.0015629526449914694,0.0,0.17881543051124388,0.11962032343666038,0.00043369899488283827
NSGA2,0.19254419886840143,0.18803416641767925,1.023985175336189,79.77354460310008,0.0,0.0,0.17144483572713448,0.09094112973163292,0.0,0.0861786619196452,0.0,0.1301008100421269,0.0022832675953710665,0.0,0.0,0.0,0.12300630077080127,0.0,0.0,0.0,0.07799284125660833,0.0,0.0,0.0,0.0,0.1913005043341102,0.10980140583026887,0.016950242792300826
NSGA2,0.1848998299677619,0.14990994048086403,1.233406066166535,66.5192777973879,0.13750290808279597,0.02158493393815693,0.12445669313713055,0.0003791558137835306,0.003371404697798804,0.04111351319834883,0.05041919362146465,0.08852887868994866,0.0004140976083408247,0.06968671347691047,0.0031312890221065273,0.001974858754361866,0.07191720928800567,0.011828899711370116,0.00647129175257796,0.001974858754361866,0.0004083418860924011,0.054196826133221715,0.0003853684962510211,0.00036642789894581997,0.00048470178659325037,0.07757854659704762,0.13064389607758536,0.10117999157679937
NSGA2,0.1525159154268026,0.16300100478228813,0.9356746949536298,82.94779883745895,4.4647987651493773e-07,4.4647987651493773e-07,0.17474233954483653,0.04396204561653313,2.68067484954413e-05,0.035842239026453594,4.4647987651493773e-07,0.1340762521706089,4.4647987651493773e-07,0.10480372927154488,4.4647987651493773e-07,1.3767233490331553e-05,0.008553372355198766,0.0003233287657100986,4.4647987651493773e-07,4.4647987651493773e-07,0.002698591439363901,0.004219159666402226,4.4647987651493773e-07,0.059684456242944155,0.0008973639800716764,0.17803885324969368,0.13644958307262306,0.11566453977701742
NSGA2,0.12899143861793977,0.15736894237570326,0.8196753226566464,81.59725799679555,0.0009967774667560588,0.0009967774667560588,0.1748196259143484,0.04368780101284139,0.0009967774667560588,0.03469314748196148,0.0626273508745138,0.13191301749441545,0.0009967774667560588,0.11080656007209268,0.0012361280186965428,0.0009967774667560588,0.008647393520789061,0.0009967774667560588,0.0013798081479328,0.0009967774667560588,0.002920515857159401,0.004360401582369615,0.0026194058094547662,0.05976098302075154,0.001004432845788247,0.09831836679816242,0.13676069921483971,0.11746692006659036
NSGA2,0.22791593814614783,0.17878307738488505,1.2748182964514552,71.87529310626644,0.14939309031205045,0.00028245973114873003,0.18620738362757258,0.0008359876255767876,0.0002867184501453215,0.06701798487429453,0.0006998147946383213,0.12970088980076255,0.00028245973114873003,0.00028245973114873003,0.00028245973114873003,0.000541838523889472,0.07390398003907887,0.0005857413004278478,0.00028299131280588223,0.00028245973114873003,0.07688247212654505,0.003910530737641692,0.0002963431842243029,0.001789441751483441,0.0004955596046000134,0.1886677257983345,0.11079579029134153,0.006293417188843279
NSGA2,0.1876490148779424,0.16934168018045578,1.1081088523391154,75.66096018880242,0.012754081706404815,0.003424199761541937,0.1672755020471494,0.004720869538681395,0.00525049255076833,0.08476256923343664,0.06598839068450046,0.136657336632294,0.0070581246009646225,0.04024280525099256,0.01141889030445589,0.0040496655300657335,0.11220875497148015,0.003327797830976294,0.003395799103288129,0.0035106079846018517,0.005173424347931253,0.00796584893500018,0.0034740215298914973,0.004556492228096604,0.005636878241761998,0.18140014845596356,0.11205183113573029,0.013695467394022337
NSGA2,0.15717546135411775,0.1591448212587403,0.9876253597883607,81.89311516240022,0.004327419072043765,0.0,0.1898306399995242,0.040722117589606824,0.005229440617376857,0.027421056141518962,0.06288932591203389,0.13679417975783845,0.0,0.09147611390396884,0.0,0.0,0.024907598316386954,0.0,0.0,0.0,0.0,0.0,0.0,0.006445900524075672,0.0,0.17559587906843668,0.11312423836366192,0.12123609073352692
NSGA2,0.1602216849086991,0.1572640401674117,1.0188068724302066,80.41198089267043,0.0,0.0,0.14856958746057164,0.0,0.0,0.09017730974693343,0.047769024210651496,0.12414755891701094,0.0,0.11241886516900261,0.001944125218662178,0.0,0.025315001523425643,0.03196289349420601,0.0,0.0,0.0,0.0,0.0,0.00017146700107132152,0.0,0.17338160737768982,0.12622545552206996,0.11791710435870506
NSGA2,0.25024378192261726,0.17359709529054426,1.4415205594528626,63.98809872600867,0.16787219749149626,0.0,0.17050008704812222,0.0,0.0,0.10156313184580446,0.0,0.0711675085595528,0.0,0.0,0.0,0.0,0.0795195289419173,0.02265602192783573,0.0,0.0,0.0,0.0830241247885999,0.0,0.0,0.0,0.17851434242268302,0.12380245867987479,0.0013805982941135762
NSGA2,0.16898445654249483,0.16890861289275086,1.0004490218020565,79.68291588748104,0.0034361929652821466,0.004269185875497631,0.1799330871274108,0.06342639240971819,0.0053534027838434695,0.08632539299678947,0.00533485195999101,0.13054302461747913,0.005310549240921179,0.10654733353009681,0.003198797310716341,0.0044123399601071435,0.03228685396919043,0.005408996937407682,0.00784933981678707,0.004611136399106525,0.005262678237269908,0.004582593227803422,0.004788756765575804,0.005159825478005867,0.005311460257031542,0.18837390059730774,0.13123707689576825,0.007036830640892498
NSGA2,0.23622476317627722,0.16513321103912898,1.4305103236943828,64.4381220724336,0.15409020179362415,0.013885702544067704,0.11967082134428969,0.0,0.0,0.10179472636480275,0.0,0.08138478583099629,0.0,0.0595894584909575,0.0,0.0,0.08268818471021062,0.0,0.0,0.0,0.0,0.08037415826780461,0.0,0.0,0.0,0.18119525782479567,0.12265337661045939,0.0026733262179916314
NSGA2,0.23904589195033127,0.16585965665045602,1.4412539901376555,59.34418384336308,0.1704988451445161,0.03404178449024307,0.017451253582997598,9.027121073523126e-05,0.012306637971271173,0.10678173245794122,0.0489935247728585,0.08603331228208022,0.0003642466425120432,9.027121073523126e-05,0.002092651012928065,0.00014479385419930417,0.08476867977308197,0.025414454239426124,9.45345038074694e-05,0.0001271158485001707,0.00012950721457911728,0.07902393331873661,0.00012070469996479248,9.027121073523126e-05,0.00037181981999533136,0.18762871610757054,0.12638273699758046,0.016958201633004485
NSGA2,0.23107628742268502,0.16355657179185046,1.4128217832589645,66.17593580928815,0.17270073596426466,0.0,0.17067673313210066,0.0,0.0,0.027210331828853882,0.0,0.08585739021996887,0.0,0.0948414781768029,0.0,0.0,0.08591113137659917,0.0,0.0,0.0,0.0,0.0773701417020072,0.0,0.0,0.0,0.16878417715041333,0.10938998629490804,0.007257894154081373
NSGA2,0.196684507609467,0.18501109953755085,1.0630957175061102,78.28603890801318,0.002703128637184396,0.0017674748811151674,0.19744033023329968,0.005689902696613433,0.014192406855401596,0.08223138629650355,0.0022442060579632383,0.13990499978502255,0.0032299385257706192,0.00385162818305193,0.003289221122095225,0.003182016794620999,0.08790763833581385,0.02510249258553075,0.002979637928419591,0.003400284783509279,0.07916874774951656,0.004932536335054152,0.0017369779183971867,0.0017369779183971867,0.00231498097962133,0.19795884000726047,0.1275224421454067,0.005511803244430429
NSGA2,0.1739507051521283,0.17783578949831583,0.9781535294040218,80.75503918769974,0.0,0.0,0.18314426580306392,0.06887713714350198,0.0,0.0543412503889557,0.0,0.11738889916155704,0.0,0.08295821208092677,0.0,0.0,0.11567342471570578,0.0,0.0,0.0,0.052202468534943924,0.0,0.0,0.05464406231975243,0.0,0.17270685345005332,0.09806342640153928,0.0
NSGA2,0.17001293417762012,0.15472572208900937,1.0988020083681784,76.6746508541518,0.00862051539221223,0.00029265721938774315,0.12314811556953398,0.00018815058629136847,0.0002261037083156969,0.03800198061667759,0.0660215816546825,0.12997975800092068,0.00018815058629136847,0.09203900824775205,0.00018815058629136847,0.00018815058629136847,0.07062866444147066,0.00023046284464879602,0.0005496006492600217,0.00018815058629136847,0.00018815058629136847,0.048386169579946604,0.00018815058629136847,0.009900342428529987,0.00018815058629136847,0.16715829291986642,0.12740398428008218,0.11590755775638188
NSGA2,0.21020592139491784,0.1595437899070435,1.3175437384143383,71.177309178164,0.15458229616394387,0.0,0.16049523538804136,0.0,0.0,0.025849192989686545,0.06955800725523989,0.12023570179998812,0.0,0.035226714246590296,0.0,0.0,0.07104969327744125,0.0,0.0,0.0,0.005365182491081141,0.005398767154382308,0.0,0.0,0.0,0.17643374555828958,0.09810440181000855,0.077701061865307
NSGA2,0.2081266915841476,0.15901686971648632,1.308834037264222,70.91391954602304,0.17050748949442812,0.0,0.15331393448103708,0.0,0.0,0.06793412456264446,0.0,0.08477502601069171,0.0008708192883219204,0.09111718557545824,0.0,0.0,0.08413790698047097,0.0,0.0016529508770357865,0.0,0.0,0.0,0.0,0.0,0.0,0.1662231113956446,0.08400001016298594,0.09546744117128132
NSGA2,0.23931067358456018,0.16643000875489697,1.4379057921999827,59.26630853737709,0.17094601062507336,0.03513379731547787,0.01789841906355485,0.0005374366912924835,0.012753803451828426,0.10860314564314062,0.03752574390768465,0.08622013195811466,0.000805884269276053,0.0005374366912924835,0.002539816493485317,0.0005864765751284566,0.08521584525363922,0.025861619719983377,0.0004510651256417406,0.0004485307702888838,0.0005766726951363696,0.07947109879929386,0.0005678701805220447,0.0005374366912924835,0.0004706068990255486,0.1880758815881278,0.12682990247813772,0.017405367113561738
NSGA2,0.1302357218359998,0.15501486914147078,0.840149867927464,81.0733928767535,0.001294733706990305,0.0,0.1552445718428939,0.08695996151118329,0.0,0.031978320650978116,0.06776854543226636,0.12502711847440945,0.0,0.11686425817384802,0.0035369841643070514,0.0,0.026769512565429004,0.035297367206704434,0.006096641677193758,0.0,0.0,0.0,0.0,0.0018818095234558714,0.0,0.08901417380056227,0.12818350077750984,0.12408250049226839
NSGA2,0.14288509007209332,0.1477106459613694,0.9673310216885918,74.84257154778071,0.09913696707425279,0.0,0.1471546052754947,0.026859330883886753,0.01805942100358781,0.03443603177332726,0.07111356509427763,0.13602297564766475,0.0,0.11940137835053394,0.0035460240269543416,0.0,0.028339733043634525,0.03772695826119149,0.0,0.0,0.0,0.0,0.0,0.0,0.0,0.01990480572674753,0.13023402361962003,0.12806418021882643
NSGA2,0.1301487825680379,0.14148148363864768,0.9198997580520559,66.98892113446601,0.10567577080133018,0.0654010149726874,0.07322609787418011,0.0,0.0,0.0342478438588481,0.1133869217696543,0.06358838371345638,0.0,0.14302955122106634,0.0,0.0,0.017789786681844822,0.05200286950568673,0.04813562606835817,0.0,0.0,0.021217247183354142,0.0,0.0,0.0,0.028901922471374266,0.11165372855381137,0.12174323532434768
NSGA2,0.2025410091985593,0.15511783609321403,1.3057235344415683,68.10041625884793,0.15302142015085343,0.027297167539811144,0.09303406201927415,0.0,0.0,0.052797406727738784,0.07200127629832476,0.08064970443479781,0.0,0.064451600025582,0.0,0.0,0.09751234847990128,0.005087296433415947,0.0,0.0,0.0,0.0,0.0,0.0,0.0,0.17603669651686993,0.08719699339864607,0.09091402797478479
NSGA2,0.2189075585946358,0.1587398536691131,1.3790333903856296,61.36087022157165,0.1598710177932784,0.027512401298663218,0.03770342230744591,0.0,0.0012666258569681043,0.06820515348939621,0.09245982626160273,0.06242642705638362,0.0,0.016053439207934016,0.0,0.0,0.09617665102702178,0.0064879511317760515,0.004883116112757667,0.0,0.0,0.07571006299674293,0.0,0.0,0.0,0.17430768446826247,0.0895231835527353,0.08741303743903166
NSGA2,0.18531651225678675,0.16399502270651267,1.1300130284345962,75.43431302169103,0.005409467032601431,0.0,0.10557139768953437,0.0,0.004018307197040062,0.09562089461101574,0.02485533044182941,0.13985367057785797,0.0,0.031355150312249,0.0,0.0,0.07566098865576676,0.0,0.0,0.0,0.04437840214787655,0.06422274617592053,0.0,0.0,0.0,0.17593342022670064,0.11401564969239626,0.11910457523921125
NSGA2,0.17542724502230772,0.16796509186744318,1.044426809594184,79.26428253263825,0.010163785327585512,0.000461197786631967,0.09585609248702064,0.0,0.0,0.10417628767288128,0.0007639043840167821,0.13226158749420414,0.0005341611265358966,0.15754308673938308,0.0005618423296604291,0.0005393889439032156,0.10363858125664438,0.0,0.0008250184269553592,0.0,0.06654856385851243,0.0,0.0008183797480641735,0.008232307469899383,0.0,0.19425520819995404,0.10469964827557182,0.018120958472575433
NSGA2,0.23035731090880737,0.1770442180086583,1.3011286869449858,69.78737503750932,0.16387747845918954,0.0,0.099729140934734,0.0,0.0,0.09789171958997175,0.0,0.13891746297366547,0.0,0.0050124487073881525,0.0,0.0,0.11286369919492678,0.0,0.0,0.0,0.07860194504067727,0.0,0.0,0.0,0.0,0.18414337421136528,0.10276909727154707,0.01619363361653478
NSGA2,0.1976398714899522,0.15623610415219044,1.2650076790024802,71.4586796340821,0.12890429566276942,0.0,0.07690987443452661,0.021768166900978016,0.0,0.0477396456380072,0.06904931245965579,0.11691994435530774,0.0,0.06264460383553623,0.0,0.0,0.09189582123320915,0.020291228499662212,0.0,0.0,0.0,9.842842951626195e-05,0.0,0.0,0.0,0.1769666670877724,0.10068196330769631,0.08613004815536275
NSGA2,0.25577863407311857,0.17436855422286385,1.4668850998569554,62.02915452268441,0.16384741501732378,0.0,0.10553192179545905,0.0,0.0,0.10766624267952822,0.0,0.08765410046212486,0.0,0.0,0.0,0.0,0.12025997390648277,0.006595768144836126,0.0,0.0,0.0,0.10302297904713836,0.0,0.0,0.0,0.1853316718991429,0.12008992704796397,0.0
NSGA2,0.17933358611778405,0.17017204783852022,1.0538369162011696,78.17258502247202,0.014596772215519326,0.0,0.09973090986726584,0.0007887127684252024,0.0,0.10860927456081508,0.024637819262333906,0.13669457438213795,0.0,0.1200240258944608,0.0,0.0,0.10807156814457818,0.0,0.005250752035843759,0.0,0.07173810722366258,0.0,0.00503620538297257,0.0045028140673573636,0.0,0.18920356238694458,0.10913263516350562,0.001982266644177259
NSGA2,0.25196988837468876,0.17348028049459832,1.4524410939174979,62.68157652185727,0.161913273213258,0.0,0.08756439667424365,0.0,0.0,0.10053725134564352,0.0,0.1253083683808906,0.00019361959334598207,0.0,0.0,0.0,0.11831936478762416,0.011395270808993227,0.0,0.0,0.0,0.10105276998683532,0.0,0.0,0.0,0.18256559366167277,0.10693137551462328,0.00421871603286945
NSGA2,0.1926354565501708,0.17028622414129058,1.1312450993706722,76.3231500838672,0.022601558144363442,0.0,0.10066536538616562,0.04635828830310422,0.0021835458321427326,0.09726764023199251,0.015334044307089187,0.1404204402267287,0.006342984426577146,0.011531037248373769,0.0,0.0,0.11982998519617231,0.06068812073941593,0.0012326674029860443,0.0,0.0004856355121812007,0.0,0.0,0.0017692706301556838,0.0,0.18901885980019212,0.11272495011646201,0.07154560649589738
NSGA2,0.20023871550405353,0.15368783388418142,1.3028924309971905,65.27824554866098,0.13593080139553884,0.0,0.05760385710993625,0.0,0.0,0.08776156995217411,0.0855903691536717,0.03464610246228411,0.0,0.057542495797381535,0.0,0.0,0.08279961561559952,0.0,0.009574700819269475,0.0,0.0,0.07043664933577702,0.0,0.0016115366032681785,0.0,0.15077884574766237,0.09876887083211898,0.12695458517531769
NSGA2,0.23534541723559105,0.17965918058455901,1.309954862700838,68.83245942314588,0.16831630245858528,0.0,0.10997111028419622,7.364885822324198e-05,0.001067711506567597,0.09211939824393985,0.0,0.10833823097648876,0.0010877075306834477,0.002024820994902618,0.0012227351126894777,0.0,0.12570258452889344,0.002664629183741359,0.0,0.0,0.08304076904007304,0.0,0.0,0.0024175730953072865,0.0,0.18858219821076103,0.11006009638860728,0.0033104835863401703
NSGA2,0.13966003650492353,0.15247075244858554,0.9159791911699138,79.50439300695162,0.0020502785242710988,0.0,0.08535206317909706,0.00016903752776869133,0.0,0.08002250067387454,0.12209627799592673,0.12409535430605623,0.0,0.157254447483319,0.0,0.0,0.008195405624366988,0.03598818956762972,0.0,0.0,8.154850821303338e-05,0.0,0.0,0.0,0.0,0.1532518736157997,0.11065211659571005,0.12079090639796711
NSGA2,0.2013951922014212,0.1539450426134589,1.3082278505525187,68.41349944951506,0.15263612137363725,0.026292299568213405,0.09264876324205795,0.0,0.0,0.05550552507073646,0.07161597752110856,0.08026440565758161,0.0,0.0640663012483658,0.0005041851714770141,0.0,0.0752962843263539,0.004762975529924594,0.0,0.0,0.0,0.0,0.0,0.0,0.0,0.17565139773965374,0.11022703435332123,0.09052872919756859
NSGA2,0.2504978850638788,0.172835160928156,1.4493456292033402,63.62923189487661,0.16109588571338826,0.0,0.09635607260815525,0.0,0.0,0.08205506597968533,0.00038360291858199864,0.140135924470731,0.0,0.0,0.0,0.0,0.11731375164607345,0.00827162207860147,0.0,0.0,0.0006582442317310634,0.09386981551171955,0.0,0.0,0.0,0.17973549180145776,0.1200784823277332,4.604071214182982e-05
NSGA2,0.155472945461238,0.14509441105659074,1.071529525700334,65.7799864972504,0.1612452147599398,0.061606655957668496,0.0884006823625311,0.0,0.004094336678691669,0.06721640005759791,0.06599440005764966,0.09791290547902137,0.0,0.09143837659178056,0.0,0.0,0.03085026807085673,0.037517536484424074,0.046969798940020464,0.0,0.0,0.0,0.0,0.0,0.0,0.02963204001070078,0.11235057344082745,0.10477081110828977
NSGA2,0.18644957715804716,0.15166338776014884,1.229364449203203,67.4021939464383,0.1655175008480002,0.018390050373306245,0.028581071382088936,0.0,0.0,0.059082802564039236,0.08333747533624576,0.05330407613102665,0.0,0.12688532720300735,0.006771173832581469,0.0,0.0870543001016648,0.0,0.0,0.0,0.0,0.0,0.0,0.0,0.0,0.16518533354290552,0.08040083262737832,0.12549005605775562
NSGA2,0.242264366977462,0.17333831108364503,1.3976389031537089,66.27350707550617,0.18151780445473203,0.0019833266841091262,0.1086415487116143,0.02763003033846776,0.0020003481915513363,0.09337928850907239,0.005312646310293511,0.11630439595819422,0.0019796236648969992,0.0022002229334434106,0.0002438058359759147,0.00011806700408439147,0.11590882124209047,0.01826239158946244,0.001560729167321061,0.0015911322248738206,0.0015280032523085775,0.023443667301063495,0.0001218660348960834,0.00015617394441298758,0.00014829390009678275,0.18975209777940247,0.10466059900424467,0.0015551159633920046
NSGA2,0.1988572378233261,0.15599194970593194,1.274791668404694,71.31072355436099,0.12832331713209583,0.0,0.06111747627536494,0.02118718837030442,0.0,0.07249856033300296,0.0684683339289822,0.11633896582463416,0.0,0.06206362530486264,0.0,0.0,0.09131484270253556,0.00029339375578053183,0.0,0.0,0.00042905635236138766,0.0,0.0,0.0,0.0,0.1763856885570988,0.1160304818382874,0.08554906962468917
NSGA2,0.20133959766919823,0.1576366405612829,1.2772385718974095,71.1105376531991,0.15176393324191484,0.0,0.08951223770653081,0.0,0.0,0.0,0.09576291233247428,0.13847142818906208,0.0,0.11837366170426768,0.0,0.0,0.07937884360956245,0.006662119723629874,0.0,0.0,0.0248429345425969,0.0,0.0,0.0,0.0,0.17803258735523841,0.1171993415947227,0.0
NSGA2,0.24670571820183462,0.170903834370727,1.4435353022371464,64.01950383896776,0.15963334141851268,0.0,0.09489352831327966,0.0,0.0,0.08067453375943594,0.0,0.13867338017585543,0.0,0.0036071138551768667,0.0,0.0,0.11153293287758372,0.00680907778372588,0.0,0.0,0.0,0.09240727121684396,0.0,0.0,0.0,0.17827294750658218,0.11861593803285761,0.01487993506014609
NSGA2,0.15537013106961317,0.15724805890263394,0.9880575452178806,78.72196389827536,0.002003712167169148,0.0021015055560082464,0.09421415351822571,0.003336120537899813,0.002003712167169148,0.08605750180978793,0.05374687655650555,0.1364643053896816,0.002003712167169148,0.12437118550036663,0.0036560348253879566,0.0037863258193531067,0.07170974727214516,0.0029579305011612524,0.006790719351142551,0.004300710678298781,0.002003712167169148,0.002003712167169148,0.002003712167169148,0.0020751789641212464,0.002003712167169148,0.17040401043977835,0.11011142399321779,0.10989028411673428
NSGA2,0.1071368226198303,0.15400518255190002,0.6956702420304914,81.0958921706367,0.0021595970700423826,0.00045264270803995144,0.14066484191160109,0.10063208678452093,0.001975056343451947,0.05405332034360132,0.08309068707769228,0.12460859360745466,0.0005359510773292246,0.13687544389350373,0.0005777517077482424,0.00022294919360348937,0.022599604912808536,0.009983401033650047,0.0014841173765546042,0.0005738645956040809,0.004642622516337352,0.0,0.0004510086072967578,4.293604463122192e-07,0.00021814224476104975,0.005444401055702296,0.15771870486876388,0.15103478170948578
NSGA2,0.20604713943418398,0.1550667532985836,1.3287641293258834,66.84303147682472,0.11897877293949863,0.0,0.1235971174658444,0.0,0.0,0.04271316469371011,0.06607980596839091,0.09679485215740546,0.0,0.11562645180067613,0.0,0.0,0.04641023568286293,0.0,0.0,0.0,0.0,0.10087084521021827,0.0,0.0,0.0,0.13260996451618678,0.1563187895652064,0.0
NSGA2,0.16475172450394682,0.1743528410259498,0.9449328358201287,81.52416869741134,0.0,0.0,0.13281042515290226,0.08932820739800022,0.0,0.035534597094870606,0.0,0.11584901771978243,0.0,0.12176215372799382,0.0,0.0,0.06532346988840958,0.0,0.0,0.0,0.10318762224284478,0.0,0.0,0.0,0.0,0.16915596870879124,0.16704853806640504,0.0
NSGA2,0.21824324706235237,0.16029251308861014,1.3615311336575457,68.35500451264416,0.10333372937526888,0.007850726078587557,0.11108986032697482,0.0,0.0,0.0475780906095711,0.0007232670343322445,0.10146372023601694,0.0,0.0015602551783124258,0.0,0.0,0.07792143525449569,0.0,0.0,0.0,0.0,0.08138220220847371,0.0,0.0,0.0,0.1826950386240522,0.16059214199607869,0.12380953307783564
NSGA2,0.20105748404031967,0.1586972098979485,1.2669251347872548,73.28572094145024,0.11067058994766872,0.0036101306340062277,0.15349481653482228,0.0018957116708335782,0.0019278022233032235,0.012928327917580824,0.007108092222664894,0.12372083649444832,0.0013825552083639157,0.11845890700665843,0.0013825552083639157,0.0013825552083639157,0.09022061952604483,0.028593664096302353,0.0013825552083639157,0.0013825552083639157,0.0047864322449072665,0.0033499767289653635,0.0013825552083639157,0.0013825552083639157,0.0013825552083639157,0.1674307972059327,0.15936029867058576,0.0013825552083639157
NSGA2,0.11680658883090915,0.14880327885597774,0.7849732191987703,77.98905658430131,0.0021947689699589766,0.0006863095151024398,0.10922982125597283,0.024783185362425665,0.003343894014266991,0.03475145479530501,0.08277497213778659,0.11170683194171639,0.0,0.1301549669987225,0.0,0.0,0.06900378051891196,0.0070460210781300905,0.06482463888690874,0.0,0.001475709351873925,0.014795348578040622,0.0,0.000810511478170556,0.0,0.019837779711693013,0.18270519204996105,0.1398748133550526
NSGA2,0.12305225895983402,0.14902133956006713,0.8257358263125425,78.20324666028728,0.013327050709017211,0.000489116757805728,0.12399166851341054,0.017101835601285403,0.009031998819520975,0.06290868124865287,0.07435358175214385,0.10246412783636744,0.0015077274709324768,0.1363853252443975,0.0005043778866481265,0.0002846352138171335,0.05905308676935807,0.02029963491246647,0.0191228178855824,0.0011254375816960027,0.0016385186502652267,0.0002981664338890854,0.0008235058890773022,0.0030141892332834685,0.00014994751265607584,0.0216551669030437,0.1848436822010477,0.1456257189736353
NSGA2,0.21597012383484637,0.15914677711868253,1.3570499368252256,67.4728501981931,0.10008365526738174,0.02407114812450243,0.10667920761447772,0.0,0.0,0.04190264499757817,0.0,0.09705306752351983,0.0,0.0,0.0,0.0,0.06823198285313388,0.012833989604360899,0.0,0.0,0.0,0.07848338050111636,0.0,0.0,0.0,0.18008366379041602,0.17615123679236233,0.11442602293115059
NSGA2,0.21329909462828917,0.17913525645147418,1.190715322341192,72.8767034918541,0.11101146007673776,0.0013955893613148075,0.1308080807490227,0.00218114400329747,0.0013955893613148075,0.056346160913732034,0.008844657200119708,0.13035154735456486,0.0013955893613148075,0.0016080584935356506,0.0016235857655582692,0.0013955893613148075,0.07616429202367524,0.0163428028327188,0.0013955893613148075,0.0013955893613148075,0.1066662581510254,0.0013955893613148075,0.002226024815877915,0.0013955893613148075,0.0013955893613148075,0.18697583916019805,0.14907261003548605,0.00721717417261682
NSGA2,0.14555509513112913,0.14462083837500533,1.0064600424573757,71.97611013307824,0.09830174118582632,0.0,0.11968222926803072,0.0,0.01909837456122488,0.04300904086410817,0.10145333437452655,0.10902695100403009,0.0,0.11174017150218091,0.0,0.0,0.05625210564047206,0.015848543248215788,0.020505731432170243,0.0,0.0,0.020795404317869963,0.0,0.0,0.0,0.008659534039771573,0.14807930022949772,0.12754753833207497
NSGA2,0.11386527746247521,0.14966567224972757,0.7607975546488916,78.511099716552,0.0,0.0,0.12820488564576146,0.022393908707295043,0.005595858587456932,0.03700631114831855,0.06886619514552983,0.11226594019703526,0.0,0.13253081229112956,0.0,0.0,0.055171196166822825,0.017336301442379947,0.06521525418500776,0.0,0.0057902680051267206,0.015644362122040897,0.0,0.0,0.0,0.007820098832666203,0.18403991423243213,0.14211869329099686
NSGA2,0.18460611754739278,0.15148453271566853,1.2186466448947126,72.14378581558347,0.0792234252083872,0.0001888006979265578,0.08031085678760821,0.0001888006979265578,0.0001888006979265578,0.01329199238310194,0.05773095048094738,0.12302242760588487,0.0001888006979265578,0.09284632510512884,0.0001888006979265578,0.0001888006979265578,0.07183224522397767,0.0001888006979265578,0.005515586490499105,0.0001888006979265578,0.0001888006979265578,0.054078376611031265,0.0001888006979265578,0.0001888006979265578,0.0001888006979265578,0.16225922886706845,0.14439119139076978,0.11323178547047663
NSGA2,0.2034599235195636,0.15544921277977025,1.308851424084158,67.84982989430847,0.114047072107308,0.0,0.11961078925550345,0.0,0.0,0.04532657434075892,0.06114810513620028,0.1316218533541406,0.0011117421170712338,0.10977440352914382,0.0,0.0,0.041478534850672294,0.0,0.0,0.0,0.0,0.09681557289218952,0.0,0.0,0.0,0.12767826368399615,0.15138708873301576,0.0
NSGA2,0.15686019113567273,0.15571408783447133,1.0073603057831206,78.33097136431729,0.017091906971330933,0.00343963464166277,0.11680032214945454,0.0032463128461787797,0.0032463128461787797,0.039488455524134394,0.0032463128461787797,0.13032251286929455,0.0032463128461787797,0.12250391409763604,0.0032463128461787797,0.0032463128461787797,0.08236460643787592,0.003275583756830589,0.0032463128461787797,0.0032463128461787797,0.004592298556943985,0.0082059388783582,0.0032463128461787797,0.0032463128461787797,0.0032463128461787797,0.14088499922933448,0.1656740015548778,0.12964638402429915
NSGA2,0.21180149222216024,0.17863134540503722,1.1856905166442735,73.03884447647239,0.11155135486966686,0.00144366258658536,0.12190452178381814,0.002229217228568022,0.0013962799319410149,0.05639423413900259,0.009011336401454762,0.13039962057983542,0.0014624949692689686,0.0016301628764025732,0.0016534164236020688,0.00144366258658536,0.07621236524894578,0.004278582037640552,0.0007371298911574072,0.000869071157292728,0.11314516150819913,0.00144366258658536,0.0022740980411484675,0.0014085333624421807,0.00144366258658536,0.18891199535799755,0.14912068326075661,0.019635090584517775
NSGA2,0.22227664754583248,0.16195983818753296,1.372418310818876,65.82075865063783,0.10104682567447687,0.005874553800213757,0.11754220627863637,0.0,0.0,0.03603802664464002,0.0,0.1009207055113343,0.0,0.08967420207223481,0.0,0.0,0.05849785693028849,0.019578163260074083,0.0,0.0,0.0,0.1307696718797602,0.0,0.0,0.0,0.16489831822343862,0.17515946972490248,0.0
NSGA2,0.1377095638097785,0.16005094315034635,0.8604108235739597,82.85164854953621,0.0003468679103416033,0.0003319204033587969,0.13884696610006494,0.1198768689267829,0.027786991037497304,0.0038746343126945955,0.00032465770753395054,0.13419162027961198,0.000382137887105681,0.12444448725562916,0.00032465770753395054,0.0016141690625394397,0.00032465770753395054,0.0017960888566289262,0.00032465770753395054,0.00032465770753395054,0.0037076797749314746,0.0015883161383167944,0.0003252552181062373,0.0016669322493343955,0.00032465770753395054,0.14289769682803719,0.16181899999611038,0.13255442151770458
NSGA2,0.19792607463041675,0.15735648033967756,1.2578196601955232,74.11572441662193,0.10354821142110625,0.002905650009554767,0.15279033591037083,0.0011912310463821176,0.001223321598851763,0.012423995720167913,0.006365644224034427,0.12301635586999686,0.000678074583912455,0.12170352187325122,0.000678074583912455,0.000678074583912455,0.08951613890159338,0.027889183471850893,0.000678074583912455,0.000678074583912455,0.004081951620455805,0.002645496104513903,0.000678074583912455,0.000678074583912455,0.0,0.16672631658148127,0.15865581804613432,0.020570305512867117
NSGA2,0.21633568711330917,0.17116750468489692,1.263882928664308,71.478695155147,0.1043622847335976,0.0022957886045060693,0.1388378864544117,0.10461252808848215,0.0,0.047743429341116334,0.0,0.10036319550677882,0.0,0.0004118078654058208,0.0,0.0,0.0835375744307791,0.02398964517047744,0.0,0.0,0.0,0.03325096924640993,0.0,0.0,9.520317012027829e-05,0.1811421119149528,0.15915479014429945,0.02020278532866237
NSGA2,0.21016478118907503,0.18304215827405187,1.1481769182070887,73.5276985570701,0.10866581999748384,0.0,0.1262141377854969,0.009123584848824771,0.0,0.05349145861391429,0.006035222907255743,0.11559964678566134,0.0,0.008162720552693736,0.0015045763009756362,0.0,0.07722715217899573,0.011346432151252292,0.00010638164610260415,0.0,0.14853228824695197,0.0009389626722109249,0.0,0.0023439572177611726,0.0,0.17457225030225731,0.15613540779216173,0.0
NSGA2,0.16244314922133926,0.17527617495436754,0.9267839697188206,81.86241270315747,0.0,0.0,0.13227283450519348,0.10246704185460247,0.0,0.03499700644716184,0.0,0.12693461730747255,0.0,0.12173961213381508,0.0,0.0,0.06475645062576195,0.0,0.0,0.0,0.10265003159513601,0.0,0.0,0.0,0.0,0.16861837806108246,0.14556402746977418,0.0
NSGA2,0.2084653247619071,0.15659282566694188,1.331257188022733,69.99922044253147,0.09622598672035688,0.0,0.11104463324898453,0.0,0.0,0.05291624604715576,0.0,0.09372501320362703,0.0,0.13509377135358244,0.0,0.0,0.06499718116251606,0.009508674990504031,0.0,0.0,0.0,0.07524857881049854,0.0,0.0,0.0,0.17463369626544156,0.17313066753341955,0.013475550663913649
NSGA2,0.1438660156671959,0.1452920825811296,0.9901848270834895,73.78201541784037,0.08909575676966223,0.0,0.12049006018282869,0.011964058929584109,0.006070549274438008,0.06393163505457328,0.07895088357159401,0.09755890790511516,0.0,0.13124754857269622,0.0,0.0,0.0491563925660825,0.015007906992462844,0.01330181670486272,0.0,0.0,0.007477072175662261,0.0,0.0,0.0,0.014671651113224755,0.1797059055293464,0.12136985465786664
NSGA2,0.14349719502759578,0.1440456873768455,0.996192233455662,71.04246936924704,0.10113645463751952,0.00024388434374227242,0.08089825865926102,0.0022519049822060256,0.02248559539510947,0.03581242897583671,0.10281852030256232,0.11241417183791469,0.00021283894879507872,0.1151273923360655,0.0003691016972387459,0.00020440246563792705,0.05932731437658531,0.019235764082100378,0.02376489405289338,0.0006512848283250578,0.0011425644257206827,0.024259485653627143,0.00036074506204035196,0.0017551817679727726,0.0010797760658476678,0.012046754873656165,0.1514665210633823,0.13093475916595954
NSGA2,0.19468054393968337,0.15215166086345042,1.2795163906518299,70.26389033533553,0.11243212412768623,0.0,0.07925954791463806,0.0,0.009208868283042461,0.048868933770029196,0.046708463514461285,0.11199994063939879,0.0,0.08182383813864276,0.0,0.0,0.07907702912082375,0.0,0.0,0.0,0.0,0.04305588964454517,0.0,0.0,0.0,0.151647876631356,0.13336870442428367,0.1025487837910926
NSGA2,0.15104518221643307,0.15026471383109122,1.0051939564881422,76.33705421674853,0.04534243965166387,0.0028471270881808325,0.09165308989905847,0.004891168701638835,0.0028471270881808325,0.061845941422187925,0.08269303051603455,0.10560475414659348,0.0028471270881808325,0.114491219299659,0.0028471270881808325,0.0028471270881808325,0.0028471270881808325,0.01245791551822103,0.0028471270881808325,0.0028471270881808325,0.004979012284444636,0.006053231668078027,0.0028471270881808325,0.0028471270881808325,0.0028471270881808325,0.14118060552188222,0.16805660477696102,0.12943258862358778
NSGA2,0.11144907819862312,0.1523465668608526,0.7315496534977146,79.96642266374229,0.009222210058964023,0.0001767585294774113,0.1238523560402342,0.11588297155635406,9.496091294756113e-06,0.0038138578492155004,0.09044713301955046,0.10904982642524168,0.0019708369725323967,0.13786647004145297,0.004638390634079361,0.0,0.06121272107833289,0.0,0.017984452250702405,0.0011906324047835605,0.0016073759143361325,0.0,0.0,0.003937406203233817,0.00016164434155141916,0.02369941578835282,0.16227576348050307,0.1310002813198071
NSGA2,0.1265308111084617,0.15097754113021025,0.8380770421961998,79.3738555680207,0.002017152388838791,0.000946956804020733,0.14135472127057694,0.02006828965039761,0.012359105958812316,0.008152337915372019,0.08866152814351326,0.11394517235435231,0.000946956804020733,0.12552246244072893,0.000946956804020733,0.000946956804020733,0.05586385067147207,0.0074481791589039725,0.05405962094221522,0.000946956804020733,0.000946956804020733,0.002763770327704452,0.000946956804020733,0.000946956804020733,0.000946956804020733,0.08776120310786589,0.13680727863693395,0.1346927157961256
NSGA2,0.1071574662512293,0.14786178968746247,0.7247137105382636,77.08489941249314,0.0,0.026687289677349933,0.12954958329221544,0.019879636127803236,0.0019615599118690667,0.037198148584687646,0.1060895514268857,0.11294339486239541,0.0003646478407287161,0.13070036558870246,0.00038776109231823317,0.0,0.02224363063727712,0.009962872290694594,0.06378541873191983,0.0,0.004349052763847212,0.014214526668952968,0.0,0.0,0.0,0.005444161214728375,0.1826100787793442,0.1316283205082798
NSGA2,0.13591515463185616,0.1545905810169626,0.8791942803872556,80.88415664058716,0.00011349506857920724,0.00011349506857920724,0.09758785425229435,0.0901884867202902,0.00011349506857920724,0.04607667438258799,0.06521286058955598,0.11535772265676517,0.00011349506857920724,0.12788814467057402,0.00011349506857920724,0.00011349506857920724,0.04065963841000873,0.00011349506857920724,0.00011349506857920724,0.00011349506857920724,0.0017699869066963901,0.00011349506857920724,0.00011546059082338064,0.00011349506857920724,0.00011349506857920724,0.1236289958256447,0.1533895540239716,0.13676268014783707
NSGA2,0.14022661649837054,0.16018326988134282,0.8754136221731811,82.72537436348067,0.0,0.0,0.1359567600062973,0.11922730052652696,0.028841002331057252,0.0330426907340843,0.0,0.13117048917336793,0.0,0.1218201394485923,0.0,0.0,0.0,0.0,0.0,0.0,0.0008174736811638296,0.0,0.0,0.0,0.0,0.14053113477263046,0.15892879390234274,0.12966421542393694
NSGA2,0.2321944301582395,0.1677127574565874,1.3844768500592046,67.55573172196489,0.11005755586539331,0.002862101230237128,0.1298813724396785,0.001650637666624702,0.0015596442123648022,0.05379069803030642,0.0014587048003525133,0.1274453194549539,0.0017293932470814474,0.013107249453899256,0.0015126660859759804,0.001998515504162111,0.0772802995467148,0.013625790333996479,0.0015122615575614987,0.0004312008254824155,0.0013023789616690281,0.08053376800044668,0.0015238186957015616,0.0015473907818089765,0.0020307050969576063,0.1860659377662338,0.1849208711675127,0.0021717192748842945
NSGA2,0.12459682281668065,0.14861793096374099,0.8383700540621786,77.28174113907087,0.00831882028571962,0.0030686050675480434,0.12392429908865327,0.01724070727995535,0.001788125518574153,0.06304755292732282,0.08422753192196525,0.1028355562554864,0.0016465991496024271,0.13652419692306744,0.0036139294315892805,0.0010966177423939096,0.05995543849127899,0.020284555342834087,0.019261689564252348,0.0012643092603659531,0.0016671435878943186,0.012462974760353279,0.0009623775677472525,0.0030934640893215365,0.0002924102744052878,0.021794038581713648,0.18498255387971763,0.12664650300823788
NSGA2,0.15896277424844857,0.17932968485857462,0.8864275558941171,82.1531145527021,0.0,0.0,0.1307669729457246,0.08461602382796309,0.0,0.03351461032511299,0.0,0.12464489349675854,0.0,0.11563688587188875,0.0,0.0,0.04325722941575906,0.0,0.0,0.0,0.14747380012137204,0.00028796190361582023,0.0,0.0,0.0,0.16103990116635447,0.15876172092545054,0.0
NSGA2,0.2218856430972373,0.16648853892246232,1.3327382445260976,69.64151052359112,0.11101344991871288,0.000830555296120102,0.15205813670918436,0.002139839431236893,0.0010621625192786222,0.053828332366293793,0.0061636179904505746,0.1227416663058792,0.00248416504540516,0.007074381609823986,0.0010786090481682221,0.0024620511707480626,0.08949111662484313,0.029659010147011708,0.002486981755539073,0.0006624280580191758,0.0030086810367749785,0.044555435699300094,0.0028716592122095025,0.0026321866338932334,0.0006489058926557352,0.17436013323873292,0.15844681974984892,0.028239674539869534
NSGA2,0.11616277628587204,0.14832355813388623,0.7831714513011896,77.93969197834686,0.005840738862396933,0.0,0.10999345207078443,0.020922973507163142,0.004107524829078585,0.03553537594818665,0.08353860295259818,0.11247046275652799,0.0,0.1309185978135341,0.0,0.0,0.05367756077397714,0.01711780645876153,0.06541853272464082,0.0,0.0,0.014184468919770158,0.0,0.0015652248214389135,0.0,0.020601410526504608,0.18346882286477265,0.1406384441698642
NSGA2,0.16621454621396614,0.17384838526710583,0.9560891000430586,80.73325769283694,0.0,0.0,0.12733541908690324,0.08385320133200122,0.0,0.04219025316977453,0.0,0.11037401165378342,0.0,0.11697991402769718,0.0,0.0,0.07784335683437538,0.018456733075421148,0.0,0.0,0.09771261617684578,0.0,0.0,0.0,0.0,0.16368096264279222,0.16157353200040606,0.0
NSGA2,0.16951888795491318,0.14676471621508186,1.1550384338050663,69.85690640423385,0.09561786217083026,0.0,0.08047341699444518,0.0,0.0,0.02370334712803749,0.06837427192161473,0.08245988189416298,0.0,0.10978634155492857,0.0,0.0,0.04557550185059953,0.01842793082644192,0.022979581862132652,0.0,0.0,0.06672299672516774,0.0,0.004308917838139423,0.00031738998743605876,0.10302732214800997,0.1541750890230984,0.12405014807495515
NSGA2,0.16283289671366782,0.15006697028687108,1.0850681959020905,74.42780214798628,0.09179275572279467,0.010531267189124153,0.12157948897865226,0.019789762423782324,0.00451537399320455,0.011783832827511534,0.0023780466873264657,0.1113384143979927,0.001532433811661853,0.11453698158460686,0.004078027234498855,0.001532433811661853,0.07411393904938292,0.011685435763044835,0.0020536352954523586,0.001532433811661853,0.004286036198184324,0.001490152245875143,0.001532433811661853,0.0016001076609150388,0.001532433811661853,0.08867674592143107,0.18732316752508327,0.1287846602428274
NSGA2,0.14016279777253976,0.14332257984090283,0.9779533547897992,70.59815010000202,0.1034906555171912,0.00397542076648371,0.09509414108762752,0.0,0.00032232324864955343,0.07657321825211554,0.13353434704959843,0.0565827501329849,0.0,0.0965403371457565,0.0,0.0,0.0028191530270698225,0.01907139402509188,0.0455952314700234,0.0,0.0,0.025287594925159924,0.0,0.0,0.0,0.033076082384977584,0.15051477192197096,0.15752257904529898
NSGA2,0.11681994763223955,0.14993777816768517,0.7791228405531807,78.59222926065803,0.005113524702153137,0.005927686191951214,0.12093843544625685,0.005642760523958877,0.005051235041330937,0.023369458213255815,0.1350514663412799,0.11809136663819471,0.003415799563596214,0.11369287708251491,0.003577139446304916,0.0034298282811641,0.026087707033343815,0.004767163968193276,0.005818666487002719,0.003411244890069583,0.009567715219101143,0.0017945366213651906,0.003436992821040878,0.003869208671525787,0.0016757463649673518,0.06626967871666599,0.15150267778028573,0.178497083954477
NSGA2,0.1561435423090245,0.16894468798095977,0.9242287767379939,82.82761883346973,0.0,0.0,0.14798096748070624,0.0,0.0,0.0735044714104304,0.0,0.13541524356468979,0.0,0.07888090501785427,0.0,0.0,0.0,0.0,0.0,0.0,0.10318785657756942,0.0,0.0,0.0,0.0,0.18288187666766778,0.1221463761689769,0.15600230311210522
NSGA2,0.1309843614657937,0.14556428557143739,0.8998385898820737,74.31495164782194,0.07987333826924048,0.003343564630851164,0.09643962557534545,0.0008159371245666676,0.0008159371245666676,0.07151747053812352,0.12994630041896,0.10751799590155936,0.0008159371245666676,0.09580559882137936,0.0028848056916222515,0.0008159371245666676,0.0008698618957452974,0.0072080918342488235,0.03566387199512871,0.0008159371245666676,0.0008159371245666676,0.0008159371245666676,0.0008159371245666676,0.01645285738002527,0.0008159371245666676,0.044692029575421184,0.14205169396438594,0.15838945938686314
NSGA2,0.19378853247511146,0.19671605206910978,0.9851180441900602,79.41446558728741,0.0,0.0,0.116548803662472,0.0,0.0,0.07789470027056146,0.0,0.15663376412778798,0.0,0.00589095649885303,0.0,0.0,0.11061321134190218,0.00018635111418338797,0.0,0.0,0.1934334222064285,0.004192231979990779,0.0,0.0,0.0,0.1952495576518008,0.13935700114601982,0.0
NSGA2,0.16690743738714373,0.17467667731810718,0.9555221678689552,81.32807212200657,0.00394327195849987,0.0012343261496639921,0.12411327235746909,0.00025106001046657964,0.001232782986884702,0.08392321147137646,0.004209667708800668,0.14817041830158262,0.004445149712445013,0.0032035043761991554,0.00029162350738757675,0.0002178140041242933,0.0015626944679237754,0.0018245776289333405,0.0002315676232035377,0.00022219212382339613,0.11660522911264097,0.002251417704734778,0.0002363583414816062,0.0012150874776450154,0.0012310574174384833,0.1956370514045606,0.13498918630371626,0.16875747784899806
NSGA2,0.16258018634298302,0.1473579987968456,1.1033007211717323,71.72685903335045,0.07899718858331851,0.0,0.1031779398274407,0.0,0.0,0.062255720345173064,0.13363535298992577,0.10971378015126601,0.0,0.09532952797145197,0.0,0.0,0.11557049644903479,0.0,0.0,0.0,0.0,0.022207734196045093,0.0,0.0,0.0,0.05013230108363289,0.13533738639794687,0.09364257200476436
NSGA2,0.1581198047555602,0.17404098017608902,0.9085205369194066,82.14878207039297,0.0,0.0,0.10964798023580902,0.018683567356009113,0.0,0.07748869498021665,0.0,0.14279885707373757,0.0,0.028955433176729776,0.0,0.0,0.0,0.0,0.0,0.0,0.134462255322335,0.0,0.0,0.0,0.0,0.17355313976887143,0.15789046201809032,0.15651961006820114
NSGA2,0.20763485107695465,0.194328145772722,1.0684754400929426,75.40068061755835,0.07463779393977725,0.0,0.12054770163298247,0.0,0.0,0.04391256718879016,0.0,0.1353120478614729,0.0,0.0,0.0,0.0,0.13600384267831198,0.0,0.0,0.0,0.18893225822814763,0.0,0.0,0.011130209271355287,0.0,0.19032691625732592,0.0991966629418364,0.0
NSGA2,0.22902790205834017,0.17437525772613108,1.3134197193161716,71.13900225350142,0.10299723628414799,0.0008476299704064471,0.1212711346840974,0.0016279616841485033,0.0008436453790139508,0.09237820424445782,0.0008643825639489108,0.15111691628266039,0.0037388815634815313,0.002083969130818073,0.001108504040013471,0.0,0.15975884325310394,0.0008436453790139508,0.009415136016703437,0.0030071280139914603,0.007395330519045066,0.007867621637353684,0.0009427792299107532,0.0008436453790139508,0.0035555437775129065,0.18972168309780674,0.13777017786934947,0.0
NSGA2,0.21445408854478654,0.16484539537921614,1.3009407272277689,71.91421423469686,0.10336115808244101,0.0020225157677960424,0.1255540353836777,0.00019505316551925603,0.008207147196872933,0.09402059661781519,0.00281557400772654,0.09739240942356403,0.00016066272599463667,0.07800229153157821,0.002023192270990275,0.001044378364806688,0.11892482521387643,0.0018687875490071492,0.011173438743466385,0.0020782187358981082,0.0024660243411699936,0.0012028413587713146,0.002107754500664975,0.00316201816148036,0.0010823393294923489,0.19517729949082943,0.14382214308743368,0.0021352949491274787
NSGA2,0.12790641803319486,0.1447246218743895,0.8837916891861591,74.89650003871483,0.073583360664334,0.0,0.09922378543523286,0.0002525142992262021,0.00034656829301136366,0.0586659933653206,0.13119702160723448,0.10802607908452536,0.0,0.09663230505053634,0.0,0.0002525142992262021,0.006621853812795747,0.02149163820775468,0.04456965549604352,0.0002525142992262021,0.0002525142992262021,0.0002525142992262021,0.0002593117660582121,0.0002525142992262021,0.00036556840299537755,0.033711905947873134,0.15121348945550095,0.17257637761542627
NSGA2,0.22487865421709413,0.16251389253632456,1.3837503410167227,67.50041845245616,0.10176325069773859,0.0,0.10058734209000815,0.0,0.0,0.08646994741055876,0.0,0.07844684732909951,0.0,0.08006645561355083,0.0,0.00031910798080170223,0.14058612773594006,0.0,0.003377244484709618,0.0,0.0,0.07468825808632089,0.0,0.0,0.0,0.1756188536609369,0.1451588835674784,0.012917681342856507
NSGA2,0.19329300308427458,0.18190077407704625,1.0626288099379007,76.82806759467601,0.052116413312936614,0.0,0.10011925149479793,0.0,0.0,0.05620367913667438,0.0,0.11483066230921261,0.0,0.07933730234311519,0.0,0.0,0.11404587938502143,0.0,0.0,0.0,0.16687896416739872,0.0,0.0,0.0,0.0,0.19194507753221637,0.12452277031862667,0.0
NSGA2,0.19619423067765718,0.1927781843778734,1.0177200875234298,78.4023366677176,0.0,0.0,0.11911299859950326,0.0,0.01709989085428493,0.08634080858969487,0.0,0.14663768357779508,0.0,0.005242539630275433,0.0,0.0,0.11104071755789288,0.006224087691726574,0.0001122074564485737,0.0,0.16636594940144028,0.008570318699080119,0.0,0.0,0.0,0.19671856143594899,0.13168252598618585,0.004851710519723129
NSGA2,0.22771052135350675,0.1740200849422672,1.3085301126536737,70.75826877940015,0.10325643260754316,0.0011523338892845915,0.12153033100749258,0.001964864743120691,0.0011028417024091222,0.09226776147103438,0.0011235788873440822,0.1379309420112122,0.003998077886876702,0.002343165454213244,0.001420121080919238,0.0011471140360103556,0.16001803957649913,0.0011028417024091222,0.009674332340098608,0.005767129196042124,0.005490909877284238,0.008126817960748855,0.0012019755533059246,0.0011028417024091222,0.0038147401009080775,0.19141171075741878,0.13802937419274466,0.0050217222626710726
NSGA2,0.19721635916244384,0.19523090030452733,1.0101697981970044,79.29995157012563,0.0,0.0,0.11533677649431963,0.0,0.0,0.07668267310240909,0.0,0.17035437041397145,0.0,0.0005616920702039311,0.0,0.0,0.13417489713904318,0.0,0.0,0.0,0.17070708631853682,0.0,0.0,0.0,0.0,0.19403753048364847,0.13814497397786746,0.0
NSGA2,0.1532708438287856,0.14525393002107478,1.0551924055104578,71.48740753906804,0.0938689415221731,0.003662337870575958,0.09453921761700387,0.0,0.0,0.01478961571638472,0.12104959194235798,0.07998322633175871,0.0,0.10562991481207878,0.0,0.0,0.12883781429244168,0.0,0.0,0.0,0.0,0.014092721525749674,0.0,0.0,0.0,0.03803093343698214,0.14751171181666253,0.15800397311583086
NSGA2,0.21641841387957145,0.1848253784890052,1.1709345093668813,72.87231722186009,0.09093744088346478,0.0012513995401698254,0.14078874703037464,0.0,0.0012513995401698254,0.07914609981073127,0.0012513995401698254,0.08215348698372643,0.0012533883387650588,0.007028805005198894,0.0,0.001274603613097159,0.1120534252212902,0.0,0.0,0.0012513995401698254,0.12982867194477563,0.005443631520160603,0.0012526079046476521,0.001229199282307419,0.003773674538408988,0.19650095719197067,0.14107826303023147,0.0012513995401698254
NSGA2,0.20589978262259567,0.17559696346902565,1.1725702913929674,74.15227688665868,0.07863583221908733,0.0,0.11481823584775079,0.0,0.0,0.07657667365853978,0.05759459294387228,0.15490111659159836,0.0,0.004158308962663375,0.0,0.0,0.10888056380571252,0.0,0.0,0.0,0.08985446424386515,0.0,0.0,0.0,0.0,0.16916029976118743,0.13650755437653858,0.008912357589184306
NSGA2,0.11038909981870515,0.15098976144973353,0.7311032136139584,79.48726422069402,0.005311127627230144,0.004576459723383359,0.11370627228927264,0.009419826859297167,0.0018577905247590704,0.03242476991848204,0.1081794562233376,0.1440367210386156,0.000694292752572809,0.09607963278684958,0.0005229884301086815,0.0018914123698733308,0.015190272757531032,0.013266318829537018,0.050649370712509266,0.0005229884301086815,0.0017500646040532382,0.0005413182210863575,0.0005229884301086815,0.030784356660001407,0.0005359308809106693,0.04831459797008044,0.143434791567772,0.17578625039251922
NSGA2,0.11296443921499433,0.14926865867314065,0.7567860542135434,78.48521141949442,0.003929339376998732,0.0005202534080392965,0.122775430995282,0.0003879075228220795,0.0004819615166072411,0.0834646767626562,0.13625469892532446,0.10816147230812125,0.001418599436023944,0.1012944663089261,0.0004231199052117452,0.00039487554540945376,0.006757247036391624,0.01954029398021431,0.04636644825651483,0.0003879075228220795,0.005135831972379557,0.0017812035626977307,0.00039175919467440137,0.0003934135968415264,0.0007434468123803175,0.03384729917146901,0.15122537418145324,0.17392297270073903
NSGA2,0.1394076307812044,0.14627357716078518,0.9530609252002249,75.97361454687822,0.06847517536268635,0.0,0.11450068398628363,0.0,0.0,0.07047128893264931,0.12833698005341276,0.11165361517822149,0.0,0.10725512562254169,0.0,0.0,0.019334115468395863,0.0,0.0,0.0,0.002822279510868434,0.0,0.0,0.0,0.0,0.05983192725669277,0.14525947613374388,0.17205933249450378
NSGA2,0.18054186535410172,0.1536543243317428,1.1749872067661966,72.86193812972877,0.10110521385614869,0.0,0.09335398989071468,0.0,0.0,0.09771275538322109,0.0,0.05520780374387676,0.0,0.09126773908885645,0.0,0.0,0.00028729565248923383,0.01647917848424759,0.04151623098799616,0.0,0.002946246389863114,0.026128233039589777,0.0,0.0,0.0,0.1843233671063619,0.13334959029932927,0.15632235607730535
NSGA2,0.16499694654835426,0.17758917560950988,0.9290934877199728,81.88283013322707,0.0,0.0,0.12888239929186257,0.0,0.0,0.09771945654364511,0.0,0.13421402985295044,0.0,0.013584631587875732,0.0,0.0,0.002840623020952151,0.0,0.0,0.0,0.1440245068104474,0.0,0.0,0.0,0.0,0.1868558136070412,0.1355754601400642,0.15630307914516123
NSGA2,0.21240242642114784,0.18341833550352474,1.158021774857215,73.68993752365368,0.09925982193835635,0.0,0.10315903852245388,0.0,0.013479490538624248,0.05997921834770837,0.0,0.138528354986708,0.0,0.009451875298426173,0.0,0.0,0.10015819845978179,0.0,0.0,0.0,0.14526275279230547,0.0,0.0,0.0,0.0,0.18105936978705175,0.1496618793285839,0.0
NSGA2,0.24276685546653,0.17270404144116747,1.4056813809376303,65.57738650902114,0.09382427681411784,0.0002128846626952667,0.11504583904910191,0.00039097600148610623,0.00039097600148610623,0.11310281343941529,0.0014329333850052843,0.0982078524647555,0.0002772412449023008,0.002859909366594369,0.0004113784154516906,0.00039097600148610623,0.1439876185236047,0.004910825257145173,0.00039097600148610623,0.00039097600148610623,0.00039097600148610623,0.10122322487194073,9.156807829592398e-06,0.0001446669104523137,0.00039097600148610623,0.18321008073258224,0.1383591076574624,4.3358386540614174e-05
NSGA2,0.2213439672642049,0.16221945473363275,1.3644723909820538,66.9685385686193,0.09417724757087316,0.0008263932775431372,0.0855412055835348,0.0008263932775431372,0.0008263932775431372,0.10337080875158405,0.0015850008877782119,0.09534383790484956,0.0008263932775431372,0.09482760229652053,0.0008263932775431372,0.0008263932775431372,0.08379384953937027,0.0008263932775431372,0.0008263932775431372,0.0008263932775431372,0.0008263932775431372,0.10239448305084714,0.0008263932775431372,0.0008263932775431372,0.0008263932775431372,0.18407351050411774,0.1426183530706409,0.0015309882318228888
NSGA2,0.21794115969484112,0.1841686507434218,1.1833781635207294,72.41750533629607,0.10786999599058582,0.00038933220703307394,0.10330579897052532,0.00038933220703307394,0.00038933220703307394,0.08406791708727748,0.00038933220703307394,0.13069956059113588,0.00038933220703307394,0.0006558723210081316,0.00038933220703307394,0.00038933220703307394,0.1266143828770607,0.008761987289034158,0.00038933220703307394,0.00038933220703307394,0.127665555394886,0.00038933220703307394,0.00038933220703307394,0.004229975577189446,0.00038933220703307394,0.18230686727151754,0.11876076793834961,0.00038933220703307394
NSGA2,0.24519141887793888,0.17365382505464538,1.4119551861341497,65.750971366218,0.10819083481989523,2.8619551146365617e-06,0.11436342986891132,0.0004694705025242767,0.00038395804688355037,0.07799270509470138,0.0005111345547856197,0.12653345550073275,0.0006290438800977227,0.00021307667520777433,0.001080302333197763,0.0004630633887115126,0.14257197589920417,2.8619551146365617e-06,1.887389504572148e-05,2.8619551146365617e-06,0.006045005659170298,0.10054081569175013,2.8619551146365617e-06,0.0004630633887115126,2.8619551146365617e-06,0.1912339132632126,0.12827870580656886,2.8619551146365617e-06
NSGA2,0.17571770620318458,0.18695902499949746,0.9398728208154535,80.53752034346007,0.0,0.0,0.11645511970201758,0.004339947950284547,0.0,0.07780101631010704,0.0,0.15654008016733353,0.0,0.07651452268491471,0.0,0.0,0.0022559087567877905,9.266715372895707e-05,0.0,0.0,0.19333973824597406,0.02805306494352318,0.0,0.0,0.0,0.19870901085585255,0.13926331718556537,0.006635606043910715
NSGA2,0.19388980970832745,0.15590466516844018,1.2436434118173945,71.58462720567789,0.10590831610592547,0.0,0.08575078620270637,0.0,0.0,0.08300898023109984,0.04289738372165837,0.031500381880405194,0.0,0.09419377320513016,0.0,0.0,0.12356586525379153,0.006801273391929797,0.0,0.0,0.0,0.0,0.0,0.002268295692529096,0.0,0.1803451873868572,0.11679908805368926,0.12696066887427765
NSGA2,0.13060188750612417,0.14597297910558973,0.8946990621576143,74.50664108659205,0.07860000255444093,0.0031920825815583208,0.09628814352605261,0.0005339770032276597,0.0006644550752738244,0.07136598848883068,0.12924390650159986,0.10736651385226652,0.0006644550752738244,0.09565411677208652,0.002733323642329408,0.0006644550752738244,0.0007183798464524541,0.007056609784955981,0.035512389945835866,0.0006644550752738244,0.00740933466470099,0.0006555302107514829,0.0006604857924107206,0.016301375330732427,0.0,0.04391182994800896,0.14190021191509308,0.15823797733757028
NSGA2,0.1685720006818232,0.1591970459905686,1.0588889990572439,80.01383619015101,0.0,0.0,0.10537471513613694,0.0,0.0,0.06747976803916826,0.0,0.14621914870648792,0.0,0.09044550578244127,0.0,0.0,0.09972705343985733,0.0,0.0,0.0,0.0,0.006365072506993558,0.0,0.0,0.0,0.17506825633434767,0.14603607639865168,0.16328440365591532
NSGA2,0.19590551203142792,0.19343435364362027,1.01277517845853,79.03855394582878,0.0010360422905652635,0.0,0.11840566451791176,0.0,0.01639255677269342,0.0854427645748414,0.0,0.16103364807352138,0.0,0.0029284379247253747,0.0,0.0,0.11208372692298904,0.005516753610135062,0.0,0.0,0.16373888911358295,0.0,0.0,0.0,0.0,0.19799955281797582,0.1312775869429271,0.004144376438131617
NSGA2,0.15893166027785652,0.1783929440643758,0.8909077716689491,81.88566637732367,0.0,0.0,0.09669701068054777,0.0,0.0,0.05714859223136135,0.0,0.1323385565268496,0.0,0.02223978627896439,0.0,0.0,0.01983128831568326,0.0,0.0,0.0,0.1719207651149575,0.0,0.0,0.0,0.0,0.1841855650545295,0.14440863548351712,0.17122980031358945
NSGA2,0.12563986684721212,0.1445775687557278,0.8690135539593142,73.9246185873553,0.07418967775268516,0.0009911772727945645,0.06001919542953369,0.0008588313875773475,0.0009528853813625091,0.07845790480844551,0.13477648770084513,0.10863239617287651,0.0018895233007792118,0.0972386221388875,0.0008588313875773475,0.0008588313875773475,0.007228170901146892,0.020648686883249993,0.04683737212127009,0.0008588313875773475,0.0008588313875773475,0.0008588313875773475,0.0008588313875773475,0.0008588313875773475,0.0008588313875773475,0.034318223036224275,0.15169629804620852,0.1743938965654943
NSGA2,0.19090104242264655,0.17713703331299696,1.0777026060119732,77.05320344648092,0.06423750672666022,0.0,0.09841486788912374,0.0,0.0,0.01203485493926474,0.0,0.14529757986475497,0.0,0.00027787582292347244,0.0,0.0,0.10727276378686708,0.0,0.0,0.0,0.14113830132742092,0.0,0.0,0.0,0.0,0.1916268450429172,0.11803578281266187,0.1216636217874057
NSGA2,0.20420972955955738,0.1581794603975281,1.2910002919870158,70.03340253366846,0.07564196874598687,0.0,0.09844248485641922,0.0,0.0,0.07549164327066825,0.0,0.13179607983729655,0.0,0.0685167943939504,0.0,0.0,0.10262694279909763,0.0,0.0,0.0,0.0,0.08727361758092005,0.0,0.0,0.0,0.1508050478868104,0.12486458591367368,0.08454083471517686
NSGA2,0.11449739397665493,0.15116699994100585,0.7574232075872278,79.88262600576448,0.0028443868867204913,0.004131490788774275,0.11027623117266286,0.009122326539405682,0.000492734423053153,0.03118912477317337,0.10828539915679578,0.1435917521040065,7.8019495499597e-05,0.0956346638522405,7.8019495499597e-05,7.8019495499597e-05,0.014259897738142659,0.012159404324043546,0.050204401777900184,7.8019495499597e-05,0.0009241679630551625,0.00010279563459968814,9.803719169872994e-05,0.03033938772539232,0.00084969678079831,0.06661497593765787,0.1429898226331629,0.17557722461471761
NSGA2,0.18561367951378593,0.15830785746330195,1.1724855764459694,75.3065477646929,0.06888864065126438,0.0022011810366019393,0.11667358188884207,0.0022011810366019393,0.007066645137583849,0.0555263073308919,0.0022011810366019393,0.1447561576952218,0.0022011810366019393,0.07903302262396397,0.0022011810366019393,0.0022011810366019393,0.10653420018816835,0.0022011810366019393,0.0033283285978471426,0.0022011810366019393,0.0022011810366019393,0.0022011810366019393,0.0022011810366019393,0.0022011810366019393,0.0022011810366019393,0.16132127611682398,0.13538081414368724,0.0928756721498801
NSGA2,0.23262069796135007,0.17217119902520653,1.351101109119264,67.90820814803226,0.08624118918701425,0.0,0.117985431911165,0.0,0.0,0.08554474784452079,0.0,0.15072515217398688,0.0010555764962737366,0.0,0.004203261723822693,0.0,0.11327314933782252,0.0,0.0,0.0,0.0,0.09589319120209369,0.0,0.026156813820006383,0.0,0.18168789080288897,0.1355696525371873,0.0016639429632178285
NSGA2,0.16022761540254396,0.14948927760985678,1.0718334984580802,74.91472358876447,0.0793600801314776,0.0,0.09667206600292218,0.0,0.0,0.015546360334787394,0.11741415602592084,0.11207946204002332,0.0,0.08443243558551482,0.0,0.0,0.009831956932154936,0.0,0.041000053214417055,0.0,0.0,0.014849466144152348,0.0,0.0,0.0,0.1678647793483768,0.10666946224545706,0.15427972199479575
NSGA2,0.19767933044801314,0.1949998262149787,1.013741059594999,79.1025630945686,0.0,0.0,0.11035778711752388,0.0,0.0,0.07170368372561334,0.0,0.17875261469794188,0.0,0.0,0.0,0.0,0.15123329180925546,0.0,0.0,0.0,0.16572809694174104,0.0,0.0,0.0,0.0,0.1890585411068527,0.13316598460107168,0.0
NSGA2,0.207479063458167,0.19103935991556326,1.0860540129001157,74.59440193247187,0.07518968027199743,0.007945139308181593,0.12109958796520265,0.0005518863322201865,0.0005518863322201865,0.04446445352101035,0.0005518863322201865,0.1358639341936931,0.0005518863322201865,0.0005518863322201865,0.0005518863322201865,0.0005518863322201865,0.13655572901053217,0.0005518863322201865,0.0005518863322201865,0.0005518863322201865,0.16884561961112182,0.0005518863322201865,0.0005518863322201865,0.011682095603575474,0.0005518863322201865,0.19087880258954612,0.09974854927405659,0.0005518863322201865
NSGA2,0.21287254295587255,0.1840772688727822,1.1564303635067026,73.45246983799885,0.09627327819064595,0.0,0.10017249477474348,0.0,0.014068448364545221,0.0837084959470871,0.0,0.13554181123899764,0.0,0.0024174014526839606,0.0,0.0,0.09717165471207138,0.0034400704920896186,0.0,0.0,0.1422762090445951,0.0,0.0,0.0,0.0,0.17807282603934138,0.1468573097431992,0.0
NSGA2,0.1746232915950301,0.17907368263805035,0.97514771027513,80.39000433674977,0.0,0.0,0.11316910411730538,0.0,0.008454900500947573,0.027235594452276895,0.0,0.15002953014099998,0.0,0.09032757784963714,0.0,0.0,0.11220597669376393,0.0,0.0,0.0,0.11423910813593574,0.0,0.0,0.05366821932481598,0.0,0.1867130517027689,0.1371719996372686,0.006784937444279978
NSGA2,0.1655172303672638,0.16852999259955573,0.9821232874586866,80.97653220895697,0.0,0.0,0.13548759482082876,0.0,0.0,0.06101109875055292,0.0,0.13191485567677327,0.0,0.0663875323579768,0.0,0.0,0.09183950260622183,0.0,0.0,0.0,0.09069448391769194,0.0,0.0,0.0,0.0,0.1699191371686643,0.10965300350909943,0.1430927911921907
NSGA2,0.12434690175286289,0.14875352196261898,0.8359257657382435,77.3292335313416,0.0034549082965021874,0.004269069786300264,0.11221333017177,0.003984144118307927,0.0033926186356799874,0.031087624503635218,0.13295542019476866,0.12546526824280085,0.0017571831579452646,0.108171772948314,0.001918523040653967,0.0017712118755131507,0.025373221101002756,0.0031085475625423267,0.0039132666666906405,0.0017526284844186337,0.007909098813450194,0.030390730313000172,0.0017783764153899283,0.0022105922658748377,0.001828872170963154,0.06461106231101503,0.1498440613746348,0.17683846754882607
NSGA2,0.2500726752388364,0.17220002345581503,1.452222074191545,62.0165015866126,0.14097681433955847,0.02438926471716889,0.12143477856715,0.0,0.0,0.08094909708125313,0.0003962772921103601,0.05035886368448655,0.0,0.0,0.0,0.0,0.16621702898777982,0.0,0.0,0.0,0.0,0.08336708192034481,0.0,0.0,0.0,0.17829821986596237,0.15109483150651853,0.0025177420376669714
NSGA2,0.13328470714613133,0.16568525587450095,0.8044451900239599,84.41094772796512,0.0,0.0,0.1464725512736913,0.13605784903858548,0.0,0.0,0.0,0.13455384614842109,0.0,0.14892801631382202,0.0,0.0,0.00021252738163301515,0.0,0.01414059943869934,0.0,0.04648027752155595,0.0,0.0,0.0,0.0,0.1575570301335311,0.11152633750344051,0.10407096524662009
NSGA2,0.1278567894752627,0.14164193950099896,0.9026760712660317,69.98899135170171,0.09168198532024653,0.04355087628598412,0.05579148815413,0.0016904097933958552,0.0,0.03378474117977082,0.10906918337272088,0.0716732285378122,0.0,0.14461387104982087,0.0,0.0,0.02470451629229778,0.045072918009774095,0.0676326889206329,0.0,0.00043285650152679987,0.0004301276100440572,0.0,0.0009781992159665273,0.0,0.037338877287317884,0.16050125199506365,0.11105278047349498
NSGA2,0.21602404765649386,0.15915470324918207,1.3573211676834567,66.65413551784532,0.10929812385578613,0.0,0.07421153044439913,0.0,0.0,0.0738952253802055,0.0,0.05505258002970225,0.0,0.11703855712258748,0.0,0.0,0.15661895206961482,0.0,0.0,0.0,0.0,0.07858317974718684,0.0,0.0,0.0,0.16122664815923549,0.13346150549991811,0.04061369769136424
NSGA2,0.10420673995930588,0.15279864626829762,0.6819873245233489,80.15073630798565,0.0027382966427928605,0.003645700250968543,0.13216123941042165,0.08996505251146124,0.0032084615935280346,0.003109371536303629,0.14644414956452453,0.12446336386103132,0.002760932303855704,0.1582761994669479,0.002733236946406053,0.0027382966427928605,0.0027382966427928605,0.004224839444462096,0.0077713987710083315,0.0031074796847920506,0.011465945144371806,0.0027382966427928605,0.0019491411092638828,0.0019715521367949704,0.0027382966427928605,0.043031205021038375,0.14264018983696838,0.10337905819188724
NSGA2,0.17491163995414943,0.16090129989189964,1.0870741260118006,79.62904431732524,0.0,0.0,0.13142671007744539,0.0,0.0,0.09593165276187483,0.0,0.13771313398144824,0.0,0.13297294335433496,0.0,0.0,0.1275594248068937,0.0,0.0,0.0,0.0,0.0,0.0,0.0,0.0,0.16209845133876954,0.14115461148729513,0.07114307219193831
NSGA2,0.2362581740503506,0.16799076025648285,1.4063760035947173,65.14877185246202,0.12095298896327344,0.0,0.11431732662133125,0.0,0.0,0.08780709675138762,0.013075260884571364,0.06696447713487472,0.0,0.0021413822428633564,0.0,0.0,0.14720732427034708,0.0,0.0,0.0012525399858578415,0.004656762738226945,0.08561839609163004,0.0,0.0,0.0,0.17380256064826982,0.12854162565975819,0.053662258007608384
NSGA2,0.20377413571111996,0.1777694296903357,1.146283340538826,75.81324468737796,0.044987141131765745,0.0,0.14144836191309074,0.09530017129686706,0.0,0.08781404318527901,0.011855730721369532,0.12981349148466026,0.0,0.013856110674426315,0.0,0.0,0.1657589733815989,0.0,0.0,0.0,0.01730511306718727,0.0,0.0,0.0,0.0,0.16577579704983286,0.12469968257651926,0.0013853835174031236
NSGA2,0.13687646146366023,0.1618785773335295,0.8455501877907186,82.95601579476991,0.0012399611820220152,0.0012399611820220152,0.1371890758623071,0.14724228078104495,0.0012399611820220152,0.0012399611820220152,0.017193946971173532,0.09355455550096904,0.0012399611820220152,0.1688781774093654,0.0012399611820220152,0.00039893884109024107,0.004358687713419915,0.0012399611820220152,0.0012886613343335762,0.0012399611820220152,0.001334620852076831,0.0012399611820220152,0.0012399611820220152,0.0012399611820220152,0.0012399611820220152,0.1739397617748339,0.13984263980450634,0.09989911897061507
NSGA2,0.16699955337653,0.17832205426010547,0.9365053249831893,81.48447071154607,0.0,0.0,0.13271044332070805,0.14318173262864103,0.0006284424955924747,0.1182877243854755,0.0,0.12810016986070075,0.0,0.006154828303392794,0.0,0.0,0.0012618511384994782,0.010836983949180506,0.002229459663435637,0.0,0.04894337097623431,0.0,0.0,0.0,0.0,0.17994630582159735,0.14010182924321374,0.08761685821332837
NSGA2,0.15867191599873864,0.14601045109101718,1.0867161549951572,69.67518244361099,0.0979774790699837,0.0,0.06498017511854269,0.0,0.0,0.10387558720013293,0.09710490022516695,0.12363090015331074,0.0,0.1405534587614145,0.0,0.0,0.011455520979153687,0.030838799781041207,0.0,0.0,0.0,0.05873716378300023,0.0,0.007541923485371589,0.0,0.030053785162147333,0.17441892671080197,0.05883137956993248
NSGA2,0.20059604134307826,0.15382388620411158,1.3040630183852193,67.224683248367,0.11491691627574391,0.0,0.11536341301733302,0.0,0.0,0.08278428240622163,0.06224403496058893,0.03443120278336793,0.0,0.12552242143565312,0.0,0.0,0.09353241099824501,0.0,0.0,0.0,0.0,0.07061273710304941,0.0,0.0,0.0,0.1352697767972784,0.12491853350481749,0.0404042707177011
NSGA2,0.13052398996338616,0.15339153704223948,0.8509204124308613,80.869518179983,0.0,0.0,0.12831378018956446,0.05404047315830956,0.0,0.0,0.13659947335242636,0.1150303041634263,0.0,0.1403540769292426,0.0,0.0,0.0,0.0,0.03745566339600153,0.0,0.0034943356621367364,0.0,0.0,0.0046884939535347375,0.0,0.14101786133723948,0.1503450977502439,0.08866044010787431
NSGA2,0.12133510163802627,0.14779522178612048,0.8209676887498735,76.63375824568887,0.040024930257018004,0.0,0.10287211261608424,0.0,0.0,0.08782062404478021,0.10233330493072214,0.12289952523490377,0.0,0.13708534139172332,0.0,0.0,0.0,0.03399667608719226,0.03169559606863141,0.0,0.007410079268152037,0.007663406560541356,0.00506146838972968,0.012429607617558024,0.0,0.03257116230803525,0.1504772946184094,0.12565887060651904
NSGA2,0.18311179182771242,0.15014766159156992,1.219544746063453,70.6530379808429,0.12510789661884794,0.0,0.09402578047208053,0.0,0.0,0.0830771113373487,0.10140919690608387,0.03967148793200903,0.0,0.10520148661987887,0.0,0.0,0.018092305281439628,0.029463719319446743,0.0,0.0,0.0,0.010578385378989323,0.0,0.0,0.0,0.15986877191347207,0.13150753152404915,0.10199632669635415
NSGA2,0.19867172032764985,0.17727591009338073,1.120692147190212,76.17793152455793,0.04940916502324359,0.0017692104172348964,0.14697429720612198,0.09972219518834492,0.0004887154350152742,0.08048050089703565,0.0009411679038815078,0.13472293741586117,0.0003867564104215717,0.018489361579386607,0.0003711110485333029,0.00038594371638484844,0.14207249636366856,0.00038781754657767384,0.013417726690023559,0.0003832534756027863,0.02172713695866512,0.00038978149246115195,0.0004914637318985373,0.000482454228596365,0.0003711110485333029,0.17014887569276957,0.11017911312085714,0.005807407408880975
NSGA2,0.10868185788096651,0.14975534698592124,0.7257293984379996,79.06622409594317,0.014949584479156529,0.0,0.13086569696671552,0.06563517691390607,0.02070871676376837,0.009509609607998053,0.14819417710802285,0.10252288773591753,0.0,0.14256589121898722,0.0,0.0,0.0,0.0012895736607692596,0.0464539702727629,0.0,0.0,0.0,0.0,0.016283197709131246,0.0,0.038422984351681615,0.16234338934771209,0.10025514386347083
NSGA2,0.17555231779477667,0.15088975355237771,1.1634475745487778,72.92608677569231,0.10830593951533037,0.034386031487012324,0.07735691999097923,0.002350175411399257,0.0,0.08088542576347314,0.006724962019025122,0.11987074417496896,0.0,0.14553109729601313,0.0,0.0,0.0004909630414622051,0.001381925295888657,0.0,0.0,0.0,0.005179674678424235,0.0,0.0,0.0,0.16335820956016991,0.15300696626770904,0.10117096549814453
NSGA2,0.20328274390978662,0.15643481413834492,1.299472531287129,70.2760146023021,0.10580413061987269,0.0,0.09180976773827394,0.0,0.0,0.06659819121345127,0.0,0.03423592999972006,0.0,0.13792493082885338,0.0,0.0,0.14917962030494664,0.0,0.0,0.0,0.0,0.026077235404487715,0.0,0.0,0.0,0.16189943474093896,0.16570510295922858,0.060765656190226704
NSGA2,0.12174313508279984,0.1473674343958873,0.8261196619312077,76.17896217176244,0.045487755483347186,0.0002563772165670759,0.10455686628011493,0.0002563772165670759,0.0002563772165670759,0.09299708921149492,0.10251240142448909,0.1240193983289346,0.0002563772165670759,0.14179106705225394,0.0002563772165670759,0.0002563772165670759,0.0002563772165670759,0.034529518112646485,0.04450960833347576,0.0002563772165670759,0.0002563772165670759,0.013191111688391795,0.0002563772165670759,0.01478183982104356,0.0002563772165670759,0.03321789419014795,0.11479103197556453,0.13079426871585745
NSGA2,0.11831392166574947,0.14647522414144667,0.8077401646540394,76.3838143637594,0.04737112868207113,0.0014891685530044744,0.1083848762722464,0.0009160317556230535,0.00117228135638896,0.0070097449602783786,0.1078460685868843,0.12841228889106593,0.0011791942146254948,0.14259810504788548,0.0010699065973335978,0.0011770342390008664,0.00117228135638896,0.03950943974335441,0.04817894623932979,0.001491579540469376,0.0016330695823899438,0.013953675352446281,0.0010891460559175395,0.01794237127372018,0.0011970961805686958,0.038044079668767904,0.15599005827457155,0.13117242757566736
NSGA2,0.22080956200201662,0.1752207864500874,1.260179037404991,71.24169047188536,0.12536668991220928,0.0,0.10941055690265909,0.09068193321668111,0.0,0.08319580510509306,0.0,0.12519525340447432,0.0,0.009276586337824069,0.0,0.0,0.16117794806203176,0.0,0.0,0.0,0.012686874987001313,0.0,0.0,0.0,0.0,0.16292690757569253,0.1200814444963333,0.0
NSGA2,0.2073238079348507,0.18188754219565592,1.1398461127801323,74.33260561495084,0.05705982623108918,0.0,0.125266081941884,0.14970296292948085,0.015784003264613107,0.09009565368345396,0.0,0.08955514176145496,0.0,0.0022918192010219487,0.0,0.0,0.16927411883862287,0.0,0.0,0.0,0.0,0.0,0.0,0.0,0.0,0.17388940493318716,0.127080987215192,0.0
NSGA2,0.1420343235161141,0.1637741389893364,0.8672573361864061,83.68054702101838,0.0,0.0,0.1255544023945149,0.0880869203961752,0.0,0.0,0.007959761830920604,0.1283713088706532,0.0,0.1627966566675384,0.0,0.0,0.0,0.0,0.016738973648502593,0.0,0.052496255142646504,0.0,0.0,0.0009077878643963193,0.0,0.1882850243189507,0.13734705040885387,0.09145585845684774
NSGA2,0.22452658376132256,0.17106136132456262,1.3125499646604466,69.06761802993023,0.13390751975210985,0.000601145603099354,0.11733006440792822,0.0047437254922802295,0.0019780776686609547,0.07488903844181537,0.016443526820623576,0.12806785505385326,0.0033242735016989354,0.004787495252166896,0.0033480170622506066,0.0003174341647209798,0.14995474112381368,0.0034538585226839744,0.0059018678459872445,0.003990525635536769,0.01454874445975388,0.007022225407405102,0.0033371659493350806,0.003961748005225513,0.003910871049377066,0.16311702204678014,0.14658161264608713,0.004481444086806227
NSGA2,0.2367079435672106,0.1664460679301839,1.4221299818659467,62.98137672394869,0.14132995920657512,0.025066207104768944,0.12211172095475005,0.0006769423876000513,0.0006769423876000513,0.08162603946885318,0.0028058161533918526,0.04580279100115787,0.0006769423876000513,0.0006769423876000513,0.0006769423876000513,0.0006769423876000513,0.10569652167754778,0.0006769423876000513,0.0006769423876000513,0.0006769423876000513,0.0006769423876000513,0.08404402430794486,0.0006769423876000513,0.0006769423876000513,0.0006769423876000513,0.1786615804783755,0.15177177389411858,0.052283314713715556
NSGA2,0.1927475999226993,0.18446241791422896,1.044915284653391,77.55180874531376,0.0020095938524198865,0.0017327531070860484,0.121566801740443,0.15654079325706263,0.001542573008341124,0.0983116051630972,0.002135662286035973,0.11911312354957523,0.001537136646428683,0.0017315120434432322,0.0015378615903590637,0.0015441422587273049,0.15633230719297186,0.0018854902331514958,0.0017318445216989854,0.0017197135851295656,0.0016469752212110247,0.0017327531070860484,0.0015364303969511589,0.0017371193083370602,0.0015364303969511589,0.1833253882042334,0.13597555893230767,0.0015364303969511589
NSGA2,0.1392313581342045,0.16374321902587355,0.8503030474330919,84.34865478403832,0.0,0.0,0.14426115113377216,0.13391468045612948,0.0,0.0,0.0,0.13314822022984224,0.0,0.1651006408533502,0.0,0.0,0.0,0.0,0.0,0.0,0.022370158583034323,0.0,0.0,0.0,0.0,0.1702926052478576,0.1363512756911,0.09456126780491404
NSGA2,0.1060669997600621,0.15009019358362366,0.7066884066677297,79.478169414001,0.0,0.0,0.10502605210002691,0.07135400188710188,0.0,0.0010852164944188118,0.14121672671605037,0.12237433328717415,0.0,0.14324180846150525,0.0,0.0,0.014684865414421624,0.054608076503769955,0.04652146255774838,0.0,0.0,0.0,0.0,0.0022724708959436803,0.0,0.03753664207120811,0.15802891632182378,0.10204942728880721
NSGA2,0.20587475543013947,0.18056280331034544,1.1401836461094852,74.49368079513776,0.05507891623176504,0.00025187618117171565,0.12131344170138049,0.14714386716926842,0.013585379487073074,0.08412497204335306,0.00027494735113461427,0.09413844712027294,0.0,0.008069498362686386,0.0,0.0,0.1728294316544467,0.0005571125077412172,0.0,0.0,0.0,0.0,0.0,0.0,0.0,0.17157994140554217,0.13105216878416426,0.0
NSGA2,0.18651616769440232,0.1822163314512456,1.0235974251534483,78.55814654976845,0.004189704607788285,0.0012346363435014058,0.1225664327156486,0.14572624981953614,0.0015474472548664413,0.08527503709742908,0.0013640498992024094,0.1496459816056637,0.0015262867736516152,0.0017180179067361279,0.0012248288069998212,0.0012248288069998212,0.1276323790151296,0.001704718530747367,0.0012248288069998212,0.0012248288069998212,0.0016121278689443495,0.0012248288069998212,0.0012248288069998212,0.025308076536842656,0.0014772764995990896,0.17307743072262044,0.1458203451530939,0.0012248288069998212
NSGA2,0.14235513208630163,0.14407001132121025,0.9880969035874841,72.55859145645353,0.09943004446409742,2.860765075166509e-05,0.09213199449289088,0.0,0.0,0.06810593754448731,0.1119842938830187,0.07457255690044293,0.0,0.1374726786999221,0.0,0.00040633794791802895,0.026726593051679636,0.042891803328326206,0.025281210809625428,0.0003353711056294407,0.00026709445907900853,0.0,0.0,0.01258430716650937,0.0,0.03836651178975247,0.1655993573885948,0.10381529931727464
NSGA2,0.1902213908059276,0.18323397759193666,1.038133829248372,78.80377460395664,0.0034709522204146343,0.0004924951002947916,0.12999857797293143,0.1448250571211752,0.0008151135481614117,0.09826555079786932,0.0013745032711957172,0.14891364789895864,0.0007732577739508936,0.003297366808340831,0.0004924951002947916,0.0004924951002947916,0.12994986432231742,0.0004924951002947916,0.0004924951002947916,0.0004924951002947916,0.016964100083426928,0.0004924951002947916,0.0004924951002947916,0.0007867845421253009,0.0007449427928940599,0.17154996043776116,0.14383786450582398,0.0004924951002947916
NSGA2,0.16925994758323687,0.1490854376932271,1.1353218007215622,73.29529435583382,0.11263583651200126,0.0,0.08155222072111401,0.0,0.0,0.07060505123050202,0.09002721559982413,0.11189250294627127,0.0,0.09272942651303219,0.0,0.0,0.005620245174592947,0.016991659212600062,0.03187854779644053,0.0,0.0,0.0,0.0,0.0,0.0,0.1473967118066254,0.11973484930157893,0.11893573318541731
NSGA2,0.14425716820117657,0.16249946299132817,0.8877393533840471,82.62349359785462,0.0,0.0,0.13272179441082083,0.08088145883479812,0.0,0.0,0.005324956011468178,0.11240706260897831,0.0,0.15141481668054502,0.0,0.0,0.007423858522070361,0.04779497006123082,0.0,0.0,0.04930866758508894,0.0,0.0,0.0,0.0,0.1701800126634903,0.1468851784197324,0.0956572242017766
NSGA2,0.21503756233778692,0.15972801822955893,1.3462732757927158,68.09340629901529,0.10207320051858351,0.0,0.13062751176693502,0.0,0.0,0.06577962618540026,0.0,0.04887286555725882,0.0,0.10981363378538486,0.0,0.0,0.14939402873241223,0.0,0.0,0.0,0.0,0.07135825640998422,0.0,0.0,0.0,0.15488992920850664,0.13380217348137277,0.03338877435416163
NSGA2,0.14107113935022547,0.15622692325720244,0.9029886552779035,81.32735331567729,0.0,0.0,0.12954948592759552,0.07922607511228298,0.0,0.0,0.09048373438494872,0.11224550731283053,0.0,0.14975943295802985,0.0,0.0,0.005768474799555212,0.04613958633871567,0.0,0.0,0.0,0.0,0.0,0.0,0.0,0.1709979804709223,0.12420734377491954,0.09162237892019964
NSGA2,0.17178456563936623,0.1763552080226068,0.9740827479126408,80.62070869509262,0.001536607529536955,0.0008536737052546303,0.14823827204329953,0.08909188863569285,0.003524092855003397,0.12070291089490949,0.001252638254675325,0.13099582022011164,0.0015178157090942675,0.0014742577880046367,0.0006918311492154079,0.0015113059210843682,0.0046456970745625764,0.015864025568087567,0.004972461510658519,0.0008536737052546303,0.05182775703719176,0.0008536737052546303,0.0004931900932838624,0.0015405506915541188,0.0013124449777067526,0.18281307345091652,0.14299747960262463,0.090434857877022
NSGA2,0.14837098096904533,0.16028076062373747,0.9256942654355714,82.44925411827289,0.0,0.0,0.13695564356124337,0.08564788576203627,0.0,0.07997440891598102,0.02093594610969516,0.11568306091593235,0.0,0.16105661216573963,0.0,0.0,0.0,0.002943654888070009,0.0,0.0,0.0,0.0,0.0,0.0,0.0,0.1761060503020777,0.12861918365223513,0.09207755372698927
NSGA2,0.1970022582341519,0.18611850957381412,1.0584775188951387,77.45705140342442,0.0006612064590851935,1.5822232415920177e-05,0.13300181165864014,0.09055932954119335,0.000750817604446201,0.09384682893877294,0.0006240967618958012,0.12219378274884482,0.00024690771962668543,0.0009125045768490307,0.005779039343366485,0.0006785692922360046,0.1694916410627815,0.009822606169304379,0.0006612064590851935,0.0006477569540477327,0.056028200023145285,0.0005911197104672806,0.0006272419647029692,0.0006612064590851935,0.0013944972327689202,0.17873070936129176,0.13207309772594716,0.0
NSGA2,0.14654460176913897,0.14248640532413698,1.0284812886939645,70.21809613979688,0.12121368670392929,0.020567486985153063,0.10322801041929053,0.0,0.0,0.033872337865173324,0.11154392823175302,0.07413219124917725,0.0,0.13925076271097792,0.0,0.0,0.021639330655539118,0.04301202868692613,0.024383362952787903,2.7482659627752094e-05,0.0,0.007320077200452605,0.0,0.0,0.0,0.037926146138486785,0.16020987291452984,0.10167329462619555
NSGA2,0.1384244359012731,0.14305910140522,0.9676031412302875,71.70318165898613,0.09984018190080672,0.021744788707373324,0.10421813444589195,0.0,0.0,0.035936868249436066,0.112394431319728,0.07498269433715223,0.0,0.1401012657989529,0.0,0.0008164753846273267,0.022489833743514095,0.043301940765035504,0.025691348246334723,0.0007455085423387385,0.0006796219726392618,0.0,0.0,0.012994444603218669,0.0,0.03877664922646177,0.16106037600250483,0.10422543675398394
NSGA2,0.16202015762826222,0.1726958076218091,0.9381823442007013,81.0508447447588,0.0005763414447006307,0.00027412684303160494,0.12110587908614738,0.1464991205601072,0.0002561910929896562,0.08705807725055695,0.0002561910929896562,0.14994400908405545,0.0002561910929896562,0.004620114288989795,0.0002561910929896562,0.0002561910929896562,0.001764215423733266,0.0002561910929896562,0.0002561910929896562,0.0002561910929896562,0.01837505561544427,0.016730588868305078,0.0002600962136466998,0.025606104015234422,0.0002561910929896562,0.16999650057255314,0.14611837263148564,0.10876567826510147
NSGA2,0.15304444284442098,0.14337343706868783,1.0674532603351061,69.18400368328864,0.11374935357014909,0.03306538197911989,0.08868403320888052,0.0,0.0,0.031507570737032885,0.10500554256896771,0.07338308797423192,0.0,0.13613782173083636,0.0,0.0,0.09585593884799506,0.03677011101920208,0.0024587481252571564,0.0,0.0,0.0,0.0,0.0,0.0,0.034206657201074214,0.15035463610312189,0.09882111693413115
NSGA2,0.16832795133819156,0.16811519918061954,1.0012655141153741,80.28391025574952,0.0,0.0,0.10863338862261893,0.12873163280470235,0.0,0.07373861770887405,0.0,0.13909693124286407,0.0,0.13271876443380648,0.0,0.0,0.11939185648380773,0.0,0.0,0.0,0.005684217177503909,0.0,0.0,0.0,0.0,0.15877344191544596,0.13323114961037655,0.0
NSGA2,0.20941909076606646,0.17612956880566633,1.189005867590185,73.30305648298754,0.1002365337967396,0.00276142152272162,0.14992084451921817,0.09313456532428417,0.00276142152272162,0.0032442074067652563,0.00276142152272162,0.13747912825408815,0.00276142152272162,0.004931738589982682,0.00276142152272162,0.00276142152272162,0.14100267605062178,0.0027699219577286757,0.00276142152272162,0.00276142152272162,0.02116136173943784,0.00276142152272162,0.00276142152272162,0.00276142152272162,0.00276142152272162,0.17960099368240973,0.1288207739316134,0.0045601964744512065
NSGA2,0.14292626538500655,0.1633962557182303,0.8747217906356229,83.18838712474962,0.0015655003456010845,0.0004858374882101881,0.14490872275065605,0.12000390965821676,0.0004858374882101881,0.0004858374882101881,0.0004858374882101881,0.13363405771805242,0.0004858374882101881,0.1399992568603569,0.0004858374882101881,0.0004858374882101881,0.0004858374882101881,0.02275360321900682,0.0004858374882101881,0.0004858374882101881,0.023136796085086182,0.0033203756936229897,0.0021829266745155293,0.00048797741607085535,0.0004858374882101881,0.1707784427360678,0.1368371131793102,0.09504710529312424
NSGA2,0.17354850078994427,0.15051573611795593,1.153025625532855,73.58569356547687,0.12264654073858652,0.003389309429956601,0.11285419060674394,0.006334642598124119,0.0015371668137329608,0.0015371668137329608,0.09184205882789996,0.10651587120624469,0.0015371668137329608,0.13960402945863523,0.0015371668137329608,0.0015371668137329608,0.0015371668137329608,0.0015371668137329608,0.0020316460863845647,0.0015371668137329608,0.0015371668137329608,0.0027894831661820683,0.0015371668137329608,0.0015371668137329608,0.004074429077606571,0.1735018955462788,0.13589498562477012,0.08161208268152435
NSGA2,0.11701929121042308,0.14843223388397855,0.7883684570959885,77.53503293359833,0.04413769854071254,0.0026059959786720066,0.10158411385275946,0.0020328591812905855,0.0022904205461206067,0.008126572385945911,0.10896289601255184,0.1506222879526277,0.002296021640293027,0.143714932473553,0.0021769793733640995,0.0022938616646683983,0.002289108782056492,0.040761424854461756,0.003507142574623602,0.0023391657321067435,0.0027498970080574755,0.0025026385266342425,0.0023348602361143527,0.026207712399513826,0.002329737858522207,0.03916090709443543,0.15707417001678778,0.14789859531412683
NSGA2,0.14433073139512625,0.16424133668047117,0.8787722647187128,83.39418626447139,0.0007779557325218264,0.0,0.13240320122558283,0.10616122699723754,0.0,0.0,0.0,0.13293033333141996,0.0,0.13929553247372445,0.0,0.0,0.0070681120088949174,0.022049878832374376,0.0,0.0,0.0489001990605025,0.0,0.0,0.0,0.0,0.17007471834943533,0.1453829784632303,0.09495586352507596
NSGA2,0.19370968717754267,0.15425682379576477,1.2557608954402775,70.86629191517586,0.09694111800329479,0.0,0.09734208335701074,0.0,0.0,0.05732312915064381,0.0,0.09900404266801997,0.0,0.1316590351244966,0.0,0.0,0.12671912838842866,0.0,0.0,0.0,0.0,0.051757603722121286,0.0,0.0,0.0,0.13745319444947987,0.11934362253270715,0.08245704260379716
NSGA2,0.23348737855708662,0.16687560196918083,1.399170254979562,66.09684670942679,0.11680174728610669,0.0,0.14655279525202358,0.0,0.0,0.07890254349005515,0.0,0.048312310093288575,0.0,0.0,0.0,0.0,0.12942826906464766,0.0,0.0,0.0,0.0,0.08695327114303003,0.0,0.0,0.0,0.17625166627476438,0.13310974655464175,0.08368765084144221
NSGA2,0.1991892529687334,0.15514078403245077,1.2839257852858925,69.36129076603697,0.10607418037682284,0.022038850087810504,0.10375582001151586,0.000270049756950146,0.000270049756950146,0.03428903426549063,0.000270049756950146,0.034505979756670205,0.000270049756950146,0.140413430248125,0.000270049756950146,0.000270049756950146,0.14481685329689367,0.000270049756950146,0.000270049756950146,0.000270049756950146,0.00028674537338627695,0.02634728516143786,0.000270049756950146,0.000270049756950146,0.000270049756950146,0.1621694844978891,0.16102603389337947,0.061035705947176846
NSGA2,0.19908180303174539,0.15493637179560565,1.2849261972803716,71.05778150132484,0.09137776885331438,0.0,0.09575728905026998,0.0,0.0,0.07255112074871795,0.05953068572396721,0.09270173949058824,0.0,0.11195787647273844,0.0,0.0,0.1293082898657619,0.0,0.0,0.0,0.0,0.026105034885219966,0.0,0.0,0.0,0.1531811444658108,0.1414177850135415,0.026111265430069572
NSGA2,0.14988037601174997,0.1464271655965296,1.0235831268136095,72.297200665968,0.09163208775283298,0.0,0.09738198557140754,0.0,0.0,0.03061123472344741,0.1054455058058121,0.09320178471024004,0.0,0.13477563227296427,0.0,0.0,0.12603875186573307,0.040683414409668245,0.020335508013504082,0.0,0.0,0.0,0.0,0.0077282799823783395,0.0,0.037494791823909544,0.11577121984010713,0.09889980322799528
NSGA2,0.18612479390830505,0.18110508631216912,1.0277170989415698,78.03157108722954,0.01691913014076829,0.0015641270635725522,0.1214729778969214,0.14677161318830287,0.022181196463512978,0.007302506130906279,0.004107595201914982,0.15021650171225112,0.0015293885349040998,0.0005286837211853222,0.0005286837211853222,0.0005818465198333848,0.1322314457581102,0.009240351397010857,0.0005286837211853222,0.000697043441672283,0.017998972822652018,0.001579104637453856,0.001570252762185758,0.025878596643430087,0.0005286837211853222,0.17121314193847512,0.16430078914019539,0.0005286837211853222
NSGA2,0.1517377369075024,0.15041432157804943,1.008798466233591,78.49736756782491,0.06039651056283219,0.0,0.16456289865463977,0.0,0.0,0.022411653428178663,0.08067529813514884,0.12433935505102839,0.0,0.15335245946820067,0.0,0.0,0.011144731737314924,0.0,0.01302938551183602,0.0,0.009561853093000354,0.0,0.0,0.0,0.0,0.12534456736814772,0.13283604268947824,0.10234524430019415
NSGA2,0.24475075518836925,0.16737464871468907,1.4622928685309888,57.683568891621555,0.19408216991111538,0.06269176059117364,0.03431773051221325,1.4772997181176469e-05,1.4772997181176469e-05,0.06124221925168927,1.4772997181176469e-05,0.10387038064755669,1.4772997181176469e-05,0.012628231568026506,0.000246874363815494,1.4772997181176469e-05,0.1320104536443537,0.014793156053702204,1.4772997181176469e-05,2.430405915186224e-06,1.4772997181176469e-05,0.07480909855082218,1.4772997181176469e-05,1.4772997181176469e-05,1.4772997181176469e-05,0.16431455150941715,0.14482844002120632,1.4772997181176469e-05
NSGA2,0.13178608721620239,0.14182229118220202,0.9292339456488831,68.44456860698214,0.09075830604708936,0.07529961850424764,0.10024667987173347,0.0,0.002834572320956278,0.0,0.10470364192037106,0.1021624618038854,0.0,0.09137067350835106,0.0,0.0,0.05075823001361547,0.03723538678299216,0.054374590961753594,0.0,0.0,0.003425639789286091,0.0,0.0,0.0,0.013675419779843108,0.15011212457693404,0.1230426541189413
NSGA2,0.25005927912623044,0.1715117311415217,1.4579718685242338,63.90621798190424,0.17752911909784302,0.0,0.09663849768897215,0.0,0.0,0.07977202454513242,0.0,0.11277670608384652,0.0,0.0069755636792708745,0.0,0.0,0.12855642693266842,0.0045596969235523945,0.0,0.0,0.0,0.06081358042583277,0.0,0.0,0.008215839750581452,0.1856310887573638,0.13853145611493617,0.0
NSGA2,0.2364860375617398,0.16466717776747794,1.4361455680966084,59.69426133515061,0.17835977137980366,0.057643001744101495,0.029193888684091118,0.0,0.0,0.06244143082737218,0.0,0.12467643449536257,0.00025831059590517404,0.03334034839167013,0.0008012870297113375,0.0,0.13652702543904688,0.0009883253238577765,0.0007348586925410125,0.0,0.0,0.06792628576142624,0.0008319244347002211,0.0,0.0008656424228308947,0.16007884423788835,0.14533262053969107,0.0
NSGA2,0.2440339518215473,0.16692027584826136,1.4619790830167692,58.514172750618165,0.19097326421200136,0.05875647603659384,0.03663041638038851,0.0,0.00011314582164419745,0.06355490511986453,0.0,0.10618306651573196,0.0,0.015283126777283952,0.0,0.0,0.13295033026189956,0.012866773564811747,0.0,0.0,0.0,0.06922272517599254,0.0,0.0,0.0,0.1666272373775924,0.14683853275619552,0.0
NSGA2,0.22267868891974357,0.1592328217432071,1.3984471698859602,64.04161994647313,0.17024228074335637,0.04363103206353748,0.11335485127305811,0.0,0.0,0.05941538135626734,0.011983680758423905,0.0911413124308183,0.0,0.06656814028752944,0.0,0.0,0.09836381713138592,0.0,0.011068334361560623,0.0,0.00012273855834439982,0.03949151209032484,0.0,0.0,0.0,0.15140212159839966,0.1432147973469936,0.0
NSGA2,0.21016432140120309,0.17650140514241208,1.1907232196345956,72.7492137616764,0.09645530978673286,0.0,0.12323042530418597,0.009746980279439378,0.0,0.07959649865670872,0.0,0.09742535633120167,0.0,0.044299576107442735,0.0,0.0,0.15282304552693107,0.007525828955688438,0.011578250378331415,0.0,0.09617046619638975,0.0,0.0,0.0,0.0,0.16716974044807414,0.11397852202887386,0.0
NSGA2,0.23388342776900864,0.16250249602579883,1.4392605251545023,59.242934023133515,0.19023555607482004,0.05811830124415072,0.029690916317932036,0.0,0.0,0.05678883987939807,0.0,0.10620478042082114,0.0,0.06061667144363695,0.0,0.0,0.11815058711271748,0.010196408768350793,0.0,0.0,0.0,0.07018228435654099,0.0,0.0,0.0,0.1596140285547066,0.1402016258269251,0.0
NSGA2,0.23044740220972892,0.160955087018453,1.4317497289371712,60.791092789555336,0.16762635399108908,0.05284721836587976,0.030202911626627933,0.0014318783528031371,0.0,0.07604064819497186,0.0,0.09575274976487341,0.0,0.07036701572533308,0.0,0.0,0.12320166863635862,0.00011510554186919778,0.0,0.0,0.0,0.06691321204827065,0.0,0.0,0.0,0.16492549222093444,0.1505757455309888,0.0
NSGA2,0.24762418830554137,0.1698526353792333,1.457876633781195,62.19728458779905,0.18641023939771173,0.000959625443630291,0.037204460038997855,0.003139561662594155,0.0006871894802535415,0.08865314484500111,0.0006137177921407279,0.12557383435097982,0.000574043658609344,0.015857170435893297,0.000574043658609344,0.000574043658609344,0.13743754723253712,0.013440817223421091,0.000574043658609344,0.000574043658609344,0.000574043658609344,0.06969470072570147,0.000574043658609344,0.000574043658609344,0.000574043658609344,0.16717497837023945,0.14741257641480487,0.000574043658609344
NSGA2,0.21663380900484444,0.1569857898437223,1.3799580791388897,61.6133021909496,0.15293126311786032,0.04031344678471308,0.017669140045461253,0.0,0.0,0.06350687661380518,0.09371811712241059,0.09835670526035258,0.0,0.0578332441441664,0.0,0.0,0.11856934417023778,0.02292064834408231,0.0,0.0,0.0,0.054379440467103975,0.0,0.0,0.0,0.15239172063976777,0.1274100532900387,0.0
NSGA2,0.2105851768656669,0.17787648731944455,1.183884278575175,73.40843669289406,0.09011206040469528,0.0,0.1102625679078668,0.003403730897401793,0.0,0.07325324927467114,0.0,0.1284197839653062,0.0,0.02662216070070581,0.0,0.0,0.14647979614489348,0.0012079229721561498,0.00523500099629383,0.0,0.10808955655252574,0.0,0.0,0.0,0.0,0.16082649106603655,0.14608767911744716,0.0
NSGA2,0.20427962230604754,0.1540078795527497,1.3264231862635256,65.54771087987618,0.15439573188285705,0.035287298192649294,0.0735597221142146,0.0,0.0,0.0520032563707722,8.961974712435804e-05,0.09089558373145597,0.0,0.08462998446225642,0.0,0.0,0.10663153248306897,0.0,0.0,0.0,0.0,0.046092544249557825,5.604659247428549e-05,0.0,0.0,0.13652620337860544,0.12257280505616255,0.09725967173880093
NSGA2,0.1618290088294992,0.17353052329963534,0.9325679756642516,81.6776724449851,0.008744964192997959,0.0,0.13428090940885137,0.07145503832295981,7.72572001910889e-05,0.08670238138868933,0.001383643501288306,0.1260054350569707,0.0,0.03813873225647387,0.0,0.0,0.0,0.0015915433005579487,0.0,0.0,0.10111271144824573,0.0,0.0,0.0,0.0,0.1740111281816265,0.1416678802192091,0.1148283755219383
NSGA2,0.1434574339118307,0.1452214873241787,0.9878526694303158,73.0776277904801,0.10024007763313723,0.00279411238327533,0.1192420499458209,0.00100258090473597,0.00100258090473597,0.003285566075857248,0.12720291640554873,0.09853878268729603,0.0013091859926325296,0.09253335066404178,0.0028585173728910393,0.0010039611927326717,0.0027863134765165353,0.039180292653908634,0.051614051871916505,0.00100258090473597,0.00311470678694916,0.00100258090473597,0.0010138362444916734,0.00100258090473597,0.0013523618361185995,0.06914807358757287,0.15933453707952666,0.11843440158608586
NSGA2,0.14766481072832083,0.14286844317540434,1.0335719172569677,65.10685400179324,0.16106107946885603,0.07402865825359557,0.09767405911537239,0.0,0.0,0.0,0.09928313673213833,0.09406729581209824,0.0,0.08689113889861555,0.0,0.0,0.044599330250524934,0.030838042820716956,0.04688064561952284,0.0,0.0,0.0,0.0,0.0,0.0,0.00880675532535879,0.14186473820838114,0.11400511949481933
NSGA2,0.2413941941978493,0.16697980326922562,1.4456490513924223,60.83479232936125,0.17214458042740774,0.0593138323190584,0.09519067731651353,0.0,0.006650162565892676,0.07164291179209666,0.0,0.09631836192350009,0.0,0.010692787002264297,0.0,0.0,0.10606373312836075,0.007305243553373994,0.0,0.0,0.0,0.06127175010577375,0.0,0.0,0.0,0.18015086079562076,0.13325509907013736,0.0
NSGA2,0.23508705623353213,0.162855239226736,1.4435338853681645,59.22436508598389,0.19178962256709192,0.05520597282570356,0.031259480796200556,0.0,0.0,0.058183969535676575,0.0,0.10081839253375956,0.0,0.05734234907724467,0.0,0.0,0.12827924057235257,0.01173490633768951,0.0,0.0,0.0,0.06699923456169612,0.0,0.0,0.0,0.1566166408873913,0.14177019030519364,0.0
NSGA2,0.14953823803027558,0.14333949807461283,1.0432451629796842,65.79168375902123,0.15260300596231047,0.06557058474705,0.08921598560882682,0.0,0.031957786572234775,0.0,0.09082506322559276,0.08574620335003584,0.0,0.0787548638782355,0.0,0.0,0.03614125674397937,0.02237996931417139,0.038422572112977275,0.0,0.0,0.0,0.0,0.0034715601486679133,0.0,0.03259560780545209,0.13340666470183557,0.13890887582863023
NSGA2,0.21980683016254546,0.16354017186459208,1.3440540489619945,71.10190160118071,0.14263695129750215,0.0,0.13253465581035898,0.0,0.0,0.07428653807021607,0.0,0.1263219576833996,0.0,0.007724044454739024,0.0,0.0,0.11010664062049538,0.01575625789022489,0.0,0.0,0.0,0.0,0.0,0.0,0.0,0.17110640298876942,0.12999580238077127,0.08953074880352323
NSGA2,0.18205889028701033,0.14873508428254908,1.2240480527187296,66.95997481484713,0.18236457458635336,0.02499209148236412,0.09379894286509732,0.0,0.003826730469352485,0.0,0.07607277734809309,0.06473698962456025,0.0,0.07422565184548338,0.0,0.0,0.05002101887019388,0.027511600057363816,0.0386434120255441,0.0,0.0,0.0,0.0,0.00591787564415164,0.0,0.1170987115777946,0.13139928969965278,0.10939033390399525
NSGA2,0.20179619562336454,0.1546385387875022,1.3049541026811202,66.43314720289638,0.1651249035160072,0.04440813388030501,0.11765721910800732,0.0,0.0,0.05040982489448303,0.0,0.11756698661460753,0.0,0.06684296439259792,0.0,0.0,0.0,0.0,0.0,0.0,0.0,0.05469141789762976,0.0,0.0,0.0,0.14684498093064877,0.1320977526758946,0.10435581608981888
NSGA2,0.2293275911819352,0.16132908234503002,1.4214894664278734,61.208887772167806,0.17859751325639078,0.05291574620301198,0.030508720558291468,0.0,0.0,0.08145612389040396,0.0,0.11071095274612368,0.0,0.07064468569684977,0.0,0.0,0.1225269321956315,0.0015205317312863124,0.0,0.0,0.003320121392131241,0.0537184873990501,0.0,0.0,0.0,0.16144175030813537,0.13263843462269384,0.0
NSGA2,0.23465920417441216,0.16359601140550736,1.4343821842499547,63.159959988943626,0.18106440290073123,0.0,0.03185862354201736,0.0,0.0,0.08330730834802061,0.0,0.08914408273072652,0.0,0.002336508389941595,0.0,0.0,0.13209171073555662,0.008094980726440593,0.0,0.0,0.0,0.06434886422872096,0.0,0.0,0.0,0.16172945693075053,0.14206673991782437,0.10395732154926957
NSGA2,0.243227523253968,0.1676268484987643,1.4510057632907236,61.383426726023025,0.172806684627226,0.05417050943762333,0.09191606321835515,0.0,0.0,0.07504959007451542,0.0,0.10140748592528269,0.0,0.010053021243023486,0.0,0.0,0.12376878220514854,0.0,0.0,0.0,0.0,0.056091145955215756,0.0,0.0,0.0,0.1809086542867468,0.1338280630268629,0.0
NSGA2,0.18444296508481856,0.15013499705684083,1.2285141286211154,70.62192494166054,0.15106475282127552,0.0,0.08677533861672816,0.0,0.030419533431199824,0.0,0.08928681008455781,0.08420795020900089,0.0,0.07730388980131314,0.0,0.0,0.030929001896386442,0.02084171617313644,0.0,0.0,0.0,0.0,0.0,0.0019333070076329622,0.0,0.15801137524084485,0.13185570203032856,0.13737062268759528
NSGA2,0.19259125981259928,0.1838306240479688,1.0476560192840583,77.53890793015685,0.006553890730799555,0.00041451530044634165,0.11139263662771139,0.00018717489806187657,0.0017398802936286289,0.0884948601457183,0.0028609955980126826,0.12776503290078353,0.0002001236724068713,0.04117925350669736,0.00018717489806187657,0.00022107089169359968,0.145373229266859,0.026971113501278468,0.00018717489806187657,0.0002035820043815181,0.12850371299959218,0.00022440386001617711,0.00024315547634009204,0.0009656429942022691,0.00018717489806187657,0.17445003569477593,0.1413069900443466,0.00018717489806187657
NSGA2,0.21515898252922766,0.1576737385159386,1.364583503596435,62.68604413666745,0.16591704617038536,0.04520027653468319,0.016751163474672818,0.0,0.0,0.05252825708104545,0.0,0.11114834316136268,0.0,0.020897623182251832,0.0,0.0,0.12408430022962857,0.0,0.0,0.0,0.0,0.05548356055200795,0.0,0.0,0.0,0.14763611902847004,0.13288989533027276,0.12746341525521937
NSGA2,0.24587090040777593,0.1685538092365361,1.4587086552445616,62.62018140742715,0.18284913622309254,0.0007515272697412093,0.036996361865108775,0.0029314634887050734,0.0,0.08844504667111204,0.00040561961825164624,0.12536573617709074,0.0003744102193873485,0.026758249490827342,0.0,0.0003659454847202624,0.13722944905864803,0.013232719049532009,0.0003910893656377558,0.0,0.0003659454847202624,0.0694866025518124,0.0,0.0003659454847202624,0.0003659454847202624,0.16696688019635036,0.1459859813311013,0.0003659454847202624
NSGA2,0.14107914930410093,0.14237655818779066,0.9908874824605713,67.66810855940862,0.10057764438154848,0.07854034887550543,0.09748136333884772,0.00039713928478512427,0.00032740589196790444,0.0012187699044260345,0.11063184143177496,0.0996797838726286,0.0003220803324213222,0.08658245798067521,0.0018540978697425099,0.00029828928000679686,0.05554195360222539,0.03966197364162092,0.010993459771592608,0.0018274238761677392,0.002022425741604,0.0016664461486345257,0.0004582987823383893,0.008911356484684064,0.0003364249204775973,0.02358604060726833,0.15991154162626792,0.11717143235278829
NSGA2,0.15774028670148543,0.17209337424723234,0.9165970938246175,81.1673360796548,0.0,0.0,0.10609283613607264,0.07603758503314426,0.0,0.0,0.0,0.11847109694777838,0.0,0.06692024282543588,0.0,0.0,0.10810290928872318,0.0,0.0,0.0,0.11368144033415609,0.0,0.0,0.0,0.0,0.1596530589033654,0.1349034600528986,0.11613737047842554
NSGA2,0.23903443468844177,0.16918113795845735,1.4128905714485558,67.88951293160211,0.18706706536031403,0.0006196346388101447,0.1297806907107453,0.0005162133208087879,4.973350304822761e-05,0.05362994297951632,0.0,0.12246859263959504,0.0,0.0320482987718191,0.0,0.0,0.13359580273697072,0.013996710578684884,0.0,0.0,0.00863413236553778,0.003668071642395261,0.0,0.0,0.0,0.17451038635559835,0.13941472439615607,0.0
NSGA2,0.23089367987033332,0.1629672470101024,1.416810335244972,65.69860326443157,0.16451800087585527,0.0,0.08431337542895133,0.0,0.02212324660973378,0.05742946809851476,0.0,0.1002653864576099,0.0,0.08205546405886703,0.0,0.0,0.1195724534340608,0.02172184651833699,0.0,0.0,0.0,0.04848845816581196,0.0,0.0,0.0,0.173305966497343,0.12620633385491536,0.0
NSGA2,0.20640784934681525,0.1538185326155375,1.3418919413483315,64.30910520069129,0.1637836074121761,0.020893411584773616,0.04833624416107135,0.0,0.0,0.07184804967349236,0.0,0.09165911201249792,0.0,0.06627337797295758,0.0,0.0,0.09278914082790837,0.023202802526734016,0.0,0.0,0.0,0.05905619577288254,0.0,0.0,0.0,0.11354811568780011,0.1473127935412347,0.10129714882647141
NSGA2,0.19186405618879562,0.18307789987774062,1.0479913540461323,77.34716523923251,0.008237185366695066,0.0021647054563068303,0.13284096784432856,0.0035764904543920503,0.00311001063663149,0.07982394893750068,0.003165712654111806,0.12552886977317831,0.0019175677201300355,0.0346139505719025,0.0017235652288065783,0.001946807018276961,0.13665607987055398,0.017056987712268146,0.00191012101050494,0.0017403341298612152,0.11528628911585216,0.0017271221775504442,0.0017235652288065783,0.0017460893018251549,0.0017281198603002514,0.1775706634891816,0.14247500152973933,0.001729844911295249
NSGA2,0.21219238714278763,0.15554115925971396,1.3642201726713417,63.35958318958731,0.15535848260210255,0.041184206806633594,0.01983914905674681,0.0,0.0,0.06506782778264525,0.0,0.08538898719499229,0.0,0.05987197697733712,0.0,0.0,0.11283790606647749,0.0,0.0,0.0,0.0,0.056549449478389524,0.0,0.0,0.0,0.15456172965105333,0.1452253490175269,0.104114935366095
NSGA2,0.20927409233984187,0.17304849368829667,1.2093378444356557,73.77957446020582,0.08888059812168154,0.0007196921820915968,0.14391113097762628,0.0665801325149208,0.002799282632749203,0.06974274722310048,0.0,0.1246510635187634,0.0,0.026715836500546004,0.0,0.0,0.139633178573908,0.016662094937753877,0.0,0.0,0.004562358416363071,0.0,0.0,0.027394985371022054,0.0,0.1697540963366189,0.11799280269285468,0.0
NSGA2,0.21285128246112572,0.15587754030597217,1.3655032151733966,62.7472907466832,0.15287516171893628,0.04071702707855646,0.017355828173580515,0.0,0.0,0.07398189516157397,0.0,0.0831416620446075,0.0,0.056136803237903106,0.003765800296749625,0.0,0.11035458518331119,0.0,0.0,0.0,0.0,0.06420645780380647,0.0,0.0,0.0,0.15207840876788706,0.14274202813436063,0.10264434239872722
NSGA2,0.13084240040952097,0.14200086294091155,0.9214197554839243,68.57075832493187,0.09026344440807084,0.07480475686522912,0.09975181823271495,0.0,0.0023397106819377698,0.0,0.10420878028135254,0.10166760016486688,0.0,0.09087581186933254,0.0,0.0,0.05026336837459696,0.03674052514397365,0.05387972932273508,0.0,0.0,0.002930778150267583,0.0,0.006928062946259159,0.0,0.0131805581408246,0.14961726293791555,0.12254779247992278
NSGA2,0.2584219038324893,0.17500658247812234,1.4766410507147338,62.46928240245426,0.1897135591660862,0.00010739968658327624,0.11617261828646903,0.00010739968658327624,0.00010739968658327624,0.09748431136493552,0.00010739968658327624,0.09283038030291486,0.00010739968658327624,0.00010739968658327624,0.00010739968658327624,0.00010739968658327624,0.1161336573474618,0.0009339569195557614,0.00010739968658327624,0.00010739968658327624,0.00010739968658327624,0.08014767219112025,0.00010739968658327624,0.00010739968658327624,0.00010739968658327624,0.1933440915422923,0.11162875758041527,0.00010739968658327624
NSGA2,0.1560664610562412,0.1456938635390253,1.0711944708257222,69.80875172710522,0.11397969728213068,0.0076616326198261555,0.10153848192381125,0.008109268788492118,0.026190287708407173,0.0014231294547575758,0.0755932759916143,0.08738292027196752,8.182554482353652e-05,0.09856401452780515,0.012638842366067634,0.0,0.016079655321964745,0.098667570910153,0.0010373459165013122,3.183929900920613e-05,0.0,0.024617093282598056,0.0,0.0001700841958950168,4.3771235373808705e-05,0.07143844300434414,0.11132377162871665,0.14342704872574097
NSGA2,0.2503091074669651,0.17189450250388857,1.4561786666871597,61.10073130034393,0.17527598119857568,0.010146717842973463,0.10396798998863267,1.6123751476350163e-05,1.6123751476350163e-05,0.0923884824376126,0.008100941663073015,0.1073052320978962,1.6123751476350163e-05,0.0020436124337434827,1.6123751476350163e-05,1.6123751476350163e-05,0.11434783262430182,1.6123751476350163e-05,1.6123751476350163e-05,1.6123751476350163e-05,1.6123751476350163e-05,0.1056052987693815,1.6123751476350163e-05,1.6123751476350163e-05,1.6123751476350163e-05,0.1601892380495291,0.11889505369406493,0.0015401341824994902
NSGA2,0.17582582208594477,0.15301171680896028,1.1491003810215958,75.1678506978963,0.09773458282138683,0.0,0.10530119464790681,0.02347097279111839,0.0,0.0692566301948196,0.041026920690992515,0.10138817558207755,0.0,0.1004485594348519,0.0,0.0,0.04178316270128447,0.003951314607278833,0.0,0.0,0.0,0.0,0.0,0.0,0.0,0.16853377527457897,0.1024759335585643,0.14462877769513993
NSGA2,0.23134528892897915,0.1632088153519434,1.417480351352997,63.63759082776175,0.1578084790544182,0.0,0.09756876840656319,0.0,0.005079215373929913,0.07629795764937447,0.0015419371315597372,0.07949658645508265,0.0,0.0985403608226005,0.0,0.0,0.107950759807927,0.0,0.0,0.0,0.0,0.100345691365946,0.0,0.0,0.0,0.15638827638432665,0.11898196754827185,0.0
NSGA2,0.2492481141395274,0.17100659481490238,1.4575350992124818,61.323210565717176,0.1659589043081214,0.005399171980845982,0.1234178634647677,0.0,0.0,0.08807658706583063,0.007486412254454628,0.06852178446558477,0.0,0.014088886784677282,0.0033114113825615907,0.0,0.11391394571785922,0.0,0.0,0.0,0.0008238900004330546,0.1089130213479497,0.0,0.0,0.0,0.16173924383389923,0.13745209189271093,0.000896785500303911
NSGA2,0.1816173635050603,0.16990874453799965,1.0689112205431077,77.29951707137934,0.011739753366151963,0.0032775533682775373,0.11093068640506744,0.08170721602981003,0.01196868508518395,0.08167899461668976,0.0020606560650681454,0.14850486307316454,0.0005124276592681193,0.001851659764423291,0.0005251616311861951,0.0032954735361247914,0.11972506948995383,0.00374490185256286,0.001843104666630722,0.0031896090781816,0.0004734506039783098,0.012906427666172199,0.0018158688840831474,0.001918490682532787,0.0013803155128397236,0.18095266235759494,0.10081433363261856,0.11318263497243544
NSGA2,0.23738948913191274,0.17219383615383826,1.3786178090592545,67.89039949853498,0.17542361131963094,0.0,0.11391993588870203,0.004290634316879424,0.0,0.10237535074255459,0.0031981933643946176,0.15070916974563803,0.0,0.0031997481277845764,0.0031981933643946176,0.0032825804985199413,0.12213141021505416,0.0012116146967525343,0.0031997481277845764,0.0,0.0,0.005026841730398389,0.003216085521226541,0.0,0.0003961939376564558,0.17997961883021976,0.12204132144462429,0.0031997481277845764
NSGA2,0.24422311211929149,0.16896000799575625,1.4454492220752357,64.60215341061374,0.1733488222499583,0.0,0.08624423392673215,0.0,0.0,0.08248290963799051,0.0023829903408026524,0.12435623259946119,0.0,6.052134396538986e-05,0.0,0.0,0.1185219965010594,0.0,0.0,0.0,0.0,0.06791902437959552,0.0,0.0,0.0,0.18618468527352688,0.11047662084951486,0.0480219628973932
NSGA2,0.1904096989249085,0.16911259543283275,1.1259344606329718,74.57842425380883,0.0,0.0,0.10741935306125058,0.0862775030656555,0.0,0.13928271745011128,0.0,0.09449302468248479,0.0,0.08869086957789171,0.0,0.0,0.13293864142238374,0.0,0.0,0.0,0.0,0.05992465057752908,0.0,0.014536802028535254,0.0,0.16369118945067707,0.1127452486834811,0.0
NSGA2,0.24732572230632505,0.17303962996658906,1.4293010355724833,65.55473198121169,0.19274158434962163,0.0018629863636872713,0.11180660203908922,0.0013351791703109684,0.0013367310831155325,0.10051233654847096,0.003835853435235366,0.12599797041790373,0.00133517931924954,0.001333295177216593,0.0013351791703109684,0.0013363332981452182,0.11929116420672532,0.003961982103091182,0.00016731723383739253,0.00022562338733061202,0.001335344898720306,0.024068572074774693,0.0006930273013261046,0.0013351791703109684,0.0013479008162054589,0.18681209186798242,0.11465678276395071,0.0013357838033879006
NSGA2,0.25260371937166193,0.17381612439691618,1.4532812778337587,63.15646877923929,0.18521651568887867,0.0,0.10380949361429757,0.014157801932400273,0.0,0.09251522812367931,0.014789089944971572,0.09502345172137878,0.0,0.0,0.0,0.0,0.14003595814229977,0.0,0.0,0.0,0.0,0.06420645876870275,0.0,0.0,0.0,0.18303608872860364,0.10720991333478745,0.0
NSGA2,0.2296834633062676,0.16357530120414757,1.4041451344761076,66.19190193768378,0.1467383078319063,0.0,0.0748153641188846,0.0,0.0,0.11074728734969072,0.0,0.10531722950000523,0.0,0.0013441300745760095,0.0,0.0,0.11193618587535531,0.0,0.0,0.0,0.0,0.0598268756005243,0.0,0.0,0.0,0.1709067955892338,0.12457567945002584,0.09379214460979782
NSGA2,0.2343820124545351,0.16332559619547302,1.4350598921066826,65.93951651816383,0.15637261119822313,0.0,0.08735818297596026,0.0,0.0,0.07576730195249327,0.015990842785979082,0.07807355795905489,0.0,0.07476630708295864,0.0,0.0,0.13370887750305116,0.0,0.0,0.0,0.0,0.04809388514364106,0.0,0.0,0.0,0.1834137784110775,0.14645465498756102,0.0
NSGA2,0.17029294591939928,0.14793523457666571,1.151131753072301,67.56183800727217,0.1879570497420921,0.0,0.09645133684977537,0.0028463672021194317,0.0,0.0,0.07043798837306181,0.08203880570331125,0.0,0.09248900915638696,0.00802383665368547,0.0,0.01092436770341226,0.09275376793523235,0.0,0.0,0.0,0.01946180566404557,0.0,0.0,0.0,0.06956679498093907,0.10622223101000076,0.16082663902593758
NSGA2,0.1778594354203647,0.1514878361121555,1.1740839395757474,74.21278635848451,0.093543045506171,0.0,0.10678311937766814,0.0,0.0,0.06212827308859297,0.041852836606444545,0.0944068760696081,0.0,0.10212218712773469,0.0,0.0,0.012307122994391064,0.0746475003480317,0.0,0.0,0.0,0.0,0.0,0.0,0.0,0.158437089706918,0.149650211802637,0.10412173737180276
NSGA2,0.19896342389116195,0.18110929418001623,1.0985820732833256,76.19799827867476,0.0010381222489064233,0.01173964233416443,0.11126743640737005,0.09290350364229766,0.0010381222489064233,0.1184111266556763,0.0011984469261528436,0.1464219003359735,0.006224009139674613,0.0,0.0010381222489064233,0.0010186049906706716,0.1395739099224838,0.03803150858710919,0.0010381222489064233,0.0009304204266957293,0.000978896657757805,0.005766184937411972,0.001076472014808277,0.0010020774138866492,0.0,0.19401978635864459,0.12528358425359626,0.0
NSGA2,0.1853531052356927,0.1794776667615106,1.0327363207924325,78.50574328678863,0.0037747514577136146,0.0008191701630265318,0.11831793714723877,0.09765256718838941,0.007037608637911816,0.09961583783196262,0.0016608147976672808,0.13083822326792888,0.0007827039437583429,0.004355007573963894,0.0014943767256914203,0.0007827039437583429,0.1015200967464162,0.0007827039437583429,0.0007827039437583429,0.0016397237675667715,0.05387476002731648,0.002187813024961459,0.0011584573755705856,0.0007866865420036402,0.0014179584265807492,0.17602836340892997,0.15652514578540144,0.03616388432872506
NSGA2,0.17375775993267267,0.1487045324765097,1.1684765557507168,68.41578962966722,0.17767244514704625,0.0,0.11201034203980563,0.0,0.0,0.07396391209871271,0.06766174382747142,0.08365452986634928,0.0,0.0948303924034094,0.0,0.0,0.009105960838921788,0.08270595727690369,0.0,0.0,0.0,0.011735243921402952,0.0,0.0,0.0,0.06245244606918334,0.09980489763491956,0.12440212887587392
NSGA2,0.22094990491291713,0.16125753636858392,1.3701679306813621,69.50530279083127,0.1647046320615405,0.0005806606885913211,0.10391002668999884,0.0006537941464183591,0.0005806606885913211,0.08286640971956123,0.0012634468855522282,0.10162007346116518,0.0005806606885913211,0.10595363229442244,0.0005806606885913211,0.0005806606885913211,0.10879532154712401,0.000830674549558108,0.0005806606885913211,0.0005806606885913211,0.0005806606885913211,0.0019861517427131204,0.0005806606885913211,0.0005806606885913211,0.0005806606885913211,0.1810822883857023,0.13224191454644155,0.007704366395297578
NSGA2,0.1995686897600601,0.1560451028268467,1.2789167115453073,70.57790616998005,0.1577943048110841,0.0,0.11411887106286148,0.0,0.0,0.07451766751515546,0.03528933286976616,0.1120385064113142,0.0,0.10037664753571701,0.0,0.0,0.017540515074262665,0.08613285611067571,0.0,0.0,0.0,0.0,0.0,0.0,0.0,0.1613149152420216,0.10022063997985096,0.04065574338729071
NSGA2,0.14157228511204673,0.15730648005036796,0.899977452084089,81.09998268304128,0.0001242191194308827,0.0001242191194308827,0.0929485504708927,0.0787686776651821,0.0001242191194308827,0.1001935272800645,0.06342573386478373,0.11876158861136717,0.0001242191194308827,0.1336989094790561,0.0001242191194308827,0.0001242191194308827,0.010230369661397853,0.0001242191194308827,0.0001242191194308827,0.0001242191194308827,0.0001242191194308827,0.0001242191194308827,0.0001242191194308827,0.0001242191194308827,0.0001242191194308827,0.1636901535533092,0.10320039649845202,0.1333430252434621
NSGA2,0.23962272301672058,0.1677883529791412,1.4281248892556302,64.2333483286447,0.17482466085788748,2.2709589624816988e-05,0.08783038206483364,0.0013260096784456893,0.005575709790707634,0.084069057776092,0.003969138478904136,0.12608247744931475,9.794340850751545e-05,5.425105958856159e-05,6.71634435791738e-05,5.425105958856159e-05,0.12010814463916089,2.4604058142387335e-05,2.1328040213487037e-05,5.426921207547706e-05,0.001258124545646211,0.06958138587606652,2.745833054003123e-05,0.0012449912090239498,0.00015567684057864528,0.16187938256836742,0.11206276898761634,0.04960811103549469
NSGA2,0.15718590440884342,0.14620489187347538,1.075107011774072,70.16386922339518,0.11424092326377673,0.0006038139260334224,0.10186785044997392,0.008262880802317964,0.02645151369005322,0.0016843554364036207,0.07585450197326035,0.08745531930350979,0.00026156518309595106,0.0979055227565855,0.012900068347713678,0.00026122598164604496,0.01634088130361079,0.09892879689179905,0.0002649399140996658,0.0002930652806552511,0.00026122598164604496,0.0248783192642441,0.00026122598164604496,0.0004504375895482191,0.00026123877965671886,0.07498330858113761,0.1116387446101993,0.14368827470738701
NSGA2,0.22902545592573828,0.16183225300108964,1.4152027897936774,63.44564010626512,0.1744607219049631,0.0,0.1191464833698127,0.0,0.0,0.05174618237784433,0.0632992428737797,0.043884813772641154,0.0,0.0870202113388978,0.0,0.0,0.1240693073385611,0.0,0.0,0.0,0.0,0.0711561508983216,0.0,0.0,0.0,0.15635088024854102,0.10886600587663763,0.0
NSGA2,0.2549467413274113,0.1736799836706439,1.4679109010677747,62.85128949314088,0.18678960479247872,0.0,0.10538258271789762,0.0,0.0,0.09408831722727935,0.016362179048571616,0.09659654082497883,0.0,0.0,0.0,0.0,0.14160904724589982,0.0,0.0,0.0,0.0,0.0657795478723028,0.0,0.0,0.0,0.18460917783220368,0.1087830024383875,0.0
NSGA2,0.20144251277236225,0.1540695726998797,1.3074775845894167,66.65242807665732,0.14288060575035286,0.00018194410790744155,0.1045851747899934,0.00018194410790744155,0.00018194410790744155,0.046311745538021226,0.05386935468749178,0.0425854278985151,0.00018194410790744155,0.0972610578598195,0.00018194410790744155,0.00018194410790744155,0.1215213293092903,0.002774853081939765,0.00018194410790744155,0.00018194410790744155,0.00018194410790744155,0.055565598424353616,0.00018194410790744155,0.0027148010421533613,0.00018194410790744155,0.13212439433155582,0.10414329843640124,0.09166097366313025
NSGA2,0.24179004737615667,0.17045979163058297,1.4184579545900138,65.73313729837704,0.1916494838103303,0.0007708858243959363,0.11071450149979788,0.005264999703528998,0.00022529079775886267,0.09942023600917961,0.05269519333577489,0.11303014581552802,0.00022385948933709485,0.00032533591024163706,0.0002672613727259209,0.0,0.09708608772099749,0.002869881563799847,0.0002445976218767056,0.00022459411825094864,0.003035024199526074,0.02063115440341632,0.0003112533715443891,0.0,0.0,0.18611242472069991,0.11356468222465936,0.0013331064866298362
NSGA2,0.19099899415793642,0.17938901076214742,1.0647195909407334,76.69245861105935,0.0028627732520236622,0.002320637572952702,0.11239265939938528,0.0947281546454149,0.002538330399917046,0.1203283812301212,0.0025194292517602395,0.1470683705444074,0.0016524981275720556,0.002871100073181107,0.0028627732520236622,0.0028627732520236622,0.12039073214600038,0.03985615959022643,0.002549983857648302,0.0025482173744890185,0.008519104747482159,0.005815822241950121,0.0020007053042332083,0.0025364505995600487,0.0028828820934951715,0.17385979235839966,0.13787411154913068,0.006158157136601873
NSGA2,0.25105391931103443,0.17271088668188303,1.4536079579827055,62.829306408065555,0.18739949016305202,0.0011620899325136267,0.10599246808847092,0.0006098853705732959,0.0006098853705732959,0.09517159820568528,0.01693680832380774,0.09602824537804695,0.0006998849146666244,0.0024302470753070444,0.0006098853705732959,0.0006661432822140833,0.12176917501061718,0.0006098853705732959,0.0006098853705732959,0.0007506086926502988,0.0007133406739214605,0.06638943324287609,0.0006285180994219969,0.0007125445547404936,0.0023984792430459404,0.18521906320277698,0.1093928878089608,0.0024895472543579548
NSGA2,0.25600511386215824,0.17463211429227474,1.465968129056107,62.70646339619296,0.19029891640824498,0.0006927569287420615,0.11177164002381552,0.0006927569287420615,0.0006927569287420615,0.0980696686070943,0.0006927569287420615,0.09341573754507365,0.0006927569287420615,0.0006927569287420615,0.0006927569287420615,0.0006927569287420615,0.11671901458962058,0.0015193141617145466,0.0006927569287420615,0.0006927569287420615,0.0006927569287420615,0.07167079112628019,0.0006927569287420615,0.0006927569287420615,0.0006927569287420615,0.19392944878445106,0.11221411482257405,0.0006927569287420615
NSGA2,0.22451564809226432,0.16763248933803043,1.3393325421513556,69.10224196529789,0.14506416910855371,0.0,0.1027199031189878,0.0,0.0,0.0908304050726047,0.02399032508947797,0.1395091369759238,0.0,0.0,0.0,0.0,0.11093137744533993,0.07563616474750351,0.0,0.0,0.0,0.0,0.0,0.0,0.0,0.16877958606050553,0.10995783565470381,0.03258109672639927
NSGA2,0.2576565198969627,0.17487063907548417,1.4734121248664471,63.187236704739966,0.1896061594795029,0.0,0.12770504938488322,0.0,0.0,0.09737691167835225,0.0,0.0927229806163316,0.0,0.0,0.0,0.0,0.11602625766087853,0.0008265572329724852,0.0,0.0,0.0,0.07097803419753813,0.0,0.0,0.0,0.193236691855709,0.111521357893832,0.0
NSGA2,0.22565052809982833,0.163916383989404,1.3766197289614135,68.09511624344574,0.17572886194614,0.0,0.10696612094372718,0.007761582069132845,0.0,0.09499822544867326,0.0,0.07897170547715207,0.0,0.001227517601941482,0.0,0.0,0.11357552294628423,0.0,0.0,0.0,0.0008601829306513868,0.008008071762253566,0.0,0.0,0.0,0.17443064918353035,0.117987627227985,0.11948393246252864
NSGA2,0.1237311131484563,0.15527194573582545,0.7968671517710503,81.46407753429287,0.0011186603254381984,0.0005792609948893155,0.1986559826896801,0.07561810573812218,0.0005792609948893155,0.0005792609948893155,0.09841678075885314,0.10574188360843488,0.0005792609948893155,0.1396850631757432,0.0009827146165745124,0.0005792609948893155,0.0005698985949965172,0.0131209588551779,0.050494104549630055,0.0005792609948893155,0.0015653220191946527,0.0005792609948893155,0.00024616859174616705,0.0005792609948893155,0.0006354190250580504,0.09504251135141292,0.13415179445954778,0.07932054368127521
NSGA2,0.2417259349876027,0.17028294877668437,1.4195545515517904,66.73661015707296,0.1759335014641797,0.0,0.16374291327145835,0.0,0.0,0.08273791585924901,0.0,0.10877839084653972,0.0,0.0,0.0009491137621844174,0.0,0.1261624249675273,0.009338995852627976,0.0,0.0,0.0,0.02602864705097557,0.0,0.0,0.0,0.1426442471584996,0.16368384976675832,0.0
NSGA2,0.2406421782240523,0.16861319205394293,1.4271847611251305,64.3770757176319,0.18812329488722418,0.0074217692921143925,0.16954276353753367,0.0,0.00361125617746929,0.03350059562906789,0.0069082382066562075,0.09241415910144044,0.0,0.0,0.0,0.0,0.14090048452660262,0.023727116946882957,0.0,0.0,0.0,0.04054204291278861,0.0,0.0,0.0,0.11762797509089996,0.1756803036913197,0.0
NSGA2,0.15181506275375045,0.14453636012641133,1.0503589727939266,71.25632687589905,0.0866162381107529,0.02248813231540483,0.09761540542574035,0.0,0.0,0.060198131434082126,0.10075296677604142,0.1030062236060739,0.0,0.1377862856543787,0.0,0.0010566029804517907,0.056143856934097174,0.006410054634671538,0.03261760041613501,0.0,0.0014881017351029689,0.01741853290271744,0.0,0.0,0.0,0.05517386542723483,0.1554705523929201,0.06575744925419483
NSGA2,0.19551292233420386,0.15105158493464385,1.2943453881586036,64.02118809859988,0.18269693102278756,0.00039197272653636393,0.019655647838886525,0.00013854986755173918,0.00016593679525069862,0.059687802210319045,0.11156506873987841,0.10001297200904198,0.00014578907470696648,0.1259886853724892,0.00016074939611654437,0.00013799365559623143,0.13440792311348881,0.012400396024750668,0.0001753228326224114,0.00013799365559623143,0.0,0.029022025072865863,0.0,0.00013799365559623143,0.0001567817272842903,0.05718385132004494,0.16562961388858918,0.0
NSGA2,0.1373647264153749,0.16039020896879208,0.8564408469727889,82.92374554292202,0.0029803454478720746,0.0024749661340343824,0.17342118238196177,0.09854041135224839,0.0024749661340343824,0.0024749661340343824,0.0024749661340343824,0.14248817044797227,0.0024749661340343824,0.1565708312256813,0.0024749661340343824,0.0024749661340343824,0.0024749661340343824,0.0024749661340343824,0.002571421996914651,0.0024749661340343824,0.007395616566544118,0.0024749661340343824,0.0024749661340343824,0.0024749661340343824,0.0024749661340343824,0.1330556135978834,0.16547433883912782,0.08285254226731295
NSGA2,0.1805032903352685,0.17475104402241468,1.0329168065634904,77.36220004324795,0.027401878809379648,0.0,0.16511844051489494,0.07819285894068977,0.0,0.06525232213552204,0.002759346201465965,0.11845786270299798,0.0,0.061490622314481005,0.0,0.0,0.11430697695892274,0.0,0.0,0.0,0.085688271365314,0.01997949514272283,0.0,0.0,0.0,0.11896205728344629,0.14238986763016281,0.0
NSGA2,0.19017091208027304,0.1827878102473667,1.0403916531573674,77.48380372795968,0.03109320869461413,0.0002496824057036929,0.1781357649589406,0.07294638486636391,0.0010880347757360016,0.07271581990918599,0.010015475791125513,0.1260890613519867,0.0005531986800434213,0.0,0.0005562027228169573,0.0005644390599797869,0.12217317318201047,0.0005531986800434213,0.0,0.000499283777036194,0.08943252827115632,0.0005329408823363682,0.0,0.0005931740858831848,0.0005531986800434213,0.12607647645052683,0.1650255540944237,0.0005531986800434213
NSGA2,0.1576881962379379,0.15079219441621905,1.0457318221836098,76.43573261726839,0.061757695506333275,0.0,0.1720931947168541,0.0,0.0,0.054541068269507664,0.0806908118809188,0.1461826345495056,0.0,0.13046819744203078,0.0,0.0,0.09499845966753402,0.0,0.0,0.0,0.0,0.0,0.0,0.0,0.0,0.04642973369559591,0.15036712694727758,0.06247107732444219
NSGA2,0.15923629062893513,0.14730376748328858,1.081006231880663,72.47831239565339,0.07683131217119557,0.018858925769229175,0.16479143383068343,0.0,0.0,0.056126287765661045,0.09541044054833,0.11725589301331357,0.0,0.12086280698342344,0.0,0.0,0.054809830226968184,0.0,0.0,0.0,0.0,0.03357857477273129,0.0,0.0,0.0,0.05066910987096122,0.13448282858350333,0.0763225564639998
NSGA2,0.18786953805875295,0.14908791379952005,1.2601258765441101,63.5538090509937,0.18036776569274196,0.027494744838883027,0.011209318378647873,0.0,0.0,0.057327027063900485,0.10872759307972138,0.10306306735081087,0.0,0.13580516587634836,0.0,0.0,0.13207920757123973,0.0171288459565474,0.0,0.0,0.0,0.012352372984753814,0.0,0.0,0.0,0.054004861406060284,0.16030939385065046,0.00013063594969436355
NSGA2,0.20619714551233798,0.1525466963434217,1.3516985320228463,62.53683774911455,0.17585685670393714,0.029044710678626913,0.003484829767118797,0.0005805502359634975,0.0,0.07773942246980874,0.09430784643893257,0.07961226453883855,0.0,0.10617981488725173,0.000578023133689262,0.0,0.12899563898286365,0.0,0.0,0.00046639429368245533,0.0,0.026531993074116307,0.0,0.0,0.0,0.11246157680516228,0.16353872287055599,0.0006213551194522256
NSGA2,0.1653136553554531,0.14938151760321305,1.1066540091964987,74.3019622492246,0.06879148304220833,0.018697805460046242,0.14779289709459742,0.0,0.0,0.049001545930294536,0.0964939632958327,0.0983391185104082,0.0,0.11155422561539075,0.0,0.0,0.0491235931134606,0.0,0.02739830526875319,0.0,0.0,0.000838071051758567,0.0,0.0,0.0,0.12189833147233803,0.14944036389877896,0.06063029624613248
NSGA2,0.22160373802185496,0.1646480115930769,1.3459241680339424,69.34596223238717,0.14190883561275597,0.0,0.16835391517706425,0.0,0.0,0.0867397140206529,0.0,0.11812410935971684,0.0,0.0,0.0,0.0,0.12051836386179528,0.0,0.0,0.0,0.007310410368471533,0.026445463178143537,0.0,0.0,0.0,0.11818374604937718,0.15410663241353545,0.05830880995848714
NSGA2,0.2081047242879294,0.1557270504509589,1.3363428106118604,68.45061634551746,0.1749310413818231,0.0,0.09691444133920928,0.0,0.0,0.08812055119707357,0.0,0.1149721261415782,0.0,0.10487279927637493,0.0,0.0,0.09425098378280256,0.0,0.0,0.0,0.0,0.021210483344346484,0.0,0.0,0.0,0.11954118815751968,0.1316730685716354,0.05351331680763673
NSGA2,0.15376218829381133,0.1464584732223479,1.049868846170308,72.60175154688375,0.07320426437241057,0.02311058679024848,0.15220567842479968,0.0,0.0,0.05440580490630529,0.10090674462603492,0.10237387379181148,0.0,0.11596700694559298,0.0,0.00042425316618936216,0.05353637444366284,0.0,0.03181108659895543,0.0,0.0008557519208405403,0.016896507638856445,0.0,0.0,0.0,0.05477705873022355,0.15448193006773364,0.06504307757633472
NSGA2,0.22875397407839965,0.17249640449708434,1.326137636000791,69.66355803172597,0.16793866642508173,0.0,0.15349286552510297,0.06975283865570049,0.0,0.0687788679027943,0.0,0.11678613016870316,0.0,0.0,0.0,0.0,0.12056432017989425,0.0,0.0,0.0,0.0,0.0,0.0,0.0,0.0,0.1447793619349229,0.15790694920780016,0.0
NSGA2,0.18919376003106142,0.1498315189657865,1.2627100181388613,62.930017656380436,0.18290319708381597,0.02963250213312618,0.013744749769721894,0.0003126499002516983,0.0003465416084551477,0.05986245845497451,0.11173972498453388,0.10171794506294977,6.932490770039015e-05,0.12854852590549626,0.0003126499002516983,0.0003126499002516983,0.13461463896231374,0.019789050471987236,0.0003126499002516983,0.0003126499002516983,0.0003126499002516983,0.015050779860638222,0.0003126499002516983,0.0003126499002516983,0.0003126499002516983,0.057250834866437755,0.1416032269253321,0.0003126499002516983
NSGA2,0.16034008148261278,0.14810241761585302,1.0826297373382636,73.38258875104995,0.07725425710363856,0.001219441089009303,0.16521437876312642,0.00042294493244299187,0.00042294493244299187,0.05654923269810404,0.09639700080314027,0.11767883794575656,0.00042294493244299187,0.1212871707369194,0.00042294493244299187,0.00042294493244299187,0.056252896763352954,0.00042294493244299187,0.00042294493244299187,0.00042294493244299187,0.00042294493244299187,0.03400151970517428,0.00042294493244299187,0.00042294493244299187,0.00042294493244299187,0.05109205480340421,0.14141514002618633,0.07656273037287169
NSGA2,0.2044918138769705,0.1589742741963004,1.286320160357929,73.09393569859297,0.14166435037302774,0.0,0.14285102872762853,0.03108925775328917,0.0,0.05605809713041906,0.0,0.1429506462644404,0.0,0.1095470872201209,0.0,0.0,0.06477345917329015,0.0,0.0,0.0,0.0,0.0,0.0,0.0,0.0,0.1455976227429222,0.16546845061486185,0.0
NSGA2,0.20409360130167065,0.15326765818018062,1.3316155784264632,63.101744722949405,0.16706686724202488,0.03078867964671967,0.004286289108175493,0.0,0.005901696990062027,0.06449394259778148,0.09637903234438976,0.10899629291170275,0.0,0.09922890449368568,0.0007125349977307565,0.0013134766957121234,0.12973945095797174,0.0013091797936884253,0.0013091797936884253,2.5147563233316857e-05,3.5739517329116954e-05,0.028837458955838575,8.933059573287086e-06,0.0013091797936884253,0.0,0.11891877198371656,0.13803006175959914,0.0013091797936884253
NSGA2,0.1970656200220194,0.1571178131669055,1.254253836976954,74.13701910489213,0.12689088013565528,0.0,0.17025298115283827,0.02835866965322842,0.0,0.04931947803671702,0.0,0.11635384949478166,0.0,0.10558919635056274,0.0,0.0,0.060815568303732,0.0,0.0,0.0,0.00017473368386898645,0.0,0.0,0.0,0.0,0.14163973187336407,0.16221466666452686,0.03839024465072466
NSGA2,0.20000154628311667,0.15289540195189277,1.3080939238842868,64.60086465687013,0.1669115559816173,0.020725168380856036,0.0,0.0,0.0,0.07131443895931942,0.08840774469518001,0.13144029474294708,0.0,0.09786027258948085,0.013176739503850364,0.0,0.12304930140670403,0.021436635929072655,0.0,0.0,0.0,0.00866159175201614,0.0,0.0,0.0,0.10476516469655103,0.15225109136240506,0.0
NSGA2,0.19198316495890572,0.15201837188958664,1.2628944947413734,65.81715297444954,0.18415138548221086,0.0018464271859596536,0.02135077061803112,0.0015930043269750287,0.0016203912546739882,0.0024546740938041225,0.1130195231993017,0.10146742646846527,0.001600243534130256,0.1274431398319125,0.0016289921884062352,0.002042333255912658,0.1358623775729121,0.013854850484173958,0.001629777292045701,0.001592448115019521,0.0014544544594232895,0.001801886402214302,0.0014638082094564065,0.0015843291361454933,0.0020975654241904545,0.0961649735708793,0.16708406834801248,0.015191149545743568
NSGA2,0.2305298615359619,0.1713387479050432,1.3454625083622225,69.0860021520117,0.17421752512677016,0.0,0.1593862297276944,0.04598342991364082,0.0,0.07477886722276529,0.000585822812312072,0.1230649888703916,0.0,0.0,0.0,0.0,0.1268431788815827,0.0,0.0,0.0,0.0007598235378454074,0.0,0.0,0.0,0.0,0.130194325997509,0.16418580790948858,0.0
NSGA2,0.20728671846419883,0.1562109464375687,1.3269666639337794,69.83399475310969,0.1687906873157424,0.0,0.15287439081483534,0.0,0.0,0.07596381782242081,0.0,0.10189495870308571,0.0,0.09495361109245723,0.0,0.0,0.08433179559888487,0.0,0.0,0.0,0.0,0.011291295160428795,0.0,0.0,0.0,0.10861826627805868,0.15682055352883748,0.0444606236852487
NSGA2,0.21740109766117366,0.17921454227403116,1.2130773256600609,72.18405680043986,0.11192437563380193,0.0,0.16981590020121237,0.021095486075676052,0.0,0.08648304988704045,0.0033389916546779034,0.1086652106275317,0.0,0.0,0.0,0.0,0.14974444603037915,0.0,0.0,0.0,0.08056125340338932,0.0,0.0,0.0,0.0,0.13593144716041938,0.1324398393258718,0.0
NSGA2,0.21108743839830038,0.1621630559314605,1.301698695709818,70.11070343864417,0.16553332402974558,0.0,0.14300736689975288,0.059267340030350404,0.0,0.06722309014954017,0.0,0.0729963988960932,0.0,0.100358921982875,0.0,0.0,0.11005441604353407,0.0,0.0,0.0,0.0,0.0,0.0,0.0,0.0,0.13429386330957283,0.14726527865853578,0.0
NSGA2,0.1468756938766917,0.1433060834120549,1.024908994647303,68.86778212984575,0.06802674723648144,0.03320331071405919,0.010869865689655978,0.0,0.0,0.061746920119248094,0.10745834865941306,0.10560894090409395,0.0,0.1393719486717134,0.004694892860543474,0.0,0.072852686616732,0.022911740533155176,0.03364473455429175,0.0,0.0,0.03583648880517738,0.0,0.0,0.0,0.06042396935053991,0.16020834920756286,0.08314105607733238
NSGA2,0.23714977389464373,0.16753725377444373,1.4155047223939798,64.9782824686365,0.1845022986932118,0.014908191502426447,0.16592359745999827,0.0,0.0,0.02988142955153249,0.0032890721291208096,0.12139503361888795,0.0,0.0005676314974038593,0.0,0.0,0.1372813184490672,0.02010795086934756,0.0,0.0,0.0,0.036922876835253214,0.0,0.0,0.0,0.11400880901336456,0.17121179038038592,0.0
NSGA2,0.21683547901845984,0.17896647419510953,1.2115983174707095,72.28655732463928,0.11063358275803412,0.0,0.16852510732544454,0.01980469319990823,0.004287979391065454,0.08519225701127263,0.0020481987789100803,0.1159943671183765,0.0,0.0,0.0,0.0,0.14845365315461131,0.0,0.0,0.0,0.0792704605276215,0.0,0.0,0.0,0.0,0.13464065428465155,0.13114904645010397,0.0
NSGA2,0.18021635303938294,0.18002968897938965,1.0010368515384962,78.60740665432154,0.0,8.218690337729235e-06,0.1761566888608427,0.0,0.0,0.0981530167008816,0.0,0.1007539271575336,0.0,0.0,0.0009731467855073803,0.0,0.12250047235187135,0.02290670265585415,0.0,0.0,0.11948623309880925,0.0,0.0,0.0,0.0,0.1255899074746354,0.15373917346858096,0.07973251275514576
NSGA2,0.20271595477346838,0.15499686779532373,1.3078712986713938,67.92365760250709,0.1692650518921442,0.013388292075325273,0.1546015780196271,0.0,0.0,0.039127348476438215,0.07844022255078549,0.1016580028817153,0.0,0.1021167787771779,0.0,0.0,0.10721045059452936,0.0,0.0,0.0,0.0,0.010498334857783547,0.0,0.001706841145368801,0.0,0.10180906647546292,0.12017803225364186,0.0
NSGA2,0.2374138999265335,0.16767806176055214,1.41589124679629,65.01398586907109,0.1846487695011173,0.013872554012936047,0.16607006826790377,0.0,0.00013856090783938247,0.030027900359437983,0.0034355429370263,0.12154150442679344,0.0,0.0,0.0,0.0,0.13742778925697272,0.02025442167725305,0.0,0.0,0.0,0.0370693476431587,0.0,0.0,0.0,0.11415527982127005,0.17135826118829142,0.0
NSGA2,0.22339338146680413,0.16106961099022402,1.3869368659514723,65.12582804780997,0.18041344594559794,0.026030779215389897,0.10380137916679984,0.0,0.0,0.091470231576518,0.0,0.0908385661006264,0.0,0.0,0.0,0.0,0.10727961907051138,0.027883936906541645,0.0,0.0,0.0,0.013116139722517886,0.0,0.0,0.0,0.12710369837633306,0.16083592201563177,0.07122628190353224
NSGA2,0.22654722864486254,0.16533204725077144,1.3702559933903284,69.00154010384338,0.17255780753544983,0.002189933957298514,0.1637011678199615,0.0,0.0,0.08316673563315351,0.0,0.11643733255959102,0.0,0.0,0.0,0.0,0.11555316996896188,0.005295587022857477,0.0,0.0,0.0,0.001847472876115464,0.0,0.0,0.0,0.13202276774862187,0.1494268212837868,0.057801203594202155
NSGA2,0.20128946769696704,0.1537423545938785,1.3092648946914314,63.43873362002871,0.1826923867936991,0.026815626976880183,0.0,0.0,0.0,0.05255468337799313,0.0918675574523404,0.11307688149998714,0.0,0.11554411367873281,0.0,0.0,0.12554980188081838,0.0,0.0,0.004054681352641075,0.0,0.023925669759338457,0.0,0.01513417604692371,0.0,0.11517905402544895,0.13360536715519677,0.0
NSGA2,0.23425159130346324,0.16885194221953528,1.3873194955548551,67.12797506627105,0.1863393614868679,0.0,0.1645732477919068,0.0,0.0,0.033468777222355105,0.007381997381503827,0.12269739297764247,0.0,0.0026165055689691586,0.0,0.0,0.12374024832044032,0.025298096145214697,0.0,0.01009839091334771,0.0,0.012686208620614368,0.0,0.0,0.0,0.1266552734400674,0.18444450013107022,0.0
NSGA2,0.1564316219576338,0.14606397390088297,1.0709801861462853,71.95253381239516,0.07698424754941756,0.01901312375332057,0.10238532808514035,0.00015419798409139484,0.00015419798409139484,0.06144046246326686,0.0947785108681655,0.12984042348073774,0.00015419798409139484,0.14112741047778454,0.00015419798409139484,0.00015419798409139484,0.05961440966914725,0.00015419798409139484,0.004458880948897973,0.00015419798409139484,0.00015419798409139484,0.03373277275682269,0.00015419798409139484,0.00015419798409139484,0.00015419798409139484,0.06337617673208862,0.1349932990785161,0.07655877631168889
NSGA2,0.2280897918585625,0.16394829587516763,1.3912300255455723,67.40871229950994,0.17843155250222784,0.004231387578081932,0.10721709160749882,0.0,0.0006121045393239309,0.0890404805999315,0.0,0.12223325637690118,0.0,0.0,0.0,0.0,0.12247154943656098,0.011169331989635477,0.0,0.0,0.0,0.007721217842893464,0.0,0.0,0.0,0.13789651271539988,0.1553005662505648,0.06367494856098016
NSGA2,0.19947794433643493,0.15540547708576952,1.2835966149786437,70.71500443309897,0.17889085389175893,0.0,0.17793470680366696,0.0010377944488570486,0.0,0.027007727459518658,0.0,0.09710097966025766,0.0026628134912871043,0.12894540486148662,0.0,0.0,0.05866351274366396,0.006235277091182282,0.0,0.0,0.0,0.014558066670954314,0.0,0.0,0.0,0.12435922110714288,0.11580835863989326,0.06679528313033033
NSGA2,0.16801664910103464,0.15154059022259422,1.1087237343753191,76.60092359644537,0.07100234576168449,0.0,0.14737488471298552,0.0,0.0,0.06703436188170948,0.08367580303105346,0.147972611999185,0.0,0.11651421824212278,0.0,0.0,0.039386656488416494,0.0,0.0,0.0,0.0,0.0,0.0,0.0,0.0,0.11860715247337808,0.1366421875313897,0.07178977787807507
NSGA2,0.2238562292300365,0.17176493494563275,1.3032708294093422,70.52609216352786,0.1375334849089064,0.0,0.1671590490901343,0.0,0.0033323738823685944,0.07897975829176734,0.0,0.1390778581455778,9.088927706740746e-05,0.0,0.0,0.0,0.1399542147635706,0.003247364877779035,0.0,0.0,0.004910356666862546,0.003255034820187864,8.580316454729004e-05,0.033545814951155335,0.0036432310798480572,0.13439521706651103,0.14944035296452526,0.0013491960491911897
NSGA2,0.21681611709985404,0.15945362978545194,1.3597440045208409,67.06454415933726,0.18732058881791305,0.0,0.10933913070905492,0.0,0.001155459488677401,0.021442303370416783,0.0,0.13790058149587,0.0,0.12296467160674722,0.0,0.0,0.14870861443745206,0.0,0.0,7.522341378318174e-05,0.0022123104353102842,0.03354116698586956,0.0,0.0,0.0,0.10866627540012032,0.12667367383878522,0.0
NSGA2,0.16320027108264656,0.14790054220491036,1.1034460634805452,72.87673655431989,0.06837254400937477,0.0,0.09491247760093514,0.0,0.0,0.06115591677254916,0.08730566038396029,0.1225838099833503,0.0,0.13708304594507226,0.0,0.0,0.12168007459339358,0.0,0.0,0.0,0.0,0.025154703360155687,0.0,0.0,0.0,0.055903326247883404,0.15676251527584167,0.06908592582748369
NSGA2,0.17359900185249533,0.15211694324521885,1.1412206829100326,74.62183141163601,0.060968342544741046,0.006424533820060092,0.11816586294089398,0.0,0.0,0.07648134706748125,0.07721360652629508,0.12542139404404976,0.0,0.11823670647646278,0.0,0.0,0.11017273101483896,0.006595629734998623,0.0,0.0,0.0,0.0,0.0,0.0,0.0,0.10978177876565981,0.14233175586634192,0.04820631119817675
NSGA2,0.21508009980696458,0.15762652288150633,1.3644918118802138,67.71485423156616,0.1762916237498735,0.0,0.15971301435058574,0.0,0.0,0.021688045481601657,0.0,0.08064152102721307,0.0,0.12253813033487455,0.0,0.0,0.12908214147803426,0.011834883109895271,0.0,0.0,0.0,0.028685167165704274,0.0,0.0,0.0,0.10565771975836426,0.1638677535438535,0.0
NSGA2,0.15247686344974828,0.14460288626268003,1.0544524206298669,71.39565016434034,0.07653703033101614,0.018349906396265714,0.10172211072808549,0.0,0.0,0.060777245106212,0.09411529351111063,0.10044369839014332,0.0,0.1404641931207297,0.0,0.0,0.0589511923120924,0.0,0.029825782482572612,0.0,0.0,0.03345458992135953,0.0,0.0,0.0,0.05455647025824304,0.15490692848753532,0.07589555895463403
NSGA2,0.21565753427282264,0.15812663439314845,1.3638280173385324,67.84346462007363,0.18507378547185402,0.0,0.09681169297826826,0.0,0.0,0.03220320120734123,0.006116421366489946,0.11372873237771985,0.0,0.11380168706404359,0.0,0.0,0.12344241048923893,0.0,0.0,0.008832814898333829,0.0,0.011420632605600486,0.0,0.0,0.0,0.12538969742505354,0.18317892411605635,0.0
NSGA2,0.12908103039737773,0.14092604284755098,0.9159487330316457,64.8674193019675,0.11576390552683062,0.0962242405886603,0.04163133704961838,0.0,0.0,0.04488748707981726,0.14554979399839138,0.09168212639172255,0.0,0.12439730937193376,0.0,0.0,0.01988138389104553,0.07511352952385858,0.0027693419134600136,0.0,0.0,0.0,0.0,0.0024348366625987473,0.0,0.0003980274067345083,0.12988794970714698,0.10937873088818136
NSGA2,0.18099742628158247,0.19386062404877738,0.9336471868368772,81.44062265169404,0.0,0.0,0.1711179864440118,0.12809800829510307,0.0,0.08648457441484195,0.0,0.14504326219474992,0.0,0.015763511255670742,0.0,0.0,0.07679053372740587,0.0,0.0,0.0,0.11267801113682008,0.0,0.0,0.0,0.0,0.19202544711207942,0.07199866541931707,0.0
NSGA2,0.2509562280300115,0.17439679605910224,1.438995633526224,63.20194891134159,0.1462807408898707,0.0,0.1588902618391569,0.0,0.010088596564439454,0.08645934034445794,0.0,0.0872444443006961,0.0,0.0,0.0,0.0,0.10094954922340492,0.0,0.0,0.0,0.0,0.11563484909244114,0.0,0.0,0.0,0.17507975002381235,0.1193724677217204,0.0
NSGA2,0.11908383038127948,0.16767914781154097,0.7101886664829723,85.07207811110555,0.0,0.0,0.1605906573033748,0.10951591079502976,0.0,0.0,0.0,0.14994262491311333,0.0,0.1693160523397334,0.0,0.0,0.0007993489458881209,0.0,0.0,0.0,0.05660575190469773,0.0,0.0,0.061012468835969724,0.0,0.11715371299003945,0.08212372064022513,0.09293975133192842
NSGA2,0.1735849686636079,0.19163267038923948,0.9058213733129453,82.37943848538927,0.0,0.0,0.1769238552213434,0.13053058259056932,0.0032284277272948618,0.09838877204435995,0.005093556878194259,0.14980308166943745,0.0008395752910842096,0.021071814020870026,0.0001867443681576033,0.0007975347139080561,0.00021068866174816503,0.0021287565535998225,0.0007799020692261079,0.00078435661091975,0.10613850921825035,0.001167099774466815,0.00013537656755436566,0.0018910636744014862,0.0003080006144211439,0.1970817770346979,0.09745515181791935,0.0050553728775755225
NSGA2,0.0970132475521581,0.15319839809436475,0.6332523626807207,80.30156166920767,0.012602941852558773,0.0,0.11284239349962011,0.11266842426621171,0.0,0.03504047310930674,0.13764480820625108,0.15065599395789103,0.0,0.15618068789805456,0.0,0.0,0.0,0.05453788899658611,0.0,0.0,0.0,0.0,0.0,0.0,0.0,0.0,0.09717376321644064,0.13065262499707908
NSGA2,0.18697668452102406,0.18654116596106526,1.0023347048235438,80.00965320096446,0.0,0.0,0.17332870546549184,0.1280366781574846,0.0008570799400196305,0.08972580149427736,0.0,0.147712769401724,0.0,0.0,0.0,0.0,0.09821736122514126,0.02688424201376608,0.0,0.0,0.04540627298636043,0.0,0.0,0.0,0.0,0.17159854521567872,0.1151749253188869,0.00305761878116931
NSGA2,0.16020388800293967,0.1798347481390325,0.8908394493320281,83.07804015807775,0.0,0.0,0.17063293133707405,0.1033588176981936,0.0,0.09333441566100203,0.0,0.1410915182224559,0.0,0.1053037027037047,0.0,0.0,0.003558486247979959,0.0,0.0,0.0,0.06618177452856583,0.0,0.0,0.047978611795908434,0.0,0.19129738200840732,0.0772623597967082,0.0
NSGA2,0.16932020012729232,0.18178714459377138,0.9314200985205078,81.48071620364405,0.0,0.0,0.1400264239423164,0.12198497073769878,0.008179304685167147,0.04054993486538045,0.0,0.14149830669188723,0.0,0.0,0.0,0.0,0.07653038906233954,0.0,0.0,0.0,0.09446580630376161,0.0,0.0,0.0,0.0,0.1798794544958274,0.10213852785886877,0.09474688135675274
NSGA2,0.14141081031591118,0.14224952605673635,0.9941039118788301,67.57769862182657,0.13028735377136033,0.03157221276683711,0.06546325167346831,0.0,0.0,0.06087725306563243,0.1439570343976207,0.09339075348117526,0.0,0.13038947889651256,0.0,0.0,0.028225650064044667,0.07438000036899178,0.0,0.0,0.0,0.011752338567488183,0.0,0.0,0.0,0.003046604435036468,0.11839577688651969,0.10826229162531247
NSGA2,0.16740555150554598,0.1894722227188354,0.8835361147051357,81.77582545176921,0.0,0.0,0.17181594758653676,0.1258534672824528,0.0,0.08721622098734413,0.06804082439784633,0.13434243024652753,0.0,0.015963906386063303,0.0,0.0,0.0,0.0,0.0,0.0,0.11337597227934502,0.0,0.0,0.0,0.0,0.19350082818779588,0.07561244301892302,0.014277959627165222
NSGA2,0.15230156153070368,0.1788168112144599,0.8517183619164546,83.7318605190084,0.0,0.0,0.16288346934722056,0.11360057044580273,0.0,0.07770108267812745,0.0,0.13622608502805816,0.0,0.15525393603077292,0.0,0.0,0.0,0.0,0.0,0.0,0.10445395716843266,0.0,0.0,0.0,0.0,0.18245873109067454,0.06742216821091097,0.0
NSGA2,0.20195311426657603,0.1707095531941236,1.1830217494443536,75.18759271762973,0.12644735645830163,0.0,0.16939207718860635,0.1263235730257363,0.0,0.00510983552029571,0.0,0.13941798742233988,0.0,0.014037602000265312,0.0,0.0,0.07872275990564842,0.0,0.0,0.0,0.0,0.0,0.0,0.0,0.0,0.19029953785667397,0.07027275616391164,0.07997651445822072
NSGA2,0.18054527562849088,0.18855933065609212,0.9574984966285341,81.0072286802427,0.0,0.0,0.17199031112212607,0.1289600286131651,0.017880922569948356,0.08484854124278039,0.00978242366415491,0.14948953180041805,0.0,0.0,0.0,0.0,0.005500591937850639,0.04316878358910904,0.0,0.0,0.06815765328626225,0.0,0.0,0.0,0.0,0.19498953800792074,0.1252316741662644,0.0
NSGA2,0.12510623200475998,0.14128082335533534,0.8855146015825895,65.6451990016827,0.11414456191806654,0.08945700891503923,0.04001199344085431,0.0,0.0,0.043268143471053185,0.1439304503896273,0.08441745987655465,0.0,0.16044145379284153,0.0,0.0,0.018262040282281452,0.0734941859150945,0.0011499983046959338,0.0,0.0,0.0,0.0,0.0008154930538346674,0.0,0.0,0.12825475349190654,0.10235245714815024
NSGA2,0.19157014367563435,0.18571771206857285,1.0315125118755533,79.40746258800088,0.014202282936471597,0.0,0.16765490752632184,0.10807417952449942,0.009336468608371503,0.09220665365436774,0.0,0.15031650145330658,0.0,0.0,0.0,0.0,0.09079959611212668,0.0,0.0,0.0,0.06285621784213029,0.0,0.0,0.0,0.0,0.1740375444593326,0.1305156478830718,0.0
NSGA2,0.1621599204967366,0.15094750105133342,1.0742802588138913,75.92865142423156,0.07397397740318809,0.0,0.10895098441460738,0.0,0.0,0.007046231440940111,0.10657053589651075,0.1271822584993943,0.0,0.14626770460579966,0.0,0.0,0.03924797646233555,0.054390284500264056,0.0,0.0,0.0,0.0,0.0,0.0,0.0,0.16233080375742256,0.08021235022050538,0.09382689279903217
NSGA2,0.1658598329201534,0.1452410207203715,1.1419627326874735,68.25655345022206,0.12502319724633904,0.02094884788623171,0.05484225303537591,0.0,0.0,0.050450415761835156,0.1333336695170153,0.08276738860056986,0.0,0.1029269145116716,0.0,0.0,0.060839578477848925,0.06553097547521314,0.0,0.0,0.0,0.007359392941502599,0.0,0.0,0.0,0.09056602779577538,0.10777241200591428,0.09763892674470706
NSGA2,0.17861801515950676,0.18761155047531156,0.9520629977577618,80.78463745063937,0.0,0.0,0.16570791758837575,0.12745262851901715,0.016418468126235247,0.08334114114863243,0.021654290157467757,0.15125874708436385,0.0011007287121924372,0.0,0.0,0.00039346634993926634,0.003993191843702676,0.044725538624372306,0.0,0.0,0.06665025319211429,0.0,0.0003198410978053704,0.0,0.0,0.19348213791377278,0.12350164964200872,0.0
NSGA2,0.1977697318921893,0.17026429137366858,1.1615455612953876,74.50791367145521,0.13909418386047676,0.0,0.16761852717262676,0.0,0.0,0.08828490713423268,0.0,0.13608884790454467,0.0,0.10025419417693535,0.0,0.0,0.0,0.0,0.0,0.0,0.06113226600179648,0.0,0.0,0.04241538470065725,0.00665096429715325,0.18624787348163796,0.07221285126993884,0.0
NSGA2,0.16606771225893208,0.14869756876819923,1.1168152487940857,73.09939778916592,0.11880068986932195,0.0,0.0961032925742661,0.0,0.0,0.0062870395645305685,0.10581134402010119,0.11948522871080207,0.0,0.14850235668652242,0.0,0.0,0.05417491291466012,0.046603526798208755,0.0,0.0,0.0,0.0,0.0,0.0,0.0,0.12957697606402466,0.08004530478220036,0.09460932801536191
NSGA2,0.18141344295891204,0.18013852474052622,1.0070774323272726,80.50951203658948,0.0,0.0,0.15137036828355285,0.1032767616121741,0.00668836541143257,0.07591921781829027,0.0,0.14267180621911738,0.0,0.0,0.0,0.0,0.09318339614313166,0.0,0.0,0.0,0.05806331232686779,0.0,0.0,0.0,0.0,0.1848951970485263,0.11491470877676221,0.06901686636014485
NSGA2,0.13698292634899073,0.16769143977854514,0.8168748895584154,84.89982380242714,0.0,0.0,0.15716755429408047,0.10609280778573543,0.0,0.0038104827689801673,0.0,0.146519521903819,0.0,0.1685243421266699,0.0,0.0,0.0,0.0,0.0,0.0,0.0531826488954034,0.0,0.0,0.019083969951616868,0.0,0.17709775735416317,0.07900426659689748,0.08951664832263409
NSGA2,0.16321235913733567,0.17845997483328946,0.9145600255172202,82.09943237193333,0.00192156273870552,0.00192156273870552,0.17255449407577958,0.10594983415872238,0.00192156273870552,0.09525597839970755,0.00192156273870552,0.14301308096116142,0.00192156273870552,0.10722526544241022,0.00192156273870552,0.00192156273870552,0.00618672167762351,0.00192156273870552,0.00192156273870552,0.00192156273870552,0.06810333726727134,0.00192156273870552,0.00192156273870552,0.0019975827883475985,0.00192156273870552,0.19327478888865196,0.07953703799844715,0.00192156273870552
NSGA2,0.17234484292503233,0.14624610787319411,1.1784576385066445,65.95078372003078,0.1392866651909378,0.05204395437886976,0.04940711209591008,0.0,0.0,0.07542446545585883,0.12789852857754946,0.07733224766110403,0.0,0.09749177357220577,0.0,0.0,0.09122714573760364,0.0,0.0,0.0,0.0,0.0019242520020367696,0.0,0.0,0.0,0.09342279845623398,0.10233727106644845,0.09220378580524123
NSGA2,0.182012011831014,0.18498062469865745,0.9839517632050413,79.74964953692137,0.002470272065347686,0.001881153283412396,0.14978333186884898,0.12492776208229454,0.002294083960677327,0.07586085254816154,0.006714885494997678,0.14120186733362058,0.0022209939525506136,0.012261621158033894,0.0023434414194938853,0.0019121336904401622,0.0838219776373992,0.0023469671519029183,0.0023491346451886153,0.0019209429509110371,0.06430419464968334,0.002221829185816872,0.0008157637640546303,0.0023469671519029183,0.0008248443893041735,0.187441326728618,0.1202624656918693,0.007471187195469836
NSGA2,0.16997777700839856,0.14763927052474196,1.151304638693084,70.36803427661067,0.11749174360163234,0.018514040648153575,0.052667641503740315,0.0,0.0,0.04811908204639575,0.1311614242278927,0.08059514331144726,0.0,0.11759386872678457,0.0,0.0,0.015430039894316672,0.06020986079299387,0.0,0.0,0.0,0.0,0.0,0.0,0.0,0.15715030707426683,0.10560016671679169,0.09546668145558447
NSGA2,0.14394397967858183,0.14244464870567097,1.0105257093652489,67.02472614038004,0.13048522047798794,0.03177007947346473,0.03421169231760063,0.0001978667066276252,0.0001978667066276252,0.08053814692105317,0.1441549011042483,0.09325819610512917,0.0001978667066276252,0.13058734560314017,0.0001978667066276252,0.0001978667066276252,0.028423516770672293,0.07457786707561942,0.0001978667066276252,0.0001978667066276252,0.0001978667066276252,0.011950205274115807,0.0001978667066276252,0.0001978667066276252,0.0001978667066276252,0.021174835455897482,0.10823130131622688,0.1084601583319401
NSGA2,0.17080913618770105,0.17546856585375156,0.9734457870366706,81.19525684782116,0.0,0.0,0.16489731733563032,0.11759887293694403,0.0,0.08129441336441583,0.0,0.1392813812718625,0.0,0.0,0.0,0.0,0.07846182419718044,0.0,0.0,0.0,0.03618368814366915,0.0,0.0,0.0,0.0,0.16303200789227876,0.10674353718902536,0.1125069576689937
NSGA2,0.16770102723611852,0.1908276919098513,0.8788086548536256,81.5310698607967,0.0005115353410557995,0.0005115353410557995,0.17360195977045859,0.12874401907084573,0.0005115353410557995,0.08703493384334589,0.06982683658176815,0.13610219215651775,0.0005115353410557995,0.017749918569985125,0.0005115353410557995,0.0005115353410557995,0.0005115353410557995,0.0005115353410557995,0.0005115353410557995,0.0005115353410557995,0.11313618862026589,0.0005115353410557995,0.0005115353410557995,0.0005115353410557995,0.0005115353410557995,0.19375988158381308,0.07235660790746856,0.0005259671207499316
NSGA2,0.17657268470570364,0.15584760599614883,1.1329829776792784,75.37576161076899,0.10313366188367802,0.0,0.14507927261772052,0.0,0.0,0.027596877143270686,0.10326307264605034,0.12129797667734371,0.0,0.15916531309229415,0.0,0.0,0.0,0.014828962761914175,0.0,0.0,0.040385546581534655,0.0,0.0,0.0,0.0,0.16639009218606382,0.11885922441012994,0.0
NSGA2,0.1205873387667697,0.167207231209004,0.7211849505242939,84.46569406665371,0.0,0.0,0.14600327860075307,0.10091836268360829,0.0,0.0,0.0,0.17406190437194546,0.0,0.1607185042283119,0.0,0.0,0.0,0.03922380454901643,0.0,0.0,0.04800820379327626,0.0,0.0,0.05986865201161233,0.0,0.11332891401216555,0.07352617252880367,0.08434220322050695
NSGA2,0.16111878298528787,0.17935580557707323,0.8983193070717274,82.82146571619177,0.0045851115417387955,0.0,0.17050777925620014,0.10323366561731968,0.0,0.09320926358012811,0.0,0.14096636614158198,0.0,0.10517855062283078,0.0,0.0,0.003379741536522903,0.0,0.0,0.0,0.0660566224476919,0.0,0.0,0.04610355220695703,0.0,0.18979604799626004,0.0769832990527686,0.0
NSGA2,0.14401193107016796,0.16391496765995864,0.8785770642307694,84.2138986655049,0.0,0.0,0.16893826123463204,0.11506689660890172,0.0,0.04404062765305552,0.0,0.14405432447226468,0.0,0.15381039673482605,0.0,0.0,0.0,0.0,0.0,0.0,0.0,0.0,0.0,0.0,0.0,0.17232353259275723,0.0965781150439855,0.10518784565957728
NSGA2,0.10306012299013514,0.15526293444733655,0.6637780186042535,81.59936008012338,0.0,0.0,0.16405890383981148,0.11262663616634515,0.0,0.03981676983372624,0.10927663613926307,0.1341060710095895,0.0,0.16406378341390945,0.0,0.0,0.016588343421180828,0.02658666797716181,0.0,0.0,0.0,0.0,0.0,0.0,0.0,0.0,0.1245424663367287,0.10833372186228374
NSGA2,0.23540846227568996,0.16725907786233324,1.407448045776318,64.47056304500694,0.14971671500561262,0.0,0.14872654831702214,0.0,0.0,0.08388110937606774,0.0,0.07616758664512881,0.0,0.0,0.0,0.0,0.08681479854316647,0.0,0.0,0.0,0.0,0.10359563443141039,0.0,0.0,0.0,0.16312886779953562,0.10707420292212895,0.08089453695992722
NSGA2,0.261692279109803,0.18130369796646423,1.443391844981608,57.671933700705225,0.1416275520886467,0.0,0.10317547918642457,0.0,0.011521439999563874,0.05657168803800602,0.0,0.04549182337960116,0.0,0.0,0.0,0.0,0.1266725677251423,0.022249133459544487,0.0,0.0,0.0,0.18550252451516178,0.0,0.0,0.0,0.19084162098822244,0.10952438660667434,0.0068217840130123525
NSGA2,0.21209135442698857,0.18215010370625442,1.164376797550547,72.90839917739761,0.12088989324354985,0.0,0.12946808107825034,0.0981096942409802,0.0,0.049527676873434574,6.466061320804431e-05,0.12400143585161275,0.0,0.0,0.0,0.0,0.1340645308991366,0.0,0.0,0.0,0.07951728947471612,0.0,0.0,0.0,0.0,0.1656534581164906,0.09563821001878003,0.003065069589840888
NSGA2,0.25877619932713924,0.18019344729139264,1.4361021625202033,58.69066509135878,0.12845196372141082,0.0,0.10424714640772342,0.002427278204189522,0.0,0.0681046617734194,0.0020889662710946383,0.0450245281775231,0.0,0.0,0.0,0.0,0.12773649982700364,0.02527841419615485,0.0,0.0,0.0,0.1819127474392801,0.0,0.0,0.0,0.19389715559904,0.1106095225965048,0.0102211157866555
NSGA2,0.1720389144552113,0.1497270240876272,1.149017123017994,71.2580218819433,0.08308381368420498,0.03710586940627838,0.0956507182376521,0.0,0.0,0.04091097883519006,0.05582945612973174,0.12011546541194335,0.007192248975813829,0.11904202232561287,0.0,0.0,0.10959021126316049,0.005702255117238217,0.000516799143418955,0.0,0.0,0.012455637630359891,0.0,0.0,0.0,0.11739355388323194,0.11303502367894834,0.08237594627721483
NSGA2,0.26066685503510123,0.18051464860849442,1.4440205104929922,58.256197416716766,0.13974865915058401,0.0,0.10369152734599747,0.002156217985864373,0.0,0.059045349712890424,0.001533347209368689,0.04787624309060036,0.0,0.0,0.0,0.0,0.1272216654157737,0.024722795134428897,0.0,0.0,0.0,0.18135712837755416,0.0,0.0,0.0,0.19331528266310688,0.11005390353477885,0.00927788037905212
NSGA2,0.1922439783474586,0.15550177550708652,1.2362815647638548,72.36365459757582,0.12663248707201225,0.0,0.12222647081282818,0.0,0.011333755303255975,0.06615179748930192,0.09355090118154444,0.11957754933626472,0.0,0.13769098695193457,0.0,0.0,0.013734608184501408,0.023897369843503578,0.0,0.0,0.0,0.0026052416919148226,0.0,0.0,0.004494019283656202,0.18470973290150028,0.093073033166649,0.0003220467811326477
NSGA2,0.1999103697653556,0.18734920531855254,1.067046798653056,77.25281182155149,0.03415994242763646,0.0,0.13785397149570225,0.0917704631300186,0.0,0.05963264435207558,0.0,0.12116273803855379,0.0,0.0,0.0,0.0,0.1289815129776804,0.024674503315519625,0.0,0.0,0.09171968139584465,0.0,0.0,0.0,0.0,0.19399169108420702,0.11413857342288285,0.0019142783598787509
NSGA2,0.19862552357140528,0.18768937170673353,1.0582672943343836,77.44580653553732,0.029322425926575413,0.0,0.13819608856421364,0.09211258019853001,0.0,0.059676453059528685,0.0,0.1215048551070652,0.0,0.0,0.0,0.0,0.1293407823954228,0.025018146717774355,0.0,0.0,0.09206179846435605,0.0,0.0,0.0,0.0017550763398837797,0.19433380815271842,0.11448069049139425,0.0021972945825372617
NSGA2,0.2173961706009815,0.15909962000602887,1.3664153980552785,64.94093101409794,0.13476681132541346,0.0,0.09005040713292459,0.0,0.0,0.051654075886158245,0.004487326927097547,0.0598790889673636,0.0,0.09519417214142156,0.0017193875297507014,0.0,0.1020004247483821,0.018578708204912673,0.0,0.0,0.0,0.0954648791580194,0.0,0.0,0.006052488800403859,0.1617553011440528,0.12245146375246053,0.05594546428163893
NSGA2,0.17877947435122313,0.14809207920270495,1.2072183422214904,67.396948839674,0.1269872219639838,0.04762353456782527,0.08529461077846007,0.0,0.0,0.03729837761118192,0.07522868634543727,0.08149229393198874,0.0,0.10974581106192328,0.0,0.0,0.11131412521488254,0.02419908485714474,0.0,0.0,0.0,0.008187777719975566,0.0,0.0,0.0,0.10832507702474628,0.10372244139390664,0.0805809575285438
NSGA2,0.26098831975982506,0.18067535116945252,1.444515359015676,57.93202774805255,0.14268985558757763,0.0,0.10228016917004398,0.0007448598099108839,0.012583743498494795,0.057633991536936935,0.00012198903341519992,0.04646488491464687,0.0,0.0,0.0,0.0,0.1258103072398202,0.023311436958475408,0.0,0.0,0.0,0.17994577020160066,0.0,0.0,0.0,0.19190392448715338,0.10864254535882537,0.00786652220309863
SPEA2,0.15485645521142877,0.15242710593163525,1.0159377773719793,79.29547654409582,0.05821436013208454,0.0,0.1492652509757704,0.0,0.0,0.005044020860836448,0.08930808605834456,0.1752988760219336,0.0,0.11388811104557969,0.0,0.0,0.0,0.009567652108026863,0.0,0.0,0.0,0.0,0.0,0.00213563188063125,0.0,0.1472323851348671,0.11282283448383104,0.1372227912980945
SPEA2,0.2143697877161348,0.16310073208507717,1.3143398253069427,71.8720293168299,0.1255257258116637,0.0,0.1441213941714909,0.0,0.0,0.09538806190773029,0.06815107498763115,0.13577638914046936,0.0,0.056671594067758777,0.0,0.0,0.08280790179235129,0.0,0.0,0.0,0.0,0.0,0.0,0.0,0.0,0.1779966228445053,0.11356123527639922,0.0
SPEA2,0.22558030505447388,0.16136707748351942,1.3979326425956535,61.42683964999509,0.13763530166061405,0.004098304368389271,0.0638260615948628,0.0,0.0,0.08763804859152315,0.07653302921331041,0.05302037546810624,0.0,0.005983447778539824,0.0,0.0,0.12757519141928403,0.0,0.0,0.0,0.0,0.1059698451223622,0.0,0.0,0.0,0.12852447835603253,0.14948294773431667,0.05971296869265889
SPEA2,0.23147183287963652,0.16994906186767628,1.362007123404202,70.07104542075743,0.14346932886208774,0.0,0.15803921506420773,0.0,0.0,0.10478841109973586,0.012437626559748054,0.17450410087383722,0.0,0.0,3.588856766665254e-05,0.0,0.05753854681746815,0.0,0.004920276374500967,0.0,0.001488265444461486,0.03197869245594004,0.0,0.0006621497469463868,0.0,0.1684275876170396,0.14170991051635998,0.0
SPEA2,0.18307700434682722,0.1470697187152309,1.2448314034061407,65.51539463625862,0.117703670275643,0.03341301161218697,0.047539959468617325,0.0,0.0,0.10415465186579446,0.0890344274299589,0.05627671281779148,0.0,0.11830597640412599,0.0,0.0,0.05391209432136827,0.0,0.0,0.0,0.0,0.054977209130733055,0.0,0.0,0.0,0.11100659795889213,0.14890898601823502,0.06476670269665345
SPEA2,0.16515475482415526,0.15678915007880193,1.0533557630814938,78.59536177270334,0.0,0.015683840053236232,0.1587963993494552,0.0,0.0,0.07966482816275207,0.08115647236546127,0.10838049599688544,0.0022213473701284884,0.11758877779944198,0.0,0.0,0.054333312566225304,0.0,0.0,0.0,0.0,0.0,0.000491863590259411,0.003920321184769605,0.0,0.16805559881291093,0.15009084438425008,0.059615898364224096
SPEA2,0.20288700854343017,0.1589983255091719,1.27603236004977,75.1969091964925,0.11804674888095544,0.0,0.15027680693458184,0.0,0.0,0.0035451010988480237,0.0,0.16304048931764348,0.0,0.14959432273986822,0.0,0.0,0.08535716450748548,0.0,0.0,0.0,0.0,0.0,0.0,0.0,0.0,0.18275887972934485,0.14738048679127258,0.0
SPEA2,0.22260714627753678,0.15979682671853815,1.3930636224061637,67.7796846705524,0.1427880486079404,0.0,0.04624388349131607,0.0,0.010473257126410911,0.10542680912174918,0.016756706281015898,0.12557335221998514,0.0,0.07935612101931981,0.0,0.0,0.09054584795361705,0.0,0.0,0.0,0.0,0.037177150447700355,0.0,0.0,0.0,0.17819366200716663,0.15794283659087208,0.00952232513290645
SPEA2,0.20810636386630715,0.15602996112368406,1.3337589932573426,64.55281515588047,0.12730394673446963,0.00110412314143118,0.0487793164642406,0.00110412314143118,0.00110412314143118,0.09210787264082497,0.09634187769433492,0.05078200255544653,0.00110412314143118,0.07388030476453596,0.00110412314143118,0.00110412314143118,0.0641336144803593,0.00110412314143118,0.00110412314143118,0.00110412314143118,0.00110412314143118,0.08531972394863895,0.00110412314143118,0.00110412314143118,0.00110412314143118,0.1738094411544337,0.1142290968946984,0.05895920182941184
SPEA2,0.24295107898348348,0.17069911227804702,1.4232708989590248,65.78964481946595,0.13413998632522464,0.0,0.13965194857003016,0.0,0.0,0.05325121229667318,0.0,0.14030798746811074,0.0,0.0024881324431504244,0.0,0.0,0.13381417737768858,0.0,0.0,0.0,0.0,0.0901912479490157,0.0,0.0,0.0,0.15896281263743997,0.14719249493266665,0.0
SPEA2,0.20686288456484128,0.16349876264229204,1.26522599450751,74.50821387705915,0.08865755005582647,0.0,0.13836972046479856,0.0,0.0,0.09082188699729211,0.05218460009902844,0.17476116993761012,0.0,0.057896635602168615,0.0,0.0,0.0813597685044899,0.0,0.0,0.0,0.0,0.0,0.0,0.0,0.0,0.1732429941011132,0.14270567423767277,0.0
SPEA2,0.20809755091853335,0.17050555124276687,1.220473758195959,75.9402698667501,0.047113322334943475,1.2412698685162806e-05,0.15473038433404854,0.0,0.0,0.10039704845807221,0.0811863271214672,0.17723740016230602,0.0,0.005665402046448622,0.0,0.0,0.08759642768378828,0.0,0.0,0.0,0.0,0.0,0.0,0.0,6.432565804655292e-05,0.18988506646618072,0.15145115725530228,0.004660725780711005
SPEA2,0.2021423964964118,0.17098214389113714,1.182242729539724,76.77327438072994,0.0018454313255052395,0.0029879912787863137,0.16466844813728945,0.0,0.0,0.10385214098148973,0.06904940217365596,0.16985161863851667,2.354854982367636e-06,0.010837303692741171,0.00016522493030805837,2.354854982367636e-06,0.09170513028380704,0.0006698453398678166,2.354854982367636e-06,0.0,2.1343645445935992e-05,0.025064703124102874,0.0,0.0016691329715402172,0.0010349928358164993,0.19069330383128705,0.15491168060354835,0.010965241641344544
SPEA2,0.2113951148079523,0.16607519861373038,1.2728879241001556,74.97050497281494,0.09435581425888727,0.005391400135462718,0.1609263699987159,0.0,0.008706813328243601,0.10399114427634058,0.003948802308823302,0.18843748937227475,0.0,0.056383826735889646,0.0,0.0,0.04584912357783181,0.0,0.0006231857642050944,0.0,0.0,0.0037988471087917275,0.0,0.0,0.0,0.18241341929099264,0.14517376384354092,0.0
SPEA2,0.23062152447204015,0.1648062498686099,1.3993493854504961,65.1358639151976,0.13061540072079333,0.0,0.030512746433819786,0.0,0.0,0.04972662669224187,0.0,0.1368732529338037,0.0,0.0,0.0,0.0,0.12206330115809558,0.0,0.0,0.0,0.0,0.09866970974587616,0.0,0.0,0.0,0.1837121330773691,0.14246304679449595,0.10536378244350456
SPEA2,0.1958077714342023,0.15488559136106123,1.2642090830627712,72.50400740833783,0.11854559416058187,0.0,0.12793541544378714,0.0,0.0,0.08708094921248087,0.056315625502270664,0.1402339172606809,0.0,0.09524274343527221,0.0,0.0,0.0418372752816659,0.005097215255549031,0.0,0.0,0.0,0.015812210446714246,0.0,0.0,0.0,0.14943894715116973,0.12565809857619564,0.036802008273631746
SPEA2,0.16092581048054025,0.1518107417485085,1.0600423173422857,78.82587659994957,0.055056020799662396,0.0,0.1464412817663936,0.0,0.0,0.01744711243109158,0.08640734658100654,0.15794663804602777,0.0,0.10834163342373876,0.0,0.0,0.0,0.006111852074328681,0.0,0.0,0.0,0.0,0.0,0.0,0.0,0.15110448060910434,0.15379063656081646,0.11735299770782978
SPEA2,0.22136836367826934,0.17122812110997893,1.2928271492045726,73.31985730491806,0.104585632538256,0.005355947155862278,0.1583161619037761,0.00028406306967013975,0.004578852845807994,0.058987334239213374,0.0021549332094275755,0.17916359807923407,0.003926673889308905,0.007830637630516174,0.00228551308442737,0.0,0.0948733473721919,0.0015013609243799198,0.00010800374792142247,0.0,0.006383747774739911,0.0,0.0021719650155002054,0.0014163273402468212,0.005947148885673054,0.1936465619838152,0.15734108026586424,0.009141109044167392
SPEA2,0.18797468496006908,0.14814451301078202,1.2688602577294794,64.07545081311102,0.1215160440945834,0.04852231069446065,0.04566345370989155,0.0,0.0,0.1128111056332135,0.0861616984022511,0.04475312212792338,0.0,0.11175606709676111,0.0,0.0,0.05904721473912338,0.0,0.0,0.0,0.0,0.05255446532192324,0.0,0.0,0.0,0.1211281654491614,0.14539142783417103,0.050694924896536105
SPEA2,0.22956805339151706,0.1645023518142274,1.3955305250028789,69.8268305026186,0.14017427863479598,0.0,0.14608322057785333,0.0,0.0,0.08977688339506446,0.0,0.12413915559827877,0.0,0.058021408129421845,0.0,0.0,0.06386153781556965,0.0,0.0,0.0,0.0,0.037744894674326165,0.0,0.0,0.0,0.1896814021623627,0.15051721901232692,0.0
SPEA2,0.19222898230983837,0.16822446497606178,1.1426933789754803,78.45655314741576,0.010685165464649317,0.003050533331856485,0.14594313954605834,0.001180756252390703,0.009558062598592848,0.08392988976867928,0.001117457706958019,0.18188110148042,0.0010820176933710064,0.0821926489704041,0.0028945984267126465,0.004125575851398914,0.09241261136848376,0.0015521636426910183,0.0010820176933710064,0.0010820176933710064,0.0026301667540481054,0.005765470688501045,0.001082133227071455,0.005272371808223873,0.0018822865845867646,0.19817788688780855,0.15268298805056965,0.00873693850978206
SPEA2,0.17480751229890895,0.14669123022674133,1.1916698225838598,68.15773815940906,0.10664500914942347,0.02466284198021331,0.036759603697246034,0.00021483345726821317,0.00021483345726821317,0.08897900855033658,0.07800192770248483,0.10781109969717871,0.0,0.11059981271739645,0.00021483345726821317,0.00021483345726821317,0.06888202992075176,0.00022712676467416074,0.00021483345726821317,0.0002061639012948503,0.00021483345726821317,0.042503254926943686,0.00021483345726821317,0.0,0.00021483345726821317,0.10091145924331553,0.1358514048659971,0.09624058922459786
SPEA2,0.22022614526489415,0.16505350463431553,1.3342712458776105,72.30154913049394,0.12507245167617737,0.009836041722254732,0.13971906703737036,0.0,0.0,0.04634233975172792,0.0,0.1683324278710893,0.0,0.06864397536107338,0.0,0.0,0.1301725933219818,0.0,0.0,0.0,0.0,0.0,0.0,0.0,0.0,0.18127575677964178,0.13060534647868338,0.0
SPEA2,0.12654900023206947,0.15070332395324665,0.8397226876782713,79.87329838962344,0.0,0.02584586944541798,0.16758133825421656,0.0,0.002174770057617171,0.02514840994121649,0.10690719548601882,0.1599113903336739,0.0,0.14866561164701714,0.0,0.0,0.008306296300692708,0.017808489258853047,0.0,0.0,0.0,0.0,0.0,0.0006474883833073335,0.0,0.06973631102944733,0.15661156339975932,0.11065526646276234
SPEA2,0.20608964236553784,0.15718485543637054,1.311129127506589,70.80221562872995,0.1133042969395938,0.011015279521286279,0.10606393495836378,0.0,0.0,0.057636830113167566,0.06665790936249691,0.11966362504942024,0.0,0.09547498845143748,0.0,0.0,0.1122452815144355,0.0,0.0,0.0,0.0,0.008471134664052202,0.0,0.0,0.0,0.16842786802464643,0.14103885140109984,0.0
SPEA2,0.213278949561286,0.15915209002395375,1.3400951852356178,69.27100492562484,0.11588597728780736,0.0,0.1370041270465182,0.0,0.0,0.034555416127463844,0.0,0.12170204236902568,0.0,0.05594903515231576,0.0,0.0,0.07212731832782075,0.0,0.0,0.0,0.0,0.08349849918109814,0.0,0.0,0.0,0.1685409225125911,0.12054409011663261,0.09019257187872654
SPEA2,0.18930604123441588,0.15397171772803794,1.229485804456565,72.68521940185757,0.109467108766223,0.01696491201331266,0.048110489064772256,0.0,0.0,0.10075752971110713,0.0031786715156857928,0.1475591979895615,0.0,0.08491645987866288,0.0,0.0,0.06565330535670418,0.0,0.0,0.0,0.0,0.0,0.0,0.0,0.0,0.1638242125134873,0.1414112444692938,0.11815686872118956
SPEA2,0.13429500216641152,0.15158168550236706,0.8859579686116791,79.41104524539402,0.0003635665231574657,0.01800951245719007,0.15260160751186594,0.004911611628552517,7.432034870257777e-05,0.021411391911367508,0.0882009989792296,0.15617437230382492,7.432034870257777e-05,0.14488722422623812,0.000279356656379831,7.432034870257777e-05,0.08006397816870714,0.00842259102375672,7.432034870257777e-05,7.432034870257777e-05,7.432034870257777e-05,7.432034870257777e-05,7.432034870257777e-05,0.006638437954932384,7.432034870257777e-05,0.07021171479068002,0.14010882347493525,0.10704592925085951
SPEA2,0.21883665599548136,0.15937788083359536,1.3730679241742851,66.58707786733086,0.11883078626091212,0.0001566433706841283,0.02153296740997077,5.336284452852856e-06,5.336284452852856e-06,0.09119792476061356,0.07777286467578895,0.12790856926307784,0.0002543711758911957,0.07221433125311207,5.336284452852856e-06,5.336284452852856e-06,0.10864400990261577,6.371719051320455e-06,5.336284452852856e-06,1.919622053535863e-05,5.336284452852856e-06,0.06156104856030759,5.336284452852856e-06,0.0002535697337999964,5.336284452852856e-06,0.1808192223796072,0.1387800967539562,5.336284452852856e-06
SPEA2,0.1407661901762918,0.15553717516026908,0.9050324466240504,82.5280285560693,0.0,0.0,0.16576387055677252,0.0,0.0,0.02929149699113741,0.08696203949665723,0.17289358169287533,0.0,0.144693254702549,0.0,0.0,0.007193451883934959,0.007179693088041468,0.0,0.0,0.0,0.0,0.0,0.0,0.0,0.14403741214208723,0.11047039153227989,0.13151480791366485
SPEA2,0.20463695849334518,0.16631408394004263,1.2304247099549201,76.1801893024851,0.0474662340268128,0.0,0.14667320589361524,0.0,0.0,0.10260440112934893,0.0,0.146260259571722,0.0,0.0,0.0,0.0,0.12002587527311846,0.0,0.0,0.0,0.0,0.004514487863330389,0.0,0.0,0.0,0.18169122630059337,0.14482981084144947,0.10593449910000931
SPEA2,0.2253002051978633,0.16298691902651014,1.3823207809776306,67.29149325062077,0.13581984705780614,0.007442697704816221,0.023100586800429163,0.0,0.012448390420402916,0.10558835771841082,0.017087956487677816,0.15972211933062694,0.0,0.059006627555861106,0.0,0.0,0.11406526348764995,0.0,0.0,0.0,0.0,0.03946539680347627,0.0,0.0,0.0,0.18694666641849644,0.1277425812142177,0.011563509000128444
SPEA2,0.19056293633491306,0.15068885070923363,1.2646120495179813,66.04505509295856,0.12973960455888822,0.0018484818528568493,0.04748895801881172,0.0018255043089201754,0.0018255043089201754,0.11063653369488001,0.08798720271117128,0.04657862643684355,0.0018255043089201754,0.11358157140568129,0.0018255043089201754,0.0018255043089201754,0.060872719048043554,0.0018255043089201754,0.0018255043089201754,0.0018255043089201754,0.0018255043089201754,0.05437996963084341,0.0018255043089201754,0.0018255043089201754,0.0018255043089201754,0.12524773866335936,0.14721211306612236,0.05252042920545628
SPEA2,0.2099275966758543,0.16252929003978364,1.2916293218561934,73.41093385139527,0.12141113269088429,0.002217513145685366,0.11672229447196397,0.0,0.0,0.077094782969603,0.0,0.17908194738963787,0.0024930766376458744,0.08022181930941144,0.0,0.001319816375368971,0.08865875072092207,0.0,0.0,0.0,0.003404255710060922,0.0,0.0,0.0,0.0,0.17769707703678198,0.12660142774125133,0.023076105800782898
SPEA2,0.1619306318610838,0.15809060871918126,1.024290014271016,80.30770306346864,0.00692606114549969,0.0010781260714669049,0.14192941398685677,0.0005210164065581263,0.0005120762544960537,0.000680699268481652,0.06683225640306126,0.16939773901499564,0.0010635877478979002,0.11493556063368829,0.0005120762544960537,0.0005120762544960537,0.0934598450928681,0.010707120915095755,0.0005120762544960537,0.0005416823564240453,0.000997198347876029,0.0005466795641247816,0.0005451713570024985,0.0005503367788413375,0.0005420817780388489,0.17357647334660978,0.10516896191807744,0.1079516828485509
SPEA2,0.19763262232146145,0.1524834322550904,1.2960924304933057,64.53810771901661,0.1292113926933766,0.0007462933430975719,0.011871872447364382,0.0,0.0,0.08454431876084272,0.09558667676088657,0.051031636506302255,0.0,0.06122736057946529,0.0,0.0,0.06989061168376076,0.010409537973342991,0.0,0.0,0.0,0.08474289993086173,0.0,0.0,0.0,0.15287174590004257,0.11095503108986284,0.1369106223307938
SPEA2,0.14729866613227877,0.15519672127940437,0.9491093943092616,82.2881757999051,0.0015589530088959767,0.0,0.16797958266203497,0.0001273345420657655,0.0,0.0048570437717515074,0.08955078187047293,0.17532680011829016,0.0,0.11410791978593232,0.0004521765960822363,0.0,0.009404982744752276,0.0,3.798497383344951e-06,0.0,0.0,0.0,0.0,0.0020262320104019126,0.0,0.1470978694339971,0.15897255314717387,0.12853397181076576
SPEA2,0.18519058210530726,0.15612544462336422,1.1861652823603452,76.01163162978753,0.10796452891434581,0.0,0.14052370079683704,0.0,0.0,0.04511166591236285,0.0,0.1637204035317284,0.0,0.10700124929437327,0.0,0.0,0.06547030096911628,0.0,0.0,0.0,0.0,0.0,0.0,0.0,0.0,0.15627847563029537,0.09911646360641835,0.11481321134452252
SPEA2,0.19625081300291974,0.15717164108595905,1.2486400959291877,74.85807623409553,0.11541754837119109,0.0,0.1323834398465038,0.0,0.0,0.08175507831633347,0.006992658311673818,0.14318667385128767,0.0,0.05953099132416548,0.0,0.0,0.03291367434047505,0.0,0.0,0.0,0.0,0.0,0.0,0.0,0.0,0.17846452135099172,0.12910600714302875,0.12024940714434912
SPEA2,0.14653745389892825,0.14544339728026864,1.0075222157837207,71.93921508314287,0.09615916661385576,0.034058630650005334,0.1527941530827954,0.0,0.00713977441039804,0.0533099885700633,0.09665174426616487,0.11261649558242062,0.0,0.11744534196166376,0.0,0.0,0.005651485825801727,0.0,0.0,0.0,0.0,0.021947345034662284,0.0,0.0,0.0,0.038541230706996235,0.1336497650355325,0.13003487825964025
SPEA2,0.21181335730686968,0.17341866116713328,1.221398873000947,74.95892785879583,0.04289492410428882,0.007084002258501737,0.15297605705265271,0.0006448879518938061,0.0007198628647150392,0.09365828118432011,0.03472934975138334,0.16913926556892603,0.0006795819164998599,0.00239936850273256,0.0007396337007238942,0.003965814836533701,0.13324188594297623,0.0006352346816462349,0.002650272605484609,0.002610360182705978,0.0006617947565608026,0.0010882243479513522,0.0008903543500571418,0.0006352125782180404,0.0006802707515424284,0.19009478750317474,0.15341735348630686,0.0037632191202039457
SPEA2,0.16817377806271488,0.15829143033439333,1.062431350247104,79.81553087907581,0.0,0.0,0.14268515254195366,0.0,0.0,0.07872443964836676,0.06643539830952529,0.14786832304318087,0.0,0.07922749666012478,0.0,0.0,0.06918317625635487,0.0,0.0,0.0,0.0,0.0030503548300429575,0.0,0.0,0.0,0.16871000823595125,0.13292838500821255,0.11118726546628704
SPEA2,0.15827073716613815,0.14618509332514731,1.0826735720181109,70.58383181299338,0.11323073397704828,0.023210049610698558,0.05340697486625267,0.0,0.0,0.10462714286977362,0.08442125883771855,0.1481398358341872,0.0,0.08868008508948816,0.0,0.0,0.06941693056752946,0.013143174175826038,0.0,0.0,0.0,0.0,0.0,0.0,0.0,0.0349709631510573,0.1448506424335971,0.12190220858682316
SPEA2,0.18958524185117354,0.15555674867510846,1.2187529211422132,74.10468089784081,0.1080792526466751,0.000783321818167129,0.046343991331410525,0.0,7.130012938084603e-06,0.10040825069529219,0.0028293924998708474,0.16971455300337088,0.0,0.08456718086284794,0.0,0.0,0.06421647348854344,1.569261652892402e-06,0.0,0.0,0.0017736089959631766,0.0,0.0,0.0,0.0,0.1624393609828194,0.14106196545347885,0.11777394894696963
SPEA2,0.24069884370459935,0.1682904441258095,1.4302585328294648,64.03418419712091,0.13446599713975266,0.0004469413827519031,0.030878239926748548,0.0,0.0,0.08180962680997686,0.0,0.13899839277752526,0.0,0.0,0.0,0.0,0.11934035274296313,0.0,0.0,0.0,0.0,0.10249494730904847,0.0,0.0,0.001958814151012501,0.1909041753472885,0.14612245441572916,0.052580057997202945
SPEA2,0.12233701931295546,0.14919665278900446,0.8199716081162076,77.60801363329531,0.0021123667168698626,0.037359572037408285,0.1564100266392331,0.0021123667168698626,0.004287136774487033,0.027260776658086353,0.10042751094526728,0.11661570598783208,0.0021123667168698626,0.15077797836388698,0.0021123667168698626,0.0021123667168698626,0.005697969379421503,0.01992085597572291,0.0021123667168698626,0.0021123667168698626,0.0021123667168698626,0.0021123667168698626,0.0021123667168698626,0.0027598551001771963,0.005555396131116919,0.0714727753422722,0.16765997705997093,0.11267079643641861
SPEA2,0.22775599862602994,0.16986459929968992,1.3408090889155955,71.95180514345296,0.12741896488025048,0.0006411850409356906,0.13910424366636823,0.0023253119979561913,0.0006648179195842787,0.09840151648228804,0.008892726285900009,0.16199068153000346,0.0006411850409356906,0.004165847710797172,0.000578851130803622,0.0006411850409356906,0.08420751631450045,0.0006411850409356906,0.0014487323898799748,0.0006411850409356906,0.0006411850409356906,0.0006411850409356906,0.0005451227819562725,0.0006411850409356906,0.002197140334615346,0.19102148531061816,0.15953198745763666,0.012375573479356174
SPEA2,0.17743945542866035,0.1558390807224897,1.1386069181493408,77.85079526130131,0.037831380776162785,0.0,0.13759034766597947,0.0,0.0,0.0,0.0730946640643825,0.1281067542158267,0.0,0.10383966310915209,0.0,0.0,0.1022356930685902,0.0,0.0,0.0,0.0,0.0005150430269512004,0.0,0.0,0.0,0.18485187145988002,0.13900267700937516,0.09293190560369997
SPEA2,0.2083092478063614,0.15825841268072388,1.3162601866013395,72.93480249399664,0.1345134033757133,0.0,0.14867708322673054,0.0,0.0,0.03285500303200998,0.00293750332221064,0.11991177820344755,0.0,0.13952500365523027,0.0,0.0,0.10271853071435351,0.0,0.0,0.0,0.0,0.0,0.0,0.0,0.0,0.1690204713078948,0.14955472528916072,0.00028649787324860063
SPEA2,0.17513256607220531,0.15430248218379977,1.1349951315986833,75.98003452946347,0.04740692815071485,0.0,0.14055777090377147,0.0,0.0,0.09833603306183114,0.07967735157208752,0.15029754539708023,0.0,0.05177275425592879,0.0,0.0,0.0,0.0,0.0,0.0,0.0,0.03191154044396235,0.0,0.0,0.0,0.1434553879601568,0.14688078319558473,0.10970390505888225
SPEA2,0.21402140782988943,0.16066118084921543,1.3321289355563366,71.7056570191029,0.11455425838131152,0.013167884359190498,0.15042778704038628,0.0,0.0,0.0563018833332612,0.03474876352242251,0.12113539809167467,0.0,0.0708531649469221,0.0,0.0,0.08729684483951565,0.0,0.0,0.0,0.0,0.009035742909212864,0.0003139081846199886,0.0,0.0,0.18474172255747853,0.1528890934451294,0.004533548388874796
SPEA2,0.18253327220347804,0.14960983121725566,1.2200620154327468,69.95043396210977,0.12754654025158949,0.016339488415414268,0.057670075075846164,0.0006556483621780368,0.0006556483621780368,0.08287688350598164,0.08202899760991425,0.10818134253864443,0.0006567573227939397,0.11144809749830926,0.0006556483621780368,0.0006556483621780368,0.06008471355908892,0.0006556483621780368,0.0006556483621780368,0.0006556483621780368,0.0006556483621780368,0.004580674067170607,0.0011475119524374476,0.007233113802074809,0.0006556483621780368,0.13398185546017324,0.1400515669545572,0.060271546726402135
SPEA2,0.16299132173504674,0.15393359930970335,1.058841750377836,77.96383528327415,0.0415023360970095,0.01611772455415997,0.13548385006582314,0.0,0.0,0.0,0.08245389817539463,0.17303829120878575,0.0,0.11055762966486647,0.0,0.0,0.0,0.0,0.0,0.0,0.0,0.022180987075096338,0.0,0.0,0.0,0.18818703915733184,0.10439826567440544,0.12607997832712695
SPEA2,0.21567729250955855,0.15724600356124038,1.3715915675119956,62.11987889734607,0.12950328411457085,0.02385485451267246,0.016496875257638224,0.0,0.0018388652756569088,0.109079160323594,0.06593228471188503,0.050916554367867635,0.0,0.057343081305727586,0.0,0.0,0.12374417326351612,0.0,0.004559729013097311,0.0,0.0,0.08152805879312207,0.0,0.0,0.0,0.16254345738823273,0.11398987750017514,0.058669744172243854
SPEA2,0.23499020854771369,0.16775106500715464,1.400826924930052,67.18142707619941,0.11035346035429751,0.007265812847212445,0.1486412523385726,0.0,0.0,0.04956392502129515,0.0,0.11558153204514704,0.0,0.00044528284681328944,0.0,0.0,0.13015562363926925,0.0,0.0,0.0,0.0,0.0828420043390209,0.0,0.0,0.0,0.17619962834351305,0.1406245638886208,0.03832691433623797
SPEA2,0.24848418275497364,0.17232900344755928,1.4419173661071443,63.315966892320844,0.13210724754103023,0.0,0.03409696320316548,0.0,0.004043826662392598,0.10450160100471181,0.0018137272250996518,0.1416436668752604,0.0,0.0,0.0,0.0,0.12255907601938006,0.0021660059101631193,0.0,0.0,0.0,0.10393909110780669,0.0,0.0,0.005177537427429433,0.19640542453271792,0.14934055208689453,0.0022052804039481705
SPEA2,0.19452479956611923,0.16498268905925667,1.1790618802209725,77.83237503722685,0.05068955021566366,0.002936637629172383,0.14780039154471725,0.002843173767611562,0.004703549027201021,0.10035040059724379,6.724872160214183e-05,0.17804863423674172,0.007312627130220892,0.007047053403101775,6.724872160214183e-05,6.724872160214183e-05,0.03660045706941655,7.428110150123488e-05,6.724872160214183e-05,6.724872160214183e-05,0.00046425393132745545,6.724872160214183e-05,6.724872160214183e-05,6.853002175136065e-05,6.948981426793299e-05,0.191755902543001,0.15284700577977298,0.11591732113607249
SPEA2,0.20652358449182967,0.15385647140633532,1.3423132781097025,61.70339098463263,0.1322514234557243,0.03156364739202909,0.019546732653592743,7.039830483085717e-05,7.039830483085717e-05,0.09160981473895928,0.09859630562314245,0.05432993776463831,7.039830483085717e-05,0.0630152434009614,7.039830483085717e-05,7.039830483085717e-05,0.07293064244610846,0.013449568735690698,7.039830483085717e-05,7.039830483085717e-05,7.039830483085717e-05,0.08778293069320943,7.039830483085717e-05,7.039830483085717e-05,7.039830483085717e-05,0.15591177666239028,0.11675374507285034,0.061483850007563796
SPEA2,0.23289079764233048,0.1651493413009662,1.4101830246958906,67.00561884645873,0.14739955090656173,0.0,0.12547595318139917,0.0,0.01629882800976875,0.10953057117775117,0.0,0.05617504628216936,0.0,0.06334939616822033,0.0,0.0,0.0945363050559515,0.003976587030843113,0.0,0.0,0.0,0.0433935424157601,0.0,0.0,0.0,0.1924639222648127,0.13167072682650152,0.01572957068026047
SPEA2,0.22109556887222373,0.15866680573922218,1.3934582463051959,63.17856293775732,0.1510432379104176,0.02429357436305441,0.028957862929114828,0.0,0.014004195051785032,0.10774189754984881,0.08500713200484439,0.054203266740854655,0.0,0.06194887378211061,0.0016086868126633956,0.0,0.09274763142804915,0.002000548386220341,0.0,0.0,0.0,0.041604868787857754,0.0,0.0,0.001299777809908225,0.1889736432105502,0.12952604508351592,0.015038758149204697
SPEA2,0.20045931592535582,0.174398718206458,1.149431131070852,77.42811684247069,0.004450031692812714,0.0012543003797178406,0.16657341087956926,0.0004067979917862102,0.00040712149037184256,0.11900044222162363,0.08515437636898435,0.17456942298265207,0.0004443303349728097,0.002427455003402644,0.002538286052927505,0.0004067979917862102,0.10231068006234836,0.0004067979917862102,0.0004067979917862102,0.0004067979917862102,0.0013241376114420287,0.0024551234424951144,0.0005147939321374569,0.0013861000796468739,0.0012321717983484544,0.19072879290563993,0.1365311249292401,0.004663907872736037
SPEA2,0.15022962779561586,0.14767681807133706,1.0172864621381916,76.4516643083802,0.08885574030620681,2.4060430241357664e-06,0.15562821122151765,2.4060430241357664e-06,2.4060430241357664e-06,0.009269275152065003,0.09592831389743542,0.14475540817494423,2.4060430241357664e-06,0.1473458156360247,2.4060430241357664e-06,2.4060430241357664e-06,0.04157778967517879,0.003249303257868045,2.4060430241357664e-06,2.4060430241357664e-06,2.4060430241357664e-06,2.4060430241357664e-06,2.4060430241357664e-06,2.4060430241357664e-06,2.4060430241357664e-06,0.07097937814861456,0.1314773190837953,0.11090216688703575
SPEA2,0.18561911946749374,0.16228987877940226,1.1437504351075554,78.17771473666276,0.02975628854291464,0.0,0.13980504300484045,0.0,0.0,0.09913691398513734,0.021558335703571043,0.15596825152111377,0.0,0.06100016400767245,0.0,0.0,0.10846080640411324,0.0,0.0,0.0,0.0,0.0,0.0,0.0,0.0,0.18034603085147755,0.09548979971479313,0.10847836626436644
SPEA2,0.16992436775664574,0.16210261682015878,1.048251848674131,80.71140622467352,0.0018945083889064438,0.0004907606621784846,0.15858030507359358,0.0,0.000752668316032057,0.04873097901561447,0.008007290925702244,0.1761626534296594,0.0007723720557073872,0.07890073958253521,0.0025550239953746607,0.0,0.06724391127919946,0.0008310143876539818,0.00044653563738116637,0.00044653563738116637,0.0066562566550649235,0.011706217741817872,0.0,0.006076619476166212,0.005443702839166319,0.18265245205873906,0.11118040394922218,0.13046904889290373
SPEA2,0.14069228348582902,0.15019194034060385,0.9367498892867913,78.57311402992718,0.0593155740516043,0.0006222223294113947,0.16860180499144636,0.0007495568714771603,0.0008180101224992974,0.005479266101162903,0.09384740892857185,0.1753617313673854,0.000632598574073873,0.11473014211534371,0.001074398925493631,0.0007926961987491249,0.01002720507416367,0.0010137737903352212,0.0006260208267947397,0.002379418341810931,0.0006222223294113947,0.0006222223294113947,0.0031352519075237696,0.0025249321776261656,0.0006222223294113947,0.06765035069952993,0.15959477547658527,0.12915619414017715
SPEA2,0.18095555452183396,0.15313324187547123,1.1816869564414236,75.43330639846286,0.08691658409077051,0.007874024150162123,0.13805441930548878,0.0,0.0,0.0072723739040495014,0.09393141264941991,0.14231720512160737,0.0,0.06756846820427673,0.0,0.0,0.03958088842716329,0.0012524020098525434,0.0,0.0,0.0,0.0,0.0,0.0,0.0,0.1768465386624092,0.1294804178357798,0.10890526563902024
SPEA2,0.16034313536329217,0.14766958570838315,1.085823696153226,72.05514683938449,0.10400982986278441,0.018892964810518904,0.15567088512128902,0.00011348040946535345,0.00011348040946535345,0.011402904805225945,0.08209889788194476,0.15506286305800523,0.00011348040946535345,0.1086249346227039,0.00011348040946535345,0.00011348040946535345,0.00011348040946535345,0.013748621913681777,0.00011348040946535345,0.00011348040946535345,0.00011348040946535345,0.04605208982170076,0.00011348040946535345,0.0002635911549180517,0.00011348040946535345,0.06140759726333798,0.13919345514351514,0.10232308003625515
SPEA2,0.2011503329946232,0.1570385386102605,1.2808978915286504,73.05806738746395,0.10634184968461663,0.0,0.14807161622735834,0.0,0.0,0.0,0.07936534849284332,0.13465569870404456,0.0,0.1103886075973699,0.0,0.0,0.10878463755680802,0.0,0.0,0.0,0.0,0.010636175174313402,0.0,0.0,0.0,0.16989089788023942,0.13186516868240644,0.0
SPEA2,0.19125857486656295,0.15492686598275235,1.2345087706599276,73.08500470617734,0.12553944246796753,0.0,0.09229638592868043,0.0,0.0,0.04444218194663403,0.0,0.12639589463134387,0.0,0.08784139408205797,0.0,0.0,0.115190550361771,0.0,0.0,0.0,0.0,0.0,0.0,0.0,0.0,0.14932541306946734,0.11610427929401881,0.14286445821805907
SPEA2,0.188474999160529,0.1600157414725171,1.1778528626378912,77.38689089431656,0.06279443412672527,0.0,0.17084545675865956,0.0,0.0,0.09131818353319973,0.06216834206454878,0.15201102678873665,0.0,0.0998339179646635,0.0,0.0,3.3289500921164505e-05,0.01448962730954687,0.0,0.0,0.0,0.0,0.0007137758850899491,0.0,0.0,0.18489795526166855,0.1498352634077345,0.011058727398505322
SPEA2,0.16127580011588177,0.1587511838994067,1.0159029756784352,80.95154567117496,0.0005640834541050488,0.0005326610592409918,0.1361852360815426,0.0016684035634974743,0.0031695385909490006,0.09507966030903221,0.06673396937057495,0.15652737523660212,0.0005326610592409918,0.09270179662183171,0.0005326610592409918,0.0005326610592409918,0.0045989168069473394,0.0005326610592409918,0.0005326610592409918,0.0005326610592409918,0.0005326610592409918,0.0005326610592409918,0.0005326610592409918,0.0005326610592409918,0.0005326610592409918,0.18946358256769472,0.12563549004128002,0.1212800146450508
SPEA2,0.2102862689586047,0.1791547543282295,1.1737688444111236,75.55922733871492,0.00928448305820607,0.0027376210574945547,0.12680236062750075,0.051210482751979855,0.025385199543088308,0.10196003308755174,0.000712334355278316,0.1270770829403895,0.002514932959522293,0.0024963861884232824,0.0003745156042773453,0.0004942828061970727,0.18350574061417163,0.004208879647249449,0.000456213100766287,0.000375188152203092,0.00047090545581546017,0.005441994362610092,0.0005197648854802368,0.0008144743472563767,0.0004804623369151347,0.19767172351557233,0.14034993672410526,0.014655001877945483
SPEA2,0.22324840775432317,0.17626548261957115,1.2665463733257063,73.23546402378875,0.07362813432252568,0.0,0.13865469442181705,0.03903037557678172,0.0,0.08289005752045399,0.0,0.12956528445056012,0.0,0.007029128788620626,0.0,0.0,0.18643093766244645,0.0181371987571758,0.005249377491636158,2.656068651646666e-05,0.0,0.0,0.0,0.0,0.0,0.18679787040060922,0.13256037992085673,0.0
SPEA2,0.18903090347511775,0.1500460544050366,1.2598192216694006,65.04390666349613,0.1387771236736093,0.021377950396846777,0.04945417236063855,0.0,0.0,0.0402808927766398,0.07090782962783555,0.08969590651329216,0.0,0.08232619010095292,0.0,0.0,0.1399637411305924,0.01522182658409948,0.0,0.0,0.0,0.05125580213509945,0.0,0.0,0.0,0.08691751712321556,0.11050835618830145,0.10331269138887662
SPEA2,0.1662604190177594,0.14624668121187967,1.1368491759268313,67.83711861742131,0.10391696278406728,0.03060448582091418,0.05868070778470595,0.0,0.0006272925634687452,0.04943988917098315,0.08013436505190294,0.09892379367037002,0.0,0.08083350389018908,0.0,0.0,0.005444721841259251,0.02444836200816688,0.0,0.0,0.0,0.06708598888447842,0.0,0.0,0.0,0.10159396244839969,0.13395978186599797,0.16430618221509657
SPEA2,0.1930895622081632,0.1540342015182131,1.2535499279056683,71.45800475482412,0.10766810728567347,0.004703011300910512,0.06274465040457271,0.0,0.0,0.06423411417932576,0.0,0.11227497837481254,0.0,0.09518395575101385,0.0,0.0,0.09194026065956828,0.0,0.0021017166303729466,0.0,0.0,0.03299651823783124,0.0,0.0,0.0,0.1676877851061147,0.12366604921915934,0.13479885285064458
SPEA2,0.21431592704237723,0.1564672654794884,1.3697173423822144,66.72737278107138,0.14783262628090044,0.0,0.06251231137841493,0.0,0.012575141661081009,0.0939396387716563,0.029640354582503345,0.06002951297309941,0.0,0.08157698849645201,0.0,0.0,0.06123532744082941,0.00028210852448317216,0.0,0.0,0.0,0.05374587166095113,0.0,0.0,0.0,0.1848462059245998,0.1320944180842091,0.07968949422082003
SPEA2,0.20404812966119767,0.16354273293489013,1.2476746963891916,74.67920711332604,0.06653790909495995,0.0,0.1339548824378132,0.0,0.018483810069502685,0.08277625967367915,0.010378447044249462,0.12613097236147927,0.0,0.11132448208028374,0.0,0.0,0.14653509589440905,0.0,0.0,0.0,0.0,0.0,0.0,0.0034559890700691155,0.0,0.18045667463079046,0.11996547764276386,0.0
SPEA2,0.1497268720300292,0.14626060040149153,1.0236992848314763,71.80773994044092,0.12982988560150904,0.0006870528419407762,0.09370697508582697,0.05119619383574778,0.0073322904182968355,0.0016322053179252303,0.08174127893475905,0.1003152039043636,0.0,0.0930065952916011,0.0,0.0,0.0,0.01902407294060646,0.013853231928371033,0.004443185415568643,0.0,0.025310688214688872,0.0,0.0050047258437414845,0.0,0.0577515191008715,0.15601830034591432,0.15914659497826716
SPEA2,0.17206689849418663,0.15245775949126125,1.1286201441524488,76.47761185975553,0.07911146542792082,0.0,0.11514832460170903,0.0017833890131275468,0.0,0.04512888554431868,0.0718336996556194,0.12013783099083404,0.0,0.0948332074456228,0.0,0.0,0.010022481430972443,0.019719548819681725,0.0,0.0,0.0,0.0,0.0,0.0,0.0,0.18575192214720257,0.11242897479740747,0.14410027012558346
SPEA2,0.22579780013241352,0.1621050932004772,1.39290996769094,64.61404622094676,0.14267983357921776,0.0,0.0617885910982439,0.0,0.0,0.0780058070808679,0.06810259570508921,0.10073746015804774,0.0,0.06324895483374632,0.0,0.0,0.16617148428526943,0.0,0.0,0.0,0.0,0.062179633040202395,0.0,0.0,0.0,0.15149088125687762,0.1055947589624378,0.0
SPEA2,0.19177323854272071,0.1678156898247361,1.1427610776024903,77.8798530899523,0.0,0.0,0.1260017496102007,0.0027999351788913535,0.0015078294750357393,0.09154578723214257,0.0,0.13435770039199718,0.0,0.05227316090724871,0.0,0.0,0.1704689769382418,0.026611149658244408,0.0,0.0,0.0,0.0006727886067544611,0.0,0.0,0.0,0.18459643568837805,0.12152744549180185,0.08763704082106305
SPEA2,0.1362214635192656,0.15350900019814032,0.8873842142378557,79.9142300941169,0.0027988027029213656,0.0014996569416375746,0.08333520395973407,0.0586188171365896,0.0014996569416375746,0.06409782163050495,0.08322079098927815,0.13252543300845188,0.0008255286470105579,0.08531347189875477,0.0008255286470105579,0.0008493480030737085,0.002997634129464192,0.020550903005551648,0.0014996569416375746,0.0014711975143983725,0.0014923115023219272,0.0014996569416375746,0.0008255286470105579,0.0008255286470105579,0.0008255286470105579,0.12669769231663713,0.15960320480774123,0.16630109639297383
SPEA2,0.23436251375999168,0.1670230924758803,1.4031743173108582,66.02855081726852,0.14847853788110146,0.0,0.11936130957627385,0.0,0.0,0.04446718727587819,0.029298054877701925,0.054308946645180906,0.0,0.0021226206817491398,0.0,0.0,0.15928349696970748,0.013742166999870558,0.011249171711115658,0.0,0.0,0.04261683117874564,0.0,0.0,0.0,0.19166646578035473,0.11545229633993746,0.067952914082383
SPEA2,0.20850080153231632,0.15982285842369168,1.3045743493060238,71.38252617223502,0.10635816882277664,0.0,0.11350704381064483,0.0,0.0,0.04337083988561896,0.0,0.12063678434452402,0.0,0.044953825417441945,0.0,0.0,0.13106676306703566,0.0,0.0,0.0,0.0,0.03803836679381396,0.0,0.0,0.0,0.1796343119250145,0.09659362236566113,0.12584027356746827
SPEA2,0.14290909970906968,0.1446946654559417,0.9876597679586486,71.16660792343356,0.12595516634584966,0.02882245299042503,0.08217302098137313,0.04865172748527945,0.004787824067828508,0.0,0.07627328799749156,0.0992515156749392,0.0,0.09092335767479887,0.0,0.0,0.0,0.02788923728784166,0.011308765577902708,0.0,0.0,0.011308471162620777,0.0,0.0,0.0,0.05404675963695905,0.15351462536024488,0.1850937877564456
SPEA2,0.17826780995829844,0.1518734413547451,1.1737918649114003,74.1135559119659,0.12202861001444475,0.0,0.12206812420146566,0.0,0.0,0.04653896656402553,0.06596731490444277,0.10181821167643823,0.0,0.08552610056428331,0.002743780059726906,0.0,0.0,0.014893321216497774,0.0,0.0,0.006656063669191007,0.0,0.0,0.0,0.0,0.17078813022413442,0.11029447618523,0.15067690072011988
SPEA2,0.2192458180109132,0.1686315131678785,1.3001473680227633,72.83128440187544,0.09692032502265692,0.0,0.12398572843206941,0.0,0.0,0.07116443593192494,0.0,0.15140056422863074,0.0,0.0659999077146446,0.0,0.0,0.17875844872290225,0.0,0.0,0.0,0.0010507316002078269,0.0003562229922669175,0.003635963348532337,0.0,0.0,0.1853324915714832,0.1213951804346808,0.0
SPEA2,0.15216813742175586,0.16157774344599923,0.9417642193561878,81.97649046817749,0.0020361038020471948,0.00047552260701090625,0.11447812595128708,0.0425415764889537,0.0010006818530725265,0.07615455787649225,0.0010006818530725265,0.1628772711105388,0.0010010919370532507,0.09689882612742247,0.0020942226682576226,0.0010002828955523952,0.0034069750313697788,0.022759296691874806,0.0009953368985641151,0.00047061590176951916,0.01573490159669162,0.00048767384598087004,0.0010006818530725265,0.0004828272619842994,0.001057199241029761,0.1799673804159236,0.11693448256901642,0.15514368352196192
SPEA2,0.14545786353330487,0.1467782504303,0.9910042060514809,72.64930713233943,0.13091749919568224,0.001774666436113978,0.09479458868000018,0.052283807429920975,0.008419904012470038,0.002719818912098432,0.07759986332130661,0.10140281749853682,0.0010313802379715077,0.09409420888577431,0.0010618020893661806,0.0010313802379715077,0.0010313802379715077,0.02011168653477966,0.014940845522544237,0.005530799009741846,0.0010313802379715077,0.005887816398348281,0.0010313802379715077,0.006092339437914687,0.0010313802379715077,0.0588391326950447,0.1571059139400875,0.16023420857244036
SPEA2,0.19213544358451512,0.15143152907714463,1.2687941854343587,67.55211428701936,0.14932872311482248,0.0,0.06624671115190116,0.0,0.005041291298903292,0.01778782759711615,0.07614273407768862,0.09673978122734646,0.0,0.09623603953965354,0.0,0.0,0.16160123985467392,0.01902060018585099,0.0021847403421949925,0.0,0.0,0.017833020291230357,0.0,0.0,0.0,0.08756762924952452,0.13376363036610847,0.07050603170298497
SPEA2,0.16111471013977138,0.15641013416152938,1.0300784600912334,79.6476441760335,0.048908360743809345,0.0,0.10807535923098327,0.05213680827890386,0.0,0.0677397699749882,0.0,0.1260655226118781,0.0,0.09393498595268827,0.0,0.0,0.0,0.0,0.0,0.0,0.007546973655226384,0.0,0.0,0.0,0.0,0.17082335354942452,0.15260202150721117,0.1721668444948868
SPEA2,0.1715535417449933,0.15082416536464283,1.1374406835286224,74.45858935249765,0.11436290784046618,0.0,0.09184450938981477,0.03749552034653414,0.0,0.0711753442727283,0.05872574954254348,0.1112546652502689,0.0,0.07732069995341016,0.0,0.0,0.0,0.0,3.6441945821235594e-05,0.0,3.35463621749259e-07,0.0007398244325322424,0.0,7.550107917474174e-06,0.0,0.14348517961958027,0.14204930544519007,0.15150196638957106
SPEA2,0.15046826244333628,0.1472682876309822,1.0217288790671106,74.34892127926602,0.10818948587430771,0.0,0.12280806835187752,0.009438972790948196,0.0,0.08792460398272162,0.07911842899464006,0.1277934147686547,0.0,0.10015744197905131,0.00022156069627964268,0.0,0.00365332847874214,0.027010909090086535,0.0,0.0,0.0,0.0,0.0,0.0,0.0,0.04768190011862885,0.13424603097065754,0.1517558539034041
SPEA2,0.2247200971218366,0.1666351045167152,1.348575966472268,70.36999748326046,0.10111046591261373,0.0,0.11929029759581496,0.0,0.0014802826855845092,0.04252774239901153,0.0,0.13655769331714854,0.001343925921234539,0.004479689545460317,0.0,0.0,0.1635809975793051,0.0,0.0,0.0,0.0013720295106255174,0.04284046017411608,0.0,0.0,0.0,0.18754951432136502,0.11634576172272502,0.08152113931499529
SPEA2,0.2271748120753665,0.16331544237057957,1.3910185636939552,67.40196986462433,0.13958560408146783,0.0,0.05199164614543151,0.0,0.004328119461648413,0.08569261657222371,0.01980972279478022,0.13100327292648334,0.0,0.07332996629701942,0.0,0.0,0.1527042591260985,0.00610255038578487,0.0,0.0,0.0,0.03478982900304008,0.0,0.0,0.0,0.17681501732124566,0.12384739588477651,0.0
SPEA2,0.17771395298818266,0.15007732287294415,1.184149274428594,71.1461792919461,0.10982103092561755,0.03164587498388504,0.05662750662749443,0.0,0.00423248715524702,0.09116998697749544,0.07964147249870848,0.09691411537363166,0.0,0.08864171537844012,0.0,0.0,0.002763147479742135,0.009638498933484443,0.00633251264028112,0.0,0.0,0.0,0.0,0.005604687615910727,0.0,0.18075813276980265,0.12268215435404979,0.11352667628620952
SPEA2,0.16337355300426587,0.1485937139561832,1.099464766406208,73.04029623648479,0.12218559403638166,0.0,0.069813795559058,0.0435519022706204,0.0,0.08824184344139757,0.07409698736963166,0.09165911302945572,0.0,0.08536230372647372,0.0,0.0,0.0,0.011379781375479082,0.006208940363243655,0.0,0.0013422194251641302,0.0,0.0,0.0,0.0,0.11279157520066838,0.1418636407892862,0.1515023034131398
SPEA2,0.23135121569543332,0.16823183847725448,1.375192815994297,69.35344019701103,0.11261047056753774,0.0,0.12399454503022984,0.0011910410708417573,0.0,0.07793444972001451,0.0003840123869788118,0.13337633352412936,0.0,0.051535510445369845,0.0,0.0,0.16373123103742215,0.0,0.0,0.0,0.0,0.044574257806806725,0.0,0.0,0.0,0.18641594973006115,0.10250819757848198,0.001744001102126142
SPEA2,0.1605677840544501,0.14887982830414423,1.0785059727932298,74.716693183742,0.10426429476036958,0.009067345852992785,0.08273429401660903,0.0,0.0,0.07544391889130315,0.06454286656518808,0.14503406085688073,0.0,0.10770604945732853,0.0,0.0,0.0,0.0009291958593035567,0.008828770962928513,0.0,0.0,0.0,0.0,0.0,0.0,0.12415410320714339,0.12345436566979524,0.1538407339001574
SPEA2,0.2171467639346907,0.17014431535664412,1.276250478774583,74.55390287665259,0.09521025120908748,0.0,0.15578581288388263,0.028486829630965743,0.0,0.08003493009065647,0.0,0.15010462088346196,0.0,0.0,0.0,0.0,0.09388421670651745,0.0,0.0,0.0,0.010354721326416105,0.0,0.0,0.0,0.0,0.18937930294751018,0.15339671131033863,0.04336260301116336
SPEA2,0.20799587884176507,0.16043571149148833,1.2964437712036447,73.4942281158195,0.09375117338830065,0.019481999813277362,0.16198172805642658,0.0005104233799386712,0.0,0.06183054768296914,4.547353329658087e-05,0.14134821405285797,0.0,0.09998424922674984,0.0,0.0,0.06403975233863696,0.0,0.0,0.0,0.0,0.01597134713532747,0.0,0.0,0.0,0.19002562334795414,0.15003225493592914,0.0009972131083355051
SPEA2,0.1852886997379687,0.16136655035690434,1.1482472626957339,77.80509320059599,0.0005053689522388652,0.000578964343196719,0.1923995352922148,0.0006140906853888447,0.00047937407254378226,0.00021325956968540924,0.006331748455289915,0.12369529752300834,0.00045974480407601367,0.08651170053826965,0.002175732181152751,0.0005070054022154556,0.0977199729319187,0.010356223439529296,0.0005288280807392357,0.0005071064134778535,0.007785013514453473,0.05138687864234777,0.0,0.0019666788553929127,0.0005030801316007851,0.1882958058233173,0.13741519593732435,0.08906339441061774
SPEA2,0.21494127618447978,0.17372209612186967,1.2372707961898755,75.05114195343887,0.08738312182402283,0.0,0.16736429880056955,0.011283994413805683,0.0,0.06301466179244669,0.002523415878002002,0.14551633759822827,0.0,2.217729466004936e-05,0.0,0.0,0.10722626741549406,0.0,0.0,0.0,0.05012402820277643,0.0,0.0,0.0,0.0,0.18705070471901628,0.13974629702098224,0.03874469503999591
SPEA2,0.21996662802506686,0.17806435682201502,1.2353209364911555,73.98884043520744,0.10615259287191949,0.00025704514604835355,0.16269297090011117,0.00027106228757655,0.00014634215068612324,0.05898240332503212,0.0012198356794500455,0.15038024202352754,0.00032881421205219923,0.00735062123903284,0.00014550685936555062,0.00021188837876366082,0.10255388907578032,0.00457583701925271,0.0007597030625747627,0.00023389366346240713,0.07893859122133585,0.00013455964843177385,0.00012857476361449976,0.0018557007072963249,0.0001817131191562174,0.18738620841096953,0.1334173937518244,0.0016946104827355924
SPEA2,0.16223812693068568,0.17095642697128785,0.9490027944836118,82.00023580383206,0.0006729149889321378,0.0011033127680328486,0.15261800856389546,0.001840194497120703,0.001542319458691796,0.052881246589723825,0.0026862230817748215,0.14881703362618068,0.0019434283147446861,0.11207555594583667,0.001444461355131363,0.0019790184880161235,0.012486190499576172,0.002215581372799725,0.0019790184880161235,0.0019783500371447203,0.09022517366143029,0.001636811873833074,0.0006627086843836164,0.02697959246235008,0.0006657813384968387,0.1874994409438499,0.14799562483883488,0.04607200812120349
SPEA2,0.19958353362829512,0.1718590600020486,1.1613209895708498,76.844830772312,0.04418633936913992,0.012732958432263878,0.1625234196954617,0.01114475240390629,0.0006877113374110903,0.05190275348456787,0.000641197189843999,0.1546191364007234,0.000641197189843999,0.000641197189843999,0.000641197189843999,0.000641197189843999,0.0968912151375068,0.000641197189843999,0.000641197189843999,0.000641197189843999,0.05070213720079,0.0006415367596170348,0.000641197189843999,0.000641197189843999,0.000641197189843999,0.18655046073921636,0.15692740221032997,0.0634370077407818
SPEA2,0.17770742022781882,0.16923229659473327,1.0500798240266234,80.61551213617994,0.008118403472904332,0.0,0.1481518770641444,0.0,0.0,0.04841511508997271,0.0,0.14435090212642962,0.0,0.10948829103462883,0.0,0.0,0.09110699636185339,0.0,0.0,0.0,0.08163824660976551,0.0,0.0,0.0,0.0,0.18359479827976505,0.14352949333908382,0.041605876621452376
SPEA2,0.19169494719036612,0.16238724535553656,1.1804803189478472,78.2792032578996,0.04105003704069758,0.0003980419927635239,0.15964760187348082,0.0012367747369004204,0.0005410173317888329,0.04903222636715003,0.0038900579679719614,0.15796352430849783,0.0005010130950990161,0.14021574772519108,0.0005010130950990161,0.0005191922602821806,0.10512351537995493,0.002067383893553366,0.0005010130950990161,0.0005163537505429418,0.0003779860705930225,0.0005010130950990161,0.0005009149940272655,0.0005010130950990161,0.0005010130950990161,0.1878005452867275,0.14558640760919442,0.0005265928400882205
SPEA2,0.22187468028103557,0.17106160925535802,1.2970454402181182,72.29975964442991,0.10790750123715402,0.0028555559898565007,0.163483158117586,0.0007726304980966307,0.0028848355142986636,0.06499460531975951,0.0011194495138275552,0.1642315012010687,0.0028848355142986636,0.0014984844436135116,0.0028848355142986636,0.0028930439760502876,0.10726840996211626,0.0028848355142986636,0.0028848355142986636,0.0007466146273019139,0.004508408034149018,0.007145018506709211,0.0028848355142986636,0.001728367021862222,0.002802024110561517,0.18061081166725934,0.15689667398149215,0.011228728705743554
SPEA2,0.1467815560698044,0.14487520926438807,1.013158543929606,71.78716523309275,0.09778197909791898,0.028024978182341436,0.15879463601089752,0.0,0.0,0.0,0.1253387121030982,0.08116492743484438,0.0,0.10561378750337844,0.0,0.0,0.052770883822384124,0.04109503619011223,0.0,0.0,0.0,0.0,0.0,0.025814426806760892,0.0,0.034598738472797694,0.14983266363163913,0.09916923074382684
SPEA2,0.2198983298063191,0.16409080864183734,1.3401014452082651,70.91085207206883,0.10400835078528678,0.01093573311459084,0.1886651941281747,0.0,0.0,0.03842664854253584,0.0032367264076013642,0.11474163999774588,0.0,0.0,0.0,0.0,0.09258926690096365,0.0,0.0,0.0022836529211453164,0.0,0.04598279559196349,0.0,0.0,0.0,0.18292631215336713,0.1323518335750038,0.08385184588162127
SPEA2,0.23512174294712063,0.17019955485815239,1.3814474611468617,67.09879741335058,0.11218794636746408,0.003628119122168021,0.16662546766448103,0.0014824944579369195,0.0010424149919363627,0.07680768679168302,0.0019128125930195047,0.09897030995687449,0.0009906174212953344,0.0068006368823402535,0.0050362357565115826,0.0009906174212953344,0.09405013424989432,0.0039003873877720523,0.0010041391213799417,0.0035072087794693787,0.0015171935534515882,0.0782639749536959,0.0014824944579369195,0.0009930935874174177,0.0015838295001830843,0.18121236313220143,0.15396930406828951,0.002040517781302437
SPEA2,0.13273825289285832,0.1447152740715875,0.9172373389362867,73.22942995862743,0.055222595446365166,0.023600540363397645,0.15078877397197854,0.0,0.0,0.04942822822392956,0.12201753734029473,0.07803799079066347,0.0,0.16315388655470844,0.0,0.0,0.04630877529896406,0.033850539824895824,0.0,0.0,0.0023338012521597735,0.019297390331237802,0.0,0.0,0.0,0.01034137286837782,0.14940114015307193,0.09621742757995523
SPEA2,0.2167430737288759,0.16609741146427356,1.3049154217282664,73.78290732627096,0.09814167887528677,0.0,0.1333765925143715,0.0,0.0,0.08478284029737043,0.0,0.13272984504893898,0.0,0.0,0.0,0.0,0.09248071815317298,0.0,0.0,0.0,0.013009922909939053,0.0009449159390158701,0.0,0.0,0.0,0.19241499528506387,0.17286973458690477,0.0792487563899357
SPEA2,0.22581242173965407,0.16624093337511497,1.358344284738337,69.83403006795075,0.10354758947367693,0.0,0.15885905169241102,0.0,0.0,0.03087083112033004,0.0,0.15310468053299303,0.0,0.0,0.0,0.0,0.0992259524277134,0.0004532086364653075,0.0,0.0,0.0,0.08039015759670332,0.0,0.0,0.0,0.18354993146141413,0.11466495539981011,0.07533364165848265
SPEA2,0.14359031058200616,0.1501344455742175,0.956411501922946,78.00794591824106,0.042849426610575815,0.0015765893649189306,0.12931439418302548,0.002696836853596674,0.0015765893649189306,0.044222320706790184,0.11843380992562047,0.14179181499536214,0.0015765893649189306,0.15298004835673631,0.0015765893649189306,0.0015765893649189306,0.009127175316765901,0.0015765893649189306,0.0015765893649189306,0.0015765893649189306,0.0015765893649189306,0.0015765893649189306,0.0015765893649189306,0.0015765893649189306,0.0015765893649189306,0.11604498752643015,0.13080729371416644,0.0912362300669843
SPEA2,0.2009925240986741,0.15556320292361117,1.2920312793853368,70.55506244470266,0.08642869515431797,0.005705281925662286,0.12690009603173966,0.0,0.0,0.0013197682472384565,0.0934634925108212,0.13947121483446406,0.0,0.07649935784537554,0.0,0.0,0.05945059729707439,0.0,0.0,0.0,0.0,0.06922369504867751,0.0,0.0,0.0,0.1725431045059644,0.14220969868073954,0.02678499791792489
SPEA2,0.2006599711774095,0.15467918160550617,1.2972655343443227,71.98400921486606,0.10342211232486463,0.0,0.12605929973244492,0.00023794954975805637,0.0,0.009047721686231958,0.0468610070902106,0.10660672606995672,0.0,0.15386707063902488,0.0,0.0,0.08590171789409222,0.0,0.0,0.0,0.0,0.03813271888113609,0.0,0.0,0.0,0.17843414773414146,0.15142952839813845,0.0
SPEA2,0.17582278714062594,0.1585119091815929,1.109208690049916,78.65268662946781,0.0,0.0,0.14153235822244523,0.0,0.0,0.05472003641326602,0.0,0.13380473299114892,0.0,0.15113758824509835,0.0,0.0,0.09965923573213278,0.0,0.0,0.0,0.0,0.03420067694708502,0.0,0.0,0.0,0.17168989222966366,0.14671385384313418,0.06654162537602594
SPEA2,0.20388844493443817,0.15824738602555982,1.288415878803246,74.06513130359184,0.10317337940419477,0.0,0.1307226416939188,0.0,0.0,0.0653594057963869,0.0,0.11851385160702038,0.0,0.15075785173598463,0.0,0.0,0.08598844924089051,0.0,0.0,0.0,0.0,0.00776946592129716,0.0,0.0,0.0,0.1858259355668603,0.15188901903344654,0.0
SPEA2,0.17255870330217837,0.16736649160751332,1.0310230061274221,80.96597491657518,0.0058312405759782995,0.0,0.14492017063065332,0.0,0.0,0.037245438195113556,0.0,0.14172041154212955,0.0,0.10685780045032878,0.0,0.0,0.089366554491535,0.0,0.0,0.0,0.07888317295059444,0.0,0.0,0.0,0.0,0.18096430769546498,0.14089900275478376,0.07331190071341828
SPEA2,0.16888167996415274,0.1589633018313545,1.062394137631343,80.26698337042174,0.01726891259148553,0.0019111973064409758,0.14384805422407476,0.0012614170527861293,0.0011615049685813818,0.060168914032373566,0.0037181904338716397,0.1505685078768956,0.0006578526710929142,0.14643492808449324,0.000626426483474933,0.0011808571471091753,0.047945588446698786,0.005678420603289433,0.0011615049685813818,0.001127772377726015,0.0011615049685813818,0.005155913202328769,0.0006050966710408322,0.0007049109819424511,0.0011615049685813818,0.18966793565323403,0.12899489546593287,0.08782818881938279
SPEA2,0.16851081300974957,0.1460633855549811,1.153682782098179,65.82638030831495,0.08720074209908377,0.036139058786921745,0.0418754882341741,0.0,0.0,0.0726093478741464,0.1179384395416168,0.09538153694218676,0.0,0.11313388165055231,0.0,0.0,0.06849915850398583,0.027908142366176017,0.0,0.0,0.0,0.06704995260508695,0.0,0.01741167290864322,0.0,0.06952608952310223,0.14400436897899319,0.04132211998533072
SPEA2,0.15957621242001907,0.1478370480740702,1.0794061062425113,72.67799614389014,0.0959493397467464,0.001168895008379399,0.13310312366039198,0.00311593486305532,0.002844868771962456,0.059224334745974466,0.10892347531575959,0.13352124447973332,0.0005899701934520461,0.09933873783381932,0.00046402347693848245,0.0013600381467029506,0.05906025045826976,0.0014212049011951937,0.00046402347693848245,0.00046402347693848245,0.001323010491222125,0.016457556120352056,0.0013810752074795611,0.0013600381467029506,0.00138789334630438,0.04300546181802459,0.15036950581713643,0.0837019704965203
SPEA2,0.15673008868047586,0.15492855161166316,1.0116281798937121,80.13222026418174,0.0,0.0,0.1563250307524151,0.0,0.0,0.037277417869616206,0.10555157260112766,0.1080232949897843,0.0,0.1596661193003785,0.0,0.0,0.050796905741829344,0.0,0.0,0.0,0.0,0.002926412873202459,0.0,0.0,0.0,0.1738844705684048,0.1333661078097394,0.07218266749350216
SPEA2,0.19337058737140705,0.1515878683960275,1.2756336599853826,67.24996659282846,0.09807972259445544,0.032554085285407146,0.13410695094457936,0.0,0.0,0.0,0.09496056425611837,0.08128123169356183,0.0,0.13359298208164355,0.0,0.0,0.08903885127662928,0.0,0.0,0.0,0.0,0.07096129746421304,0.0,0.0,0.0,0.14154189259554265,0.12388242180784925,0.0
SPEA2,0.19715092539263201,0.1602911108236775,1.2299554503025487,76.2655524505368,0.07203103775399217,0.00025214852632374007,0.16303741617142145,0.00025214852632374007,0.0005888934306456351,0.07357144787178703,0.008690280769559073,0.13648805339175785,0.00025214852632374007,0.0838786282013604,0.0024657140032802345,0.00025214852632374007,0.08232948681481801,0.00025214852632374007,0.00025214852632374007,0.00025214852632374007,0.00025214852632374007,0.00025214852632374007,0.00025214852632374007,0.00025214852632374007,0.0002528913001572328,0.1808340919215721,0.1372087157046245,0.05584970887546324
SPEA2,0.12736663417452854,0.14466528974581075,0.8804229017086447,72.07948045105294,0.06113413060458093,0.026470498917962982,0.13683740764450583,0.0072471260026583575,0.0030834442124698875,0.005492446716816017,0.12488749589486006,0.0809079493452288,0.0028699585545653365,0.1660238451092738,0.0028699585545653365,0.0028699585545653365,0.04848026363964674,0.03672049837946116,0.002875845209091977,0.0028699585545653365,0.00520375980672511,0.022150322340941688,0.0028699585545653365,0.0028699585545653365,0.002878556967819888,0.013211331422943158,0.15227109870763728,0.08690422774998434
SPEA2,0.15830176246210967,0.14565125817295624,1.0868547546230694,70.3631363951192,0.10198520583219205,0.02470942077057164,0.1311801217416713,0.0012199272324462439,0.0012927992285689692,0.0343173133993439,0.12412338430981401,0.1166966924720726,0.00018011306993056094,0.10487623387236257,0.00018011306993056094,0.00018011306993056094,0.0310406312837114,0.001257864779814406,0.00022168365578447165,0.00021649579961541095,0.00018011306993056094,0.037424663640057275,0.0012589095474212246,0.0012777930350585233,0.00018011306993056094,0.06386880447395825,0.1209031651628517,0.10122832441303124
SPEA2,0.18843429310370075,0.15125050545381546,1.2458424025646606,69.60770338496029,0.08198996578874919,0.02780223133933063,0.13103419555137574,0.0,0.0,0.050324506256184794,0.10643498653841509,0.08058925714836458,0.0,0.07250024996709177,0.0,0.0,0.05175329447914195,0.0,0.0,0.0,0.0,0.046799563103072365,0.0,0.0,0.0,0.15395536221426995,0.13495552591370547,0.061860861700298454
SPEA2,0.14187958342952167,0.14510825648510386,0.9777499011166629,73.15561623523627,0.09131690397384698,0.027291887033813658,0.16130425552394734,0.01062257100551783,0.0,0.0009605071479617799,0.12398699814581318,0.08101418779498193,0.0,0.16365173659526866,0.0,0.0006950398130286455,0.004299272180894064,0.0,0.0,0.0,0.0,0.019994580342951946,0.0,0.0,0.0,0.06808034390443965,0.13326863559988852,0.11351308093764581
SPEA2,0.14353920921116753,0.14663918347139357,0.9788598505062545,74.55431159142623,0.058524464076074846,0.015146989886001943,0.14131889801184444,0.0,0.0,0.04421284726230452,0.11215406975659864,0.11734550282910072,0.0,0.1591979531287747,0.0,0.0,0.09522971821856155,0.0,0.0,0.0,0.0,0.007067816074621981,0.0,0.0,0.0,0.03042752393988985,0.13952282766697177,0.07985138914925483
SPEA2,0.16253893715787726,0.15945168529396986,1.0193616759723527,81.25516704262792,0.015611079475804536,0.0010678345077317886,0.14321138929315358,0.0017626473588148105,0.0005248400376601693,0.06266921785589963,0.0026481475199227472,0.14993184294597442,0.0005248400376601693,0.14542040494214567,0.0014304627890687166,0.0005255782073759767,0.012481508467298614,0.005141513075361428,0.0019140616074166637,0.0005248400376601693,0.0005248400376601693,0.0015684809708831247,0.000529986583372377,0.02785867184552877,0.0005266413615425482,0.18903127072231285,0.1473783764312895,0.08719152388846156
SPEA2,0.1344161479282796,0.1466717938763057,0.9164416986788764,74.84779021988194,0.04623558107232166,0.019184143284641023,0.16442221857075176,0.0,0.0,0.04725703064233847,0.1248992719482248,0.11770123248384697,0.0,0.16039061893039303,0.0,0.0,0.07184038557653359,0.0,0.0,0.0,0.0,0.01612818554926052,0.0,0.0,0.0,0.006107111178264793,0.14288456221360274,0.08294965854982071
SPEA2,0.19451600050387766,0.1569024888222963,1.2397253986466807,74.80257537251077,0.0927803067990245,0.018857861167691232,0.16101086146715043,0.0,0.0,0.0036342922833607345,0.0,0.14037734746358183,0.0017125427509539532,0.17027323014411963,0.0,0.0,0.06306888574936081,0.0,0.0,0.0,0.0,0.015386697712538892,0.0,0.0,0.0,0.189054756758678,0.1438168711844806,2.6346519059358583e-05
SPEA2,0.13902006538666903,0.14732695657334377,0.9436159452425849,76.09798668023453,0.04135729670242552,0.005240313789281065,0.13918122546008652,0.010752699015468652,0.0009811715181961807,0.0010939630746409595,0.11024264600747022,0.1281232353495441,0.0009811715181961807,0.1514323468542832,0.0009811715181961807,0.0009811715181961807,0.013936143598704407,0.0009811715181961807,0.0009811715181961807,0.00243245957863709,0.0009811715181961807,0.03926613280060486,0.0009811715181961807,0.0009811715181961807,0.0009811715181961807,0.076779086072968,0.15579764591294498,0.11455309060097868
SPEA2,0.1502769173395066,0.15503711584254992,0.9692963941107006,81.27562073158428,0.0,0.0,0.1432260759747713,0.00170273751015252,0.0,0.05213237730550031,0.10510131495827604,0.13079263992547804,0.0,0.16064903081221746,0.0,0.0,0.0,0.0,0.0,0.0,0.0,0.0,0.0,0.0,0.0,0.1771924524679568,0.1430687766673134,0.08613459437833414
SPEA2,0.2058588587417497,0.15552501970963628,1.323638210276946,69.37699402287733,0.100124779735809,0.0,0.12276196714338929,0.0,0.0,0.009891047176029896,0.04356367450115496,0.08696043943834925,0.0,0.15056973804996923,0.0,0.0,0.08260438530503658,0.0,0.0,0.0,0.0,0.08045105284738659,0.0,0.0,0.0,0.1749407199937924,0.1481321958090828,0.0
SPEA2,0.17703379165117605,0.14833740718448243,1.1934534586478571,70.85401469882143,0.09441984100976095,0.019244869088798886,0.12244255822118374,0.0,0.0,0.03367865891388606,0.09787762428788334,0.0715546289507211,0.0,0.15156627568995804,0.0,0.0,0.04319593222861021,0.0,0.0,0.0,0.0,0.038311331358669425,0.0,0.0,0.0,0.14539799996373823,0.1290067808370234,0.053303499449766714
SPEA2,0.16188612286435566,0.145159222642168,1.1152313984445974,66.28987501466077,0.08769586004261526,0.03663417673045324,0.04237060617770559,0.000495117943531492,0.000495117943531492,0.03173510796452772,0.11477281595808252,0.09504302012963765,0.000495117943531492,0.1136289995940838,0.000495117943531492,0.000495117943531492,0.06899427644751732,0.02840326030970751,0.000495117943531492,0.000495117943531492,0.000495117943531492,0.06723575032469946,0.000495117943531492,0.01790679085217471,0.000495117943531492,0.06956717484553515,0.14443284651714022,0.07662813467080484
SPEA2,0.15731479853312574,0.1482012539722709,1.0614943822442962,76.17063400395783,0.0684768068965306,0.0,0.13752847985211594,0.0,0.0,0.0,0.11099981681212485,0.13026875133379684,0.0,0.1497308137234287,0.0,0.0,0.07063839721965498,0.0015458898407339217,0.0,0.0,0.0,0.005223934565249931,0.0,0.0,0.0,0.10434166253933888,0.137145275974988,0.08410017124203739
SPEA2,0.1536686412937085,0.15010798609838225,1.0237206246507935,77.2940210359716,0.037938522417221995,0.0,0.12439549107095568,0.0,0.0,0.03925551256834349,0.11351490681355066,0.12590790182285289,0.0,0.14806114524466651,0.0,0.0,0.08760139349727508,0.0,0.0,0.0,0.0,0.0,0.0,0.0,0.0,0.11112608441436034,0.12588839060209664,0.08631065154867681
SPEA2,0.1270356579377853,0.15075765899739288,0.8426481200532716,80.27371031182952,0.013126671755359871,0.008580644698100045,0.13441598802711574,0.029677286503125788,0.0009610976569836377,0.0036603051118008823,0.11261573172602235,0.1414025818821475,0.0009610976569836377,0.16582289892065288,0.0009610976569836377,0.0009610976569836377,0.006853566141153463,0.0009610976569836377,0.0009610976569836377,0.0009610976569836377,0.0009610976569836377,0.0010888641680983312,0.0009610976569836377,0.0027070069531324793,0.0009610976569836377,0.1018372931655087,0.15253280948004044,0.1160673748979052
SPEA2,0.19484205709791874,0.17917198591324565,1.0874582658935337,78.65043040840047,0.009758305868805283,0.0014159094730875161,0.1491316175926461,0.001972759289387743,0.0014159094730875161,0.0852957475806089,0.0014159094730875161,0.15142205483744664,0.0014159094730875161,0.0027541873848644432,0.0014159094730875161,0.0014159094730875161,0.0924817633765187,0.0014159094730875161,0.0014159094730875161,0.0014159094730875161,0.08313102176883885,0.0014159094730875161,0.0014159094730875161,0.0014159094730875161,0.0014159094730875161,0.19104371506209267,0.17168338679483636,0.04291861729381657
SPEA2,0.18580892633412316,0.1515417545178663,1.226123631241295,71.26829862743355,0.09229730355761882,0.0,0.1496267936318867,0.0,0.0,0.00896379182147632,0.07606535971182561,0.06540321742872193,0.0,0.13894974708056218,0.0,0.0,0.05398426709580004,0.0,0.0,0.0,0.0,0.0653050196003836,0.0,0.0,0.0,0.161613555665323,0.10951859447818867,0.07827234992821298
SPEA2,0.15057039115336568,0.16474952635705029,0.9139351989822712,83.19949876701901,0.0,0.003098039597116111,0.12582923997860937,0.028739164679800068,0.0,0.041072134270731434,0.0,0.15416494665566408,0.0,0.14099256122178866,0.0,0.0002673041500722376,0.0011728959546232144,0.0,0.0,0.0,0.07212722170479871,0.0,0.0,0.0009713777134852587,0.0,0.18399978258208768,0.1388907720347307,0.10867455945649251
SPEA2,0.17719603118547694,0.1499425214596434,1.1817597133923665,73.71130633489221,0.10173857010001251,0.0,0.12443134371341182,0.0,0.0,0.04428748835671505,0.08700267964708305,0.10189187807846739,0.0,0.12998424437727107,0.0,0.0,0.07923271847447552,0.0,0.0,0.0,0.0,0.0,0.0,0.0,0.0,0.1301312327374039,0.13070957525690716,0.0705902692582524
SPEA2,0.1921512655492463,0.15431129849294895,1.2452183827487293,72.37776752378086,0.07502938791595472,0.0009978900302090531,0.14325994258408067,0.0,0.0,0.026325315235966068,0.07530666843427693,0.12262642858051204,0.0,0.1478244956133564,0.0,0.0,0.045317966866291026,0.0,0.0,0.0,0.0,0.06594211456233406,0.0,0.0,0.0,0.17130383787560824,0.12606595230141085,0.0
SPEA2,0.16811946751370388,0.14657947943641791,1.1469509112742442,69.86541333600275,0.09135652714724525,0.020549670534220313,0.04768316812943627,0.0,0.0,0.02080927828129117,0.11890121315396475,0.07198622139341065,0.0,0.1619930941793877,0.0,0.0,0.07314785906995772,0.0,0.0,0.0,0.0,0.03581142609047005,0.0,0.0,0.0,0.13971484485322155,0.13386669002150295,0.08418000714589152
SPEA2,0.21405938546577408,0.1593336194683221,1.3434665338053922,70.09645914562596,0.09786836309987854,0.0003442350811629578,0.15105138982848623,0.0003442350811629578,0.0003442350811629578,0.0451091415303364,0.0003442350811629578,0.08583010991590949,0.0003442350811629578,0.08877543104151557,0.0003442350811629578,0.0003442350811629578,0.052849144188588555,0.006610088875390812,0.0003442350811629578,0.0003442350811629578,0.0003442350811629578,0.07909580460718137,0.0003442350811629578,0.0003442350811629578,0.0003442350811629578,0.19059301231323778,0.15466279077889886,0.043079667765458095
SPEA2,0.13298724036354392,0.14965720133809052,0.8886123699661636,79.29875270704898,0.010309958862692441,0.014413749835718758,0.13007362913969933,0.01010249127989785,0.0,0.0008435922191334526,0.12128970332117565,0.13858586898948005,0.0,0.16300618602798544,0.0,0.0,0.04934794545093168,0.0,0.0,0.0,0.0,0.0,0.0,5.229450289366222e-05,0.0,0.09902058027284127,0.14970333809231257,0.11325066200523777
SPEA2,0.1750331819580389,0.1615214441273265,1.08365290382162,79.71559326076381,0.03243530608570469,0.0008453103329424776,0.15077295608963642,0.006209583187200753,0.0,0.04015172020113264,0.0,0.14286810311728815,0.0,0.14747866945562363,0.0,0.0,0.08514018185407157,0.0,0.0,0.0,0.03895110391735476,0.0,0.0,0.0,0.0,0.17479942745578111,0.128661663845917,0.05168597445734657
SPEA2,0.16776850529804932,0.14864660329221357,1.1286400199017355,73.36939758945441,0.07513825861329054,0.019269104236272133,0.1410021424878229,0.0,0.0,0.0,0.11449177316340663,0.08033436613328723,0.0,0.14997215536422684,0.0,0.0,0.044571698706758346,0.0,0.0,0.0,0.0,0.025047162805394065,0.0,0.0,0.0,0.15888496555179277,0.11011954413201283,0.08116882880573573
SPEA2,0.1823576519506196,0.15022429049255753,1.2139025676387136,71.35278370686396,0.1323336513374796,0.015207384384463417,0.1250502326069018,0.0,0.0,0.06153819236529049,0.04475430867832481,0.07930186149219082,0.0,0.06967787550272536,0.0,0.0,0.045810520457955396,0.0,0.02271356681809466,0.0,0.0,0.0,0.0,0.0,0.0,0.13256753927878556,0.1412455932823321,0.12979927379545594
SPEA2,0.2115546779869596,0.16229925883130705,1.3034851761513486,73.35658601468418,0.1209407198802358,0.0008233562402156911,0.1282585571143535,0.005844136213246908,0.0,0.07543641767217046,0.0,0.14174910133783908,0.0,0.0,0.0,0.0,0.07697316224336692,0.0,0.0,0.0,0.0,0.0,0.0,0.0,0.0,0.1871042871614809,0.1385506381416415,0.12431962399544924
SPEA2,0.22332645275962232,0.1604793174842602,1.3916214018141382,68.11247769155348,0.14065434018482878,0.0,0.11418708634730837,0.0,0.0,0.07582313235761858,0.03279016318887546,0.12306567651130577,0.0,0.06710341078247613,0.0,0.0,0.07477077119406814,0.0,0.0,0.0,0.0,0.0528063461602062,0.0,0.0,0.0,0.16874784895170528,0.14889117753766795,0.0011600467839392625
SPEA2,0.2209899098362659,0.1586499798228266,1.3929400437558064,65.58320270072645,0.14974433515061006,0.0029524265391186254,0.04241280248533972,0.0,0.0,0.08039037071760297,0.03981383565228538,0.1282848865217063,0.0,0.08067034428755217,0.0,0.0,0.08058804556862786,0.008691745500241408,0.0,0.0,0.0,0.06391899730595835,0.0,0.0,0.004777800129584334,0.16404900209685414,0.1535384747500648,0.00016693329445394462
SPEA2,0.17352911520583797,0.15195883686376596,1.1419481669329319,75.9722767493203,0.05685755977922186,0.006895589106490327,0.11998940064212259,0.0,0.0,0.0684709850863091,0.04617491465385071,0.1184874107882933,0.0,0.0765954766637539,0.0,0.0,0.04336780990498252,0.0,0.0,0.0,0.0,0.012097529163772082,0.0,0.0,0.0,0.15465344163125663,0.15307372761340962,0.14333615496653754
SPEA2,0.21310736063788077,0.15876723336040865,1.3422628594536103,69.1756139390902,0.14646994895316826,0.0012392950680609964,0.04285458346779497,0.003333050066964425,0.00038283934461062324,0.08093711386331591,0.03907595140231554,0.17081425167393047,0.00039004077730762004,0.08261503634552911,0.00038050434385664193,0.0005888833970772309,0.07912840154826742,0.0003858598940415566,0.0003818227414145764,0.00038440044673882905,0.00038050434385664193,0.02394938721515979,0.00038050434385664193,0.00038050434385664193,0.00038050434385664193,0.16449078307930942,0.15496459025217588,0.005711238743534093
SPEA2,0.22375126061304593,0.17255179427138798,1.2967194085570148,72.26758097389667,0.12700834791858517,0.0,0.126292994097716,0.0,0.0,0.10346514930948816,0.023437743657916673,0.16737007797017045,0.0,0.0018674958564664946,0.0,0.0,0.0718280475594847,0.0,0.0,0.0,0.04141518086603339,0.0,0.0,0.0,0.0,0.17990386467003794,0.15741109809410114,0.0
SPEA2,0.1664660134870809,0.15074900036263514,1.104259484883068,75.83909565596424,0.06126244886294794,0.011416302081033333,0.09688590915354005,0.0,0.0,0.0712149141016517,0.052181104751848624,0.0970476041235009,0.0,0.10290139839598822,0.0,0.0,0.04783061216415968,0.0,0.0,0.0,0.0,0.0,0.0,0.0,0.0,0.15955489789579727,0.13977438553408458,0.1599304229354478
SPEA2,0.22471923632822166,0.16191025076588633,1.387924700661194,64.30857644300158,0.14705566069116927,0.001688016134329336,0.032213446873637634,0.0021134112234100118,0.0024220698216350254,0.08903298713772172,0.0049637843068112515,0.06461469510156186,0.009001070686755116,0.08199449803005769,0.0029713889400808137,0.0,0.10340712399719573,0.006652658178571521,0.008913994368273656,0.00039245492686096345,0.0027025083108856984,0.061902963884260954,0.0,0.002601932041610442,0.012365388109666354,0.18976153821513686,0.16073782216413635,0.012490586856231773
SPEA2,0.23326441420722666,0.1643860057685106,1.4190040880712869,62.9616659675324,0.15662224290324264,0.0028604537508677727,0.03338588449017607,0.0033477241030938597,0.0035262085934532495,0.09020542475426015,0.05098006524477822,0.06536566974468187,0.0018427184514083381,0.029224116692086473,0.0012266153955668747,0.0011724376165384365,0.10339127849546885,0.0013525384466309624,0.009612125917234805,0.0015648925433994,0.003874945927424135,0.06722042602889874,0.0011724376165384365,0.0018164814965205432,0.0012735281969936585,0.19093397583167532,0.16332940777781843,0.014698399981242893
SPEA2,0.1431326654326074,0.14654915352850023,0.9766870840695207,73.75137804930912,0.06456312848876912,0.013068151185955246,0.12630801995423072,0.0,0.0,0.07478960439841721,0.05439351211489023,0.09896133435188292,0.0,0.08224964901108842,0.0,0.0,0.04968642921709062,0.0015155729320928603,0.057666988098141185,0.0,0.0,0.01869660710227967,0.0,0.0,0.0,0.03948992767764903,0.15967796022917838,0.15893311523833428
SPEA2,0.19441078175841128,0.15686521957539354,1.2393491832328858,74.21824904329446,0.11519850230069059,0.0,0.10771943623143915,0.0,0.0,0.07722163765037524,0.0,0.1385045768789647,0.0,0.06989383805263472,0.0,0.0,0.06781848304094257,0.0,0.0,0.0,0.01022073495661432,0.0,0.0,0.0,0.0,0.16642699781837603,0.12548560904331052,0.12151018402665217
SPEA2,0.18433723561725734,0.15525694262113615,1.1873043002468755,75.28516450076584,0.09390453921597115,0.0,0.10199532448011663,0.0,0.0,0.08500806264400247,0.027412941371999323,0.14316590055980494,0.0,0.06178376061312847,0.0,0.0,0.057244912751056407,0.0,0.0,0.0,0.0,0.0,0.0,0.0,0.0,0.1693550718427045,0.1046190085977147,0.15551047792350137
SPEA2,0.1692621176429865,0.16109862439464862,1.0506738855096582,81.79004550722019,0.0,0.0,0.13200827220636388,0.0,0.0,0.04176327316601819,0.0,0.17658147456141346,0.0,0.09940850088265137,0.0,0.0,0.06946869636293432,0.0,0.003571418515178436,0.0,0.0,0.0,0.0,0.0,0.0,0.1920046699956948,0.15004336452670297,0.13515032978304264
SPEA2,0.1641636148866688,0.15268144492906285,1.0752034404897115,77.37822855912634,0.052595987120557554,0.002737716313397133,0.11756288547887045,0.0005899289524795509,0.0050409312715583325,0.062383151995180554,0.043406699776486174,0.13687677503662737,0.0005899289524795509,0.09422281262835201,0.004780395167386613,0.0005899289524795509,0.04010892932027302,0.0005899289524795509,0.0006564334278304435,0.0005899289524795509,0.0005899289524795509,0.0005899289524795509,0.0005899289524795509,0.0005899289524795509,0.0007249522247736789,0.15087631212816108,0.13146482037041815,0.1512518371678116
SPEA2,0.20234637055415647,0.16252812969233446,1.2449929186855093,75.5279092980946,0.05858066051582802,0.0009458229283950425,0.14595451880106156,0.00045798629412143816,0.00045798629412143816,0.09440511505877777,0.00045798629412143816,0.14368199364058562,0.00045798629412143816,0.10356460404276617,0.0006431539000875306,0.00045798629412143816,0.08386019913357687,0.002026416136563273,0.0014593048166599246,0.00045798629412143816,0.0036470315440332393,0.01725579636242868,0.00045798629412143816,0.00045798629412143816,0.00045798629412143816,0.18426596323207226,0.15512955694594965,0.00045798629412143816
SPEA2,0.2115997958391546,0.16056762435231964,1.3178235443955966,70.5524725780986,0.1279275864187206,0.0,0.10286457602477805,0.025910538425254814,0.0,0.0732819784624524,0.0,0.1219539068345479,0.0,0.0010292232325292197,0.0,0.0,0.07723442330330696,0.0,0.0018867633560419549,0.0,0.0,0.0349298841894844,0.0,0.0,0.0,0.172163293502181,0.1323367734182728,0.12848105283242986
SPEA2,0.23556815879992615,0.1644456791198193,1.4324983183552376,65.07707341381702,0.1527676958799859,0.0,0.03262301073030767,0.0,0.0,0.0869364494298245,0.04712551822152147,0.1378901660117207,0.0,0.025369569668829736,0.0,0.0,0.09953673147221212,0.0,0.0,0.0,2.0398904167396946e-05,0.06336587900564201,0.0,0.0,0.0,0.18664501059162136,0.1594748607545617,0.00824470932960549
SPEA2,0.22052687958220565,0.1679389587671257,1.3131371136342553,71.67152322850328,0.13697498633399768,0.0,0.11288269642425047,0.04456090089760779,0.0,0.08981680513545846,0.0,0.15100227440793879,0.0,0.02378390053256611,0.0,0.0,0.11569139200927075,0.0,0.0,0.0,0.0,0.0,0.0,0.0,0.0,0.1756820399407361,0.11976228131934288,0.029842722998831003
SPEA2,0.2038021879641771,0.15333086171139654,1.3291661293065649,68.89026142141618,0.1403843532510896,0.0,0.11288766794601877,0.0,0.0,0.07334106985379912,0.05653870131813744,0.09143729034043857,0.0,0.08061631377002768,0.0013661946135476145,0.0,0.05068190231204125,0.0,0.0018263277399081517,0.0,0.0,0.039565599895953936,0.0,0.0,0.0,0.14362202750878264,0.15304847077084074,0.05468408067941459
SPEA2,0.18972402116119658,0.15208801460439303,1.2474620150358413,69.42259796685167,0.1369196867156992,0.0,0.03230336225123745,0.0,0.0,0.06479129717907706,0.024631740678651783,0.13405826450769615,0.0,0.08041747866911371,0.0,0.0,0.05255333506017374,0.0,0.0,0.0,0.0,0.04939417467782417,0.0,0.0,0.0,0.138709580635413,0.13092118081098164,0.15529989881413203
SPEA2,0.21738966260547488,0.16425339577852008,1.3235017856105937,72.35558634513117,0.12589740263413474,0.0029955583022907156,0.12518204881326556,0.0,0.0,0.10241394312257458,0.022326798373466225,0.16586457812128796,0.0,0.023227902021810114,0.0,0.0,0.0684309018308976,0.0,0.0,0.0,0.0001251230967494695,0.0,0.0,0.0026305562883141374,0.0,0.17465630695971518,0.1563001528096507,0.029948727625843077
SPEA2,0.17212555838166482,0.15762819999119448,1.091971857772151,78.74280208759063,0.06084496944131902,0.0,0.10655723100440316,0.048831571418950594,0.0,0.08731111290344803,0.00023734210304212147,0.14474303097809227,0.0,0.07525398180950327,0.0,0.0,0.001095001267275417,0.0,0.0,0.0,0.0,0.0,0.0,0.0,0.00011117268118021346,0.18248670484573398,0.1410090567346911,0.15151882481236084
SPEA2,0.23082039468684046,0.16498264503077723,1.3990586382208947,67.92925884235378,0.14060986264825248,0.0,0.11997045946779523,0.0,0.0,0.08385045747443776,0.045107014436895285,0.1394879723182515,0.0,0.01647292307874339,0.0004170031473176646,0.0,0.05866959429598641,0.0012658309674216071,0.0,0.0,0.0,0.05407108535421143,0.0,0.0,0.0,0.18290299282680386,0.1502712762511047,0.006903527732778594
SPEA2,0.18271704404282707,0.15703676159690905,1.1635303873104288,76.38052932878398,0.1012239085698712,0.0,0.13523158906080737,0.05088347128194053,0.0,0.05933298691703569,0.0189696688287079,0.13359853091688229,0.0,0.06889725009494892,0.0,0.0,0.0,0.0,0.010952834043057311,0.0,0.0,0.0,0.0,0.0,0.0,0.17645566639626112,0.1390596564666832,0.10539443742380449
SPEA2,0.16195842509758496,0.15925419466418722,1.0169805915574157,80.39436506079514,0.0,0.0,0.11600378762932351,0.050632927281294086,0.009257818244614609,0.07885752249000214,0.04182534698771309,0.1376226701662087,0.0,0.08333624740840903,0.0,0.0,0.05330065502305583,0.0,0.0,0.0,0.0,0.0,0.0,0.0,0.0,0.173507563451028,0.13517107253974858,0.12048438877860243
SPEA2,0.21409740276771927,0.15766118744569915,1.357958837151709,67.11333743803141,0.14548321723747182,0.0,0.025945639048695797,0.0,0.0,0.027940261095135636,0.03984103957900737,0.13020054951130905,0.0,0.018085091026315635,0.0,0.0,0.09225225282969801,0.0,0.008983070466602955,0.0,0.0,0.05608140036312791,0.0,0.0,0.0,0.1793438715935161,0.1521903821120476,0.12365322513707228
SPEA2,0.1699030945282196,0.15432699082050386,1.1009292258269467,78.41686599801159,0.049145518314294145,0.0,0.11206243034724717,0.0,0.0,0.060788143365029246,0.03835973740802541,0.15121014591545814,0.0,0.08282323947629874,0.0,0.0,0.03562648892258839,0.0,0.0,0.0,0.0,0.0,0.0,0.0,0.0,0.16985647178280355,0.14525855036758434,0.15486927410067078
SPEA2,0.1942734811266791,0.1610889141291558,1.2060015562021669,76.59530102562073,0.06874256774665136,0.00031679734048981864,0.12923751595371558,0.005359120620721952,0.0,0.07728663872791348,0.00035007413133010204,0.1528782601988684,0.0,0.077661025771757,0.004414460198055689,0.0,0.06285015837407576,0.0007312488757951938,0.0008325098178871956,0.0007898357581470749,0.014100540404126307,0.001284753755522384,0.0003177502015890359,0.0005453039764891563,0.0007614752530202241,0.18766136325460347,0.15012349442791775,0.06375510521132306
SPEA2,0.181211497919459,0.15281912798692213,1.1857906814843664,74.66116279763555,0.11742907644899221,0.0,0.11010683222426013,0.03149373941659284,0.0,0.020067738751912215,0.03635844487831333,0.138120814985642,0.0,0.09354370043214315,0.0,0.0,0.05846578148996278,0.0,0.0,0.0,0.0,0.0,0.0,0.0,0.0,0.149518964617865,0.1306035031685216,0.11429140358579477
SPEA2,0.22045766566749447,0.16227638244959064,1.358532044772302,69.02302087993235,0.1294405922305492,0.0,0.10880118905009196,0.0,0.0,0.07268317169758816,0.0,0.12831870190054823,0.0,0.005303652661040119,0.0,0.0,0.08565735457399093,0.0,0.028759412071573297,0.0,0.0,0.046445524494817994,0.0,0.0,0.0,0.17173372240910056,0.15377483390846358,0.06908184500223606
SPEA2,0.1873109365832524,0.1516228744729717,1.2353738658123279,73.07648595720757,0.12584054923643526,0.0,0.11380631134384647,0.0,0.0,0.06135135357105933,0.04017222296630412,0.11230432149001718,0.0,0.0709120246037598,0.0,0.0,0.0371847206067064,0.0,0.0,0.0,0.0,0.005914439865495959,0.0,0.0,0.0,0.1484703523329805,0.1468906383151335,0.1371530656682614
SPEA2,0.20398569678749773,0.15616570895244897,1.3062131126981884,71.08531477009437,0.15535689438197886,0.0,0.1171060449400575,0.0,0.0,0.07360821267044831,0.03355025729846946,0.12113665250198012,0.0,0.03874202888862332,0.0,0.0,0.06870625609865892,0.0,0.0,0.0,0.0,0.0,0.0,0.0,0.0,0.15095399486877137,0.12648749372265614,0.11435216462835597
SPEA2,0.1905550863147841,0.15015267890297374,1.2690755017292616,68.18506901143988,0.1343774481698541,0.019655262763043385,0.0375188871370405,0.0,0.0005267135108922451,0.08355318377397108,0.04405247737205007,0.08279840474367763,0.0,0.07226314369806996,0.0,0.0,0.04218972554837838,0.0,0.014324831203543881,0.0,0.0,0.03076985308295419,0.0,0.0,0.0,0.16032055734465414,0.14455670575778848,0.1330928058940819
SPEA2,0.20052895083362549,0.15251839083602237,1.3147853825000086,66.21644060449657,0.13342054036280315,0.04974969603746353,0.1247107742760708,0.0,0.0,0.06898258528302471,0.050471493242212256,0.07844336526443553,0.0,0.05523291978524764,0.0,0.0,0.046606874298623154,0.0,0.0,0.0,0.0009259506986604285,0.03919820832917293,0.0,0.0,0.0,0.1397996077037467,0.14805535237640177,0.06440263234213729
SPEA2,0.1753826260580143,0.14643225773264998,1.1977048552937066,62.73917662085314,0.14352209269807512,0.07266137375162075,0.0716695365978754,0.0,0.0,0.05499043036013845,0.08219844275484801,0.05124827833014688,0.0,0.09540045857271996,0.0,0.0,0.10057780739876357,0.0,0.026901382167377384,0.0,0.0,0.03211927095342195,0.0,0.0,0.0,0.07372956956610921,0.11709833161071546,0.07788302523818791
SPEA2,0.13770731445921125,0.1441880339676532,0.9550536939154339,69.63888245421367,0.08337165785906418,0.07365673626720941,0.059709934759786844,0.0,0.0,0.09500362154481896,0.09997418521414067,0.1307235730839251,0.0,0.09523401954589591,0.0,0.0,0.01636230647162336,0.0,0.025649783952806815,0.0,0.0,0.005775905574940685,0.0,0.0,0.0,0.052873318075165494,0.1184492844646694,0.14321567318595319
SPEA2,0.18543131490169473,0.1564956104360211,1.1848978663686112,75.59849207104517,0.07992691338737892,0.0,0.10772224546601952,0.029884694227486457,0.0,0.0,0.04454553202378345,0.12070781859505814,0.0,0.09313229717119564,0.0,0.0,0.11420710933889923,0.0,0.0,0.0,0.0034275463681338212,0.00023627304472553982,0.0,0.0,0.0,0.18520451011220088,0.11864802565283439,0.10235703461228399
SPEA2,0.1721694841165161,0.1487228474453859,1.157653225942573,72.66589153900244,0.13728104177583805,0.0,0.08048161523182132,0.0,0.0,0.0,0.0808105702712186,0.1355590349145912,0.00041212722012911414,0.10147448921690512,0.0,0.0,0.06251505833183166,0.008280775292284161,0.0,0.0,0.0,0.0,0.0,0.0,0.0,0.1199281610904396,0.1249741985905065,0.14828292806443463
SPEA2,0.16655428520876767,0.14688411556317482,1.133916247990292,70.00114691602003,0.08310978197673172,0.059580123516771305,0.08076159486922332,0.0,0.0,0.004064690591783073,0.10900635388997576,0.04570775748437124,0.0,0.09457397978477836,0.0,0.0,0.06890744852466625,0.0,0.0,0.0,0.0,0.0,0.0,0.0,0.0,0.15593463099207872,0.16096640028805687,0.13738723808156347
SPEA2,0.2506608781366558,0.17946334744512296,1.3967246332196266,60.87330645864796,0.18402645452383,0.001133822470661275,0.07673707915374613,0.001140998497654863,0.0011362099780409252,0.11108873641696176,0.0022506093571970885,0.04455907911102441,0.0012440496124855802,0.003461232574747133,0.0011362099780409252,0.0011331476971201443,0.10670816170619904,0.0011362099780409252,0.0012510516719254172,0.0011362099780409252,0.05983880513112569,0.0934259403471275,0.0011365102269908706,0.0016757199404512295,0.0011362099780409252,0.1897720752189348,0.11259926647357159,0.0011362099780409252
SPEA2,0.22317599164832586,0.17293274011189289,1.2905363756101014,72.57747318456038,0.10041020934931516,0.0,0.0908761056071709,0.050725799776037174,0.0,0.11854375072167797,0.0,0.16732091472800464,0.0,0.002231800041422033,0.0009616238051950994,0.0,0.12226387715943857,0.0,0.0,0.0,0.0011672242643945559,0.0024799596785532066,0.0,0.0,0.0,0.1832060721554832,0.15918408244860108,0.0006285802647065029
SPEA2,0.2111478867601993,0.15698886615512486,1.344986379808352,67.84369357397274,0.1315744386264115,0.0,0.09686882298161122,0.0,0.0,0.007219452561662894,0.0,0.10977191178838631,0.0,0.12426310358810409,0.007943724975084913,0.0,0.10599290414438825,0.0,0.00609882850919611,0.0,0.0,0.07460607327460524,0.0,0.0,0.0,0.16162219537888278,0.13809527051510376,0.03594327365656284
SPEA2,0.2152834130470514,0.15628000631620945,1.3775492983501505,63.60928117457502,0.16128538447566615,0.0,0.0723031619973029,0.0,0.0,0.03323523093198318,0.04518736112967044,0.03644092830629814,0.0,0.09481676895350066,0.0,0.0,0.08261471247597416,0.008060228638420342,0.017381171287944384,0.0,0.0,0.08827050148190756,0.0,0.0,0.0,0.15651582643103176,0.1513490925179406,0.052539631372359695
SPEA2,0.2169435450093167,0.1613202054548376,1.3448008226722172,70.85135151862869,0.14297679906444608,0.00013421415968756643,0.06787634273595368,0.0,0.0023915434088512483,0.11105621400713646,3.922185939639613e-05,0.15052483461244995,0.0,0.054297168573733894,0.0,0.0,0.10194088211684642,0.0007576624101729181,0.0,0.0,0.0,0.0,0.0,0.0,0.0,0.17644805712693037,0.13563003740873072,0.0559270225156643
SPEA2,0.23017134068439843,0.16301330243452278,1.4119788829923918,62.038713539267306,0.16176780699253426,0.0,0.08575267036012774,0.0,0.0,0.10908335019377169,0.032351231031994124,0.04008990479390327,0.0,0.05281280178397375,0.0,0.0,0.09273039687977598,0.0,0.0,0.0,0.0,0.10402620489934196,0.0,0.0035539436433901666,0.0,0.15326786732946493,0.11808700921367397,0.046476812878048175
SPEA2,0.23019095721907673,0.1670647884707673,1.3778544199896146,69.26904482836676,0.16624484400894346,0.000798727256235221,0.11204004572905715,0.0,0.0008089512621260504,0.08310025221133983,0.0008089512621260504,0.14517935429064024,0.0008492764978676298,0.0008089512621260504,0.0008089512621260504,0.0008089512621260504,0.11162553124911052,0.0008915385525838521,0.0018447864384060326,0.0008089512621260504,0.0008356660137921449,0.0008089512621260504,0.0008089512621260504,0.0008089512621260504,0.0008089512621260504,0.17235466258269028,0.1491546959542462,0.046991106593826874
SPEA2,0.16449023770861815,0.15129091987672716,1.0872446135078422,76.38230711197069,0.08328591485597639,0.0,0.06568163946930464,0.016131290939270834,0.005815639489812899,0.0,0.10780019683637163,0.16420662261110916,0.0,0.09659274214129,0.0,0.0,0.0099800609380935,0.0,0.0,0.0,0.0,0.0,0.0,0.0,0.0,0.17075380812910915,0.1444910412570862,0.13526104333257563
SPEA2,0.12980044263750037,0.14587956190275095,0.8897781220650391,73.23315670368648,0.05088809166777597,0.006715624213383027,0.09071753909167968,0.005163604352818616,0.004835785348916959,0.012739281206754214,0.12662333960678965,0.10652967560998818,0.0006174126980230371,0.13103055668067048,0.017270780468021073,0.00020092306076999859,0.004835785348916959,0.007610907787818882,0.005367969340944888,0.00043659262844521093,0.006768679176549611,0.04159138548410818,0.004835785348916959,0.004882311209806774,0.004966150560309319,0.06450630562955212,0.14723371291964577,0.15363180055939452
SPEA2,0.16997135435166497,0.15451152205955962,1.1000561775978495,76.54843887509841,0.08793124572469792,0.0028498340982241878,0.11758553106152381,0.027248667668644713,0.0008268900081843969,0.0645472975326491,0.04754283478070547,0.16799095239418763,0.0008226720908349526,0.07846632568658585,0.0011470707970764155,0.0011470707970764155,0.0013615701756899271,0.0011244165778373247,0.0011470707970764155,0.0011470707970764155,0.0011470707970764155,0.0008157660111560355,0.0011470707970764155,0.0008178122353900986,0.0008425871977775643,0.15112131526398143,0.12100296408169284,0.1202188926277782
SPEA2,0.23426453119752103,0.1659525030330834,1.4116360218490909,66.17872259725058,0.16479615695214792,0.0,0.09489850045493402,0.00015519562143656788,0.0,0.08221994513188541,0.0,0.16140553224800658,0.00013829746556059505,0.0021395266521237358,0.0,0.0,0.07717766342457144,0.001628035874827877,0.0,0.0,0.0,0.06893823880087048,0.0,0.00012238889227203094,0.0,0.16013302767067586,0.13861907224921385,0.04762841856147355
SPEA2,0.23801674855767213,0.16953832067623625,1.403911207851396,65.01268389948578,0.15912010827014778,0.0016276308116349994,0.06859090456482655,0.0008578914371305959,0.0,0.0888562186007972,0.0,0.15803778456673812,0.0,0.00120566374742957,0.0,0.0,0.11468116785608452,0.0,0.034327149978138974,0.0,4.9468961312672194e-05,0.06712863869809801,0.0,0.0,0.0,0.1694426073222089,0.1325605399996878,0.003514225185764333
SPEA2,0.15048349119397347,0.14391129046058568,1.0456684163720134,66.91042422875627,0.0938200229055478,0.06927406634761703,0.09865871671238105,0.0019913291537555834,0.0023820771759487497,0.010111349500463376,0.12074661561156505,0.05561455730644831,0.002442263363472608,0.1042746991920153,0.002590454330371486,0.0020411003887818085,0.011222834742895635,0.005051117274223894,0.0029309800771212414,0.002442263363472608,0.002577999573864269,0.03812771366407735,0.002371421998453665,0.0019945082002229613,0.0019913291537555834,0.09019721771293768,0.1533924638740224,0.1237528983765846
SPEA2,0.2385818375238561,0.16625435396219956,1.4350411393021398,60.940849710255904,0.18534821479889185,0.0,0.08514279480285801,0.00047754870982277657,0.0,0.10847347463650196,0.0,0.03948002923663356,0.0,0.05308780170920284,0.0,0.0004846649279314125,0.1061108183763903,0.0,0.0,0.0006114176035535869,0.0,0.10341632934207223,0.0,0.0010760103907025624,0.0,0.15265799177219522,0.11776596637246532,0.04586693732077846
SPEA2,0.17775283126691516,0.15247142214649612,1.1658108041789523,74.11624700141822,0.09127207105828347,0.0,0.054290698745094096,0.004740350215060299,0.0,0.0,0.09640925611216108,0.15283981475615727,0.0,0.08186639350185594,0.0,0.0,0.10224834506524824,0.0,0.0,0.0,0.0,0.0,0.0,0.0,0.0,0.15936286740489863,0.1331001005328757,0.12387010260836509
SPEA2,0.2280377759369242,0.16210991459552937,1.4066861765110878,59.4440063431944,0.1703052049223956,0.05200104844999977,0.07515614455151924,0.0,0.0,0.0984868243851632,0.07463644133379917,0.030512965998063947,0.0,0.0,0.0,0.0,0.08468910032507805,0.002303867602729312,0.0,0.0,0.0,0.06987871463524728,0.0,0.0,0.0,0.17312034163452772,0.10749048340506548,0.0614188627564113
SPEA2,0.16591183108485785,0.16064376823036844,1.0327934467207893,80.60668144773084,0.005210538645055608,0.0,0.09565448605870162,0.03556866600048597,0.0,0.12448021838803465,0.03429870393393162,0.1747345969419529,0.0,0.09697416482798897,0.0,0.0,0.0,0.003114496522919926,0.00014887898279864172,0.0,0.0,0.0061657947339012935,0.0,0.001991193000282046,0.0,0.18953899991722895,0.14015558460612126,0.09196367744059662
SPEA2,0.14646528447425908,0.1624222003014767,0.9017565591550939,83.34633560580863,0.0,0.0014121351015573271,0.130167228235009,0.048220038026364494,3.1485700458120476e-05,0.007623939762996401,0.0,0.16516498038928834,0.0,0.10018401535158392,0.0,0.0,0.0013581971871082816,0.001031687141432244,0.031127458392475296,0.00011347310573986001,0.040625662224466424,0.0,0.00014384743954065702,0.0,0.0,0.177304708641256,0.15378931903584217,0.1417018242648815
SPEA2,0.2226764117842786,0.15883194387684568,1.4019623908710475,63.37778023689072,0.16816592078644804,0.0001929602868873293,0.07018204816709564,0.0001929602868873293,0.0001929602868873293,0.031114117101775928,0.04306624729946319,0.034319814476090886,0.0001929602868873293,0.0926956551232934,0.0001929602868873293,0.002207099658716374,0.08141542691887498,0.005939114808213087,0.0018586970295503987,0.0001929602868873293,0.0001929602868873293,0.0861493876517003,0.0001929602868873293,0.0001929602868873293,0.0001929602868873293,0.18104660977676917,0.14922797868773335,0.050682279645402124
SPEA2,0.25030746215806193,0.17390687262853097,1.43931897788033,63.81325992774344,0.1608604125053192,0.005347896652287941,0.09368737663575055,0.0,0.0,0.09268239332881288,0.0,0.14573657933860015,0.0,0.004240756629157971,0.0,0.0,0.11909023187411201,0.0,0.0,0.0,0.0045604565291822675,0.0892606609360794,0.0,0.0,0.0,0.19165463661306967,0.09287859895762789,0.0
SPEA2,0.21552528983493913,0.15847465868590882,1.3599984478408162,66.44097726856938,0.16083940602829888,0.0,0.09955577869495495,0.0046192678874402695,0.0,0.013987707927675683,0.041420018307092014,0.14727622829197126,0.0,0.07242019379835284,0.0,0.0,0.04509332577310662,0.00037463367271131767,0.0,0.0,0.0,0.08850381046838822,0.0,0.0,0.0,0.1519783045490408,0.13015647551300064,0.043774849087966694
SPEA2,0.19670806369068314,0.17770722093813704,1.106922175993966,77.50752931564617,0.0015923594886319817,0.001991206394617485,0.13078943929525103,0.044224931843447585,0.0,0.1221391963171147,0.0,0.17061688485707438,0.0,0.005286693872052445,0.0,0.0019810531234265155,0.11672499193678705,0.012153894149582447,0.030519807731750198,0.0019810531234265155,0.0017421849518472153,0.005534853509183619,0.0032661419809035365,0.0,0.0,0.18617198969816076,0.16223897627923148,0.0010443414475110287
SPEA2,0.18447249761347673,0.15451788919662596,1.1938585141991758,74.28170545206225,0.11985432740334262,0.0,0.0837100877028703,0.0,0.0,0.0,0.023597918939453635,0.14932638753435784,0.0,0.11179199845478034,0.0,0.0,0.09292425132090872,0.0,0.0,0.0,0.014951028888181471,0.0,0.0,0.0,0.0,0.1599381243717971,0.12352506712848346,0.12038080825582431
SPEA2,0.2110917743107722,0.15621201723583716,1.3513158465400372,65.35339666220494,0.168696564086837,0.0,0.08922534273440262,0.0,0.0,0.1131358924976019,0.0,0.03161617438528385,0.0,0.08999201503248637,0.0,0.0,0.06357353934111783,0.0033994340967451997,0.012556417366930092,0.0,0.0,0.060315297303086685,0.0,0.0,0.0,0.13520035296362942,0.14652433859692632,0.08576463159495272
SPEA2,0.16355372851001443,0.15708702730221832,1.0411663605763886,78.95450508149176,0.040870788424731776,0.00015651583321779267,0.06826761213169778,0.05026201668469376,0.0,0.10499085480101908,0.0,0.15196026217501027,0.0,0.09917871480368315,0.004500790149453914,0.0,0.013595001476268518,0.0,0.01125079798197136,0.0,0.0,0.0,0.0,0.0,0.0,0.17612835467565585,0.1409912748676279,0.13784701599496876
SPEA2,0.24199555979890147,0.1754536847154053,1.379256070862407,67.41035048781549,0.13240479893559504,0.0,0.17226470180027897,0.030815811457174824,0.0,0.0866028437931752,0.0,0.0679426218763346,0.0,0.0,0.0,0.0,0.14148507249561618,0.0,0.0,0.0,0.0,0.05233492177361177,0.0,0.007832409826030104,0.0,0.18658842392170277,0.12172839412048056,0.0
SPEA2,0.2091391263579363,0.1569242473994746,1.3327393938397598,67.5504211844423,0.12220650376728663,0.039604979442780956,0.10559407155022314,0.0,0.0,0.06868570231060306,0.0,0.11570235525529808,0.0,0.10381328906515304,0.0,0.0,0.12103662492171373,0.011764897834609234,0.0,0.0,0.0,0.031662921579753804,0.0,0.0,0.0,0.1449069594546352,0.13502169481794316,0.0
SPEA2,0.1956146543291849,0.1714277843487274,1.1410907226757088,78.11678177791772,0.001426086564691275,0.0,0.15570658080304078,0.027429091497885503,0.0,0.08278904689610402,0.0,0.12495824316290995,0.0,0.004531835811732056,0.0,0.0,0.14772582248692656,0.019182778883314138,0.0,0.0,0.0,0.003955776399205866,0.0,0.010366353370900559,0.0,0.18676933221538775,0.14524618210439616,0.08991286980350555
SPEA2,0.2372348616483335,0.1735777195525332,1.3667356747162154,70.80230206288131,0.11079545795031569,0.0,0.16980371569877345,0.0,0.0,0.08307988454591828,0.0024918111465916113,0.11390330653912846,0.0,0.0035952147477543743,0.0,0.0,0.16790105769442204,0.0,0.0,0.0,0.0,0.01251327163765172,0.0,0.0,0.0,0.18373074747019819,0.15218553256924622,0.0
SPEA2,0.14381262049909405,0.14628292575391774,0.9831128257649199,73.23603500376052,0.07837377287422394,0.0,0.11698196431177064,0.0,9.592181915304226e-05,0.07579316963240794,0.09777985854288498,0.0510717599305162,0.0,0.14429467382578767,0.0,0.0,0.10638736301050221,0.0019686335731013125,0.0,0.0,0.0,0.0,0.0,0.00010374896147101512,0.005011746536742439,0.019579379128637494,0.16172929505309447,0.14082871279970652
SPEA2,0.23021830804893573,0.1695344566874293,1.357944057787552,70.99743818527809,0.1283572007174114,0.0,0.16821710358209535,0.0,0.0,0.08903785606670929,0.0,0.115006532217077,0.0,0.0,0.0,0.0,0.1376943805855626,0.0,0.0,0.0,0.0,0.008531278899930479,0.0,0.0,0.0,0.18270468259266312,0.11768079590229692,0.0527701694362538
SPEA2,0.24145958238977688,0.17115208892158393,1.410789572661339,67.90091382272692,0.136758737019512,0.0006843048039785871,0.1617451166061553,0.0,0.0,0.057479485544897714,0.0,0.11425897819432808,0.0,0.00581147342026899,0.0,0.0,0.11953817298346675,0.0,0.0,0.0,0.0,0.056553476955637776,0.0,0.012739462082449053,0.0,0.19094236200561973,0.13830096927940266,0.005187461104283335
SPEA2,0.131388008101316,0.1470991705172824,0.8931933989789526,76.41056728048315,0.06808617094772537,0.0,0.11359630788357823,0.025454389709007787,0.0,0.09223306715494009,0.10049543242192081,0.11932153924218641,0.0,0.1449677014558423,0.0,0.0,0.012853138371520686,0.01170721790170232,0.0,0.0,0.0,0.0,0.0,0.0,0.0,0.026772375430201344,0.14534682593881817,0.1391658335425564
SPEA2,0.14209797494343554,0.14670024492784517,0.968628068844239,75.00746414872212,0.06054957291905421,0.0,0.10612763731357565,0.0,0.0,0.07130489002563009,0.10529600646397896,0.11288972554940574,0.0,0.14235037871677983,0.0,0.0,0.10490262065004098,0.0,0.0,0.0,0.0,0.0,0.0,0.0016229361872971257,0.0,0.02034056173742067,0.15798749095598882,0.11662817948082792
SPEA2,0.1913454251594639,0.1684975186017403,1.1355978814840992,79.07384646780918,0.00269311394721038,0.0029303874902088392,0.16777948319104344,0.0,0.0,0.0897355710170807,0.0,0.14915779434857449,0.0,0.0,0.0,0.0,0.13933453552214867,0.0,0.0,0.0,0.0,0.0,0.0,0.0,0.0,0.18397505512138954,0.12181660555093606,0.14257745381140807
SPEA2,0.222295780787132,0.16177108031758125,1.374137950681491,68.85797711024759,0.1345790594845915,0.0,0.1688423200535656,0.0,0.0,0.054869211498693705,0.0,0.11016481075064596,0.0,0.08187944198104043,0.0,0.0,0.11635373699836452,0.0,0.0,0.0,0.0,0.05377525538093272,0.0,0.0,0.0,0.14335401595194475,0.13618214790022082,0.0
SPEA2,0.21727141417951415,0.1589430563228507,1.3669764455654159,67.79702275036627,0.12430316880115416,0.0,0.08518804703805388,0.0,0.0,0.045023917326539875,0.06190119397743955,0.09295400487592892,0.0,0.0,0.0,0.0,0.10712119655033792,0.0,0.0,0.0,0.0,0.051136177784902745,0.0,0.000962952084437045,0.0,0.1784867937872619,0.14622427471024743,0.10669827306369654
SPEA2,0.214461930039851,0.15800945192613844,1.3572727923903014,64.3116303142252,0.11250383085935695,0.02431837273669733,0.004470083569759158,0.0,0.0,0.05000356180171384,0.07738642542993586,0.0935961192513566,0.0013776450267731473,0.08404459440495139,0.0,0.0,0.1364334536827709,0.01894105681337857,0.005635032410491754,0.0013409443088146025,0.0,0.06315862137833197,0.0,0.0,0.0,0.1845247837822816,0.1422654745433863,0.0
SPEA2,0.17421715911227006,0.16548497715586336,1.0527672185504926,80.88871325267655,0.0,0.0,0.18540046793027076,0.02170823011863444,0.0,0.05444146170053689,0.0,0.1447249112389656,0.0007357260907816328,0.166160420115598,0.0,0.0,0.12995005287609113,0.0,0.0,0.0,0.018353049106302206,0.0,0.0,0.0,0.0,0.15927000872600508,0.11795941233502737,0.0012962597617868445
SPEA2,0.16815709538196033,0.1484791663537446,1.1325298997256894,72.97897107175613,0.11437514817020113,0.01994691252539848,0.15055111361540285,0.0,0.0,0.0,0.0749902928746076,0.12516649972911667,0.0,0.11438809081605403,0.0,0.0,0.08269343197981609,0.005246195840468429,0.0,0.0,0.0,0.0,0.0,0.0,0.0,0.09680418714510308,0.10552835507538515,0.1103097722284465
SPEA2,0.22469208364353332,0.16744953196533094,1.3418495770418397,71.47631419569542,0.126799842252228,0.0,0.1641091591532194,0.0,0.0,0.08492991163783335,0.0,0.11263216251209203,0.0,0.0,0.0,0.0,0.13570646787621252,0.0,0.0,0.0,0.0,0.004670747690285676,0.0,0.0,0.0,0.17877979702211919,0.11337824820281685,0.07899366365319287
SPEA2,0.14465252286855373,0.1440300431672008,1.0043218740178417,69.41303674951223,0.11263835204544567,0.03271676284134986,0.0,0.0,0.0,0.0675673668454455,0.10448187237122734,0.1279772635861433,0.0,0.145403194882845,0.0,0.0,0.08409327896061107,0.020291351467718752,0.0,0.0,0.0,0.0,0.0,0.0,0.0,0.03024593237387273,0.14837522140534978,0.12620940321999102
SPEA2,0.2433284506993779,0.17223898904931143,1.4127373368971285,65.06632883359558,0.13656552137155445,0.0006497871300170528,0.0880231483146577,0.04067387288062569,0.00011529480256031563,0.09076356622913462,0.00011529480256031563,0.072103344312294,0.00011529480256031563,0.010477315850028045,0.00011529480256031563,0.00011529480256031563,0.1456457949315756,0.00011529480256031563,0.00011529480256031563,0.00011529480256031563,0.00011529480256031563,0.07077720661620293,0.00011529480256031563,0.001926784739406223,0.00011529480256031563,0.19074914635766219,0.1502609736361179,0.00011529480256031563
SPEA2,0.1816896106945951,0.16212874927229096,1.120650171608073,79.33003701642063,0.0036141774951702695,0.0,0.157980156327638,0.0,0.0,0.0547192506031785,0.0,0.11221738992609429,0.0,0.12110944680655798,0.0,0.0,0.13449455140293645,0.0,0.0,0.0,0.0,0.005523802148440192,0.0,0.007181731565448558,0.0,0.18717740172710245,0.14003721400155694,0.07594487799587642
SPEA2,0.2084522067469975,0.1649616285795227,1.2636405723074526,74.47555191423538,0.1044520773860703,0.0,0.16723150894120506,0.0,0.0,0.07453262752521535,0.0025777823417104,0.1354703287070221,0.0,0.10226062369410789,0.0,0.0,0.10857602009941655,0.0,0.0,0.0,0.022554547263519357,0.0,0.0,0.00028545965601124826,0.0,0.17916055298191588,0.10052239827031836,0.002376073133487489
SPEA2,0.19279933727318083,0.17437170012730066,1.1056802057468442,78.99456850335915,0.0,0.0,0.1510014176750522,0.02316183832307073,0.0,0.07866120034202143,0.0,0.1446899088237113,0.0,0.0004039892576494566,0.0,0.0,0.14358143126534917,0.008905302919944338,0.0,0.0,0.03390335720880596,0.0,0.0,0.006238506816817959,0.0,0.18264148566130514,0.14111833555031356,0.08569322615595874
SPEA2,0.1578253442110935,0.15804396822064032,0.9986166886847488,81.4836286461499,0.008447678253696453,0.0,0.16778470459991474,0.0,0.0,0.10263901339098098,0.0072407317764456615,0.12516910025989372,0.0,0.1485131596099497,0.0,0.0,0.029561121357215815,0.0,0.0,0.0,0.0,0.0,0.0,0.0,0.0,0.16253225736864982,0.11854935238381498,0.1295628809994379
SPEA2,0.23348624456431905,0.16606043690600122,1.4060317370866868,66.7696103635815,0.1341410587012763,0.00013712110770861875,0.09502593693817601,0.0,0.0024253198612122486,0.0557560084291578,0.07217166662372068,0.1307434337147093,0.0,0.010991425433997547,0.0,0.0,0.11269779817168059,0.0,0.0,0.0,0.0,0.05489367617466889,0.0,0.0,0.0,0.18832468368738403,0.14269187115630808,0.0
SPEA2,0.16982799827458261,0.15077402702402243,1.1263743605357464,75.69074822185362,0.05993640500722793,0.0,0.09850060915043132,0.0,0.0,0.057992387761431306,0.07859067297234781,0.09591256771054948,0.0,0.12499743627109328,0.0,0.0,0.0821274523868703,0.0,0.0,0.0,0.0,0.0,0.0,0.0,0.0,0.15122792663650353,0.14329192718609846,0.10742261491744654
SPEA2,0.1927720556175243,0.15271068368813495,1.2623350964180247,69.55303298604366,0.11325584509632983,0.0,0.11572197539533113,0.0,0.0,0.052704668929189895,0.041452043222437375,0.05385541599244765,0.0,0.11478341223850497,0.0007709463513519507,0.0,0.08762352361887274,0.0,0.0,0.0,0.0,0.05129686360512004,0.0,0.019395199760011483,0.0,0.1405148317139813,0.13132880481366985,0.07729646926275181
SPEA2,0.14945426732948652,0.14881094006171064,1.0043231180954109,77.4512489545263,0.07464260906662679,0.0010768955327569965,0.16446307273800906,0.009679817123629234,0.0012532915635151392,0.0012532915635151392,0.0686590880526169,0.1162995698980354,0.001060117335441377,0.13952354517128024,0.0012532915635151392,0.0012708331582836393,0.015958289914647185,0.003774863290237474,0.0012532915635151392,0.0012532915635151392,0.0014054335078403186,0.0012602891617916996,0.0012532915635151392,0.0010803743067045318,0.0012532915635151392,0.10376986821958167,0.1532820590747962,0.13402023350311518
SPEA2,0.15742556301451868,0.146747595403397,1.0727641743073804,71.60625403314174,0.10849203122227065,0.032346803382689394,0.006314361083571779,0.0,0.0,0.05205229369097997,0.1038035587782681,0.12081270733103806,0.0,0.14218856637970728,0.0,0.0,0.0009873063002342963,0.0,0.015265015191718372,0.0,0.0,0.0,0.0,0.0,0.0,0.1501157196007422,0.14502133866782815,0.12260029837095189
SPEA2,0.2028341608357106,0.15312949473202095,1.3245923732111413,64.37631474986412,0.11529650605910476,0.03756017670281211,0.08979510455140609,0.0,0.0,0.07400016923633841,0.09659717711186312,0.06622503466257414,0.0,0.09327917961453387,0.0,0.0,0.08728812606082194,0.0,0.0,0.0,0.0,0.06745231599122817,0.0,0.001146103599231706,0.0,0.1371686949380893,0.1341914114719965,0.0
SPEA2,0.1884709469958385,0.14863679903637908,1.2679965406797407,65.9147819968212,0.11168325144518505,0.03267221351554424,0.011506845661947618,0.0,0.0,0.07223053876875604,0.09647228741554825,0.05969380591674073,0.0,0.08721751687298977,0.0,0.0011406145581047305,0.0940303511572953,0.0,0.0,0.0,0.0,0.0383164723178507,0.0,0.0,0.0,0.1457166569887441,0.1591604734250751,0.09015897195621836
SPEA2,0.15007711631221887,0.1470575337974916,1.0205333411811832,72.62143299639158,0.1392267737526709,0.0,0.15704484381069334,0.00032939721910105305,0.0,0.06735814218971618,0.10164550319835107,0.0997080902513068,0.0,0.13473376889409522,0.0,0.0,0.011016621121665572,0.0,0.0,0.0059644432492886095,0.0,0.0,0.0,0.0,0.0,0.013274391747214924,0.1541830010340676,0.11551502353182867
SPEA2,0.166965432125754,0.14944382459521047,1.1172454437512105,74.48030074023313,0.1104855509081829,0.0,0.14826051450013,0.009619901712254148,0.0,0.0,0.0899609344380255,0.1357989683563773,0.0,0.11256880439721084,0.0,0.0,0.0808741455609729,0.003426909421625234,0.0,0.0,0.0,0.0,0.0,0.0002705423117299889,0.0,0.09658908148795989,0.10370906865654196,0.10843557824898918
SPEA2,0.14289705285254972,0.15359773935933493,0.9303330468832524,81.1078521530959,0.0,0.0,0.15593372164009334,0.008485293849065895,0.0027514762625656763,0.006646146443134383,0.08688165926857169,0.12382336265309338,0.004684115148205093,0.160295610684354,0.0,0.0,0.0,0.01654546720304866,0.0,0.0,0.004711984064095173,0.010527591185823549,0.0,0.0,0.0,0.15471310109155692,0.15159647204299437,0.11240399846339788
SPEA2,0.2281265656042516,0.17689812200558525,1.289592919460439,72.15720143420074,0.1079246202945026,0.0004730756870274545,0.15809783608792577,0.0004730756870274545,0.0006257917351028623,0.08498589435661837,0.002763350267138243,0.14064364566610385,0.0004730756870274545,0.003866753868301006,0.0004730756870274545,0.0004730756870274545,0.1656767979631987,0.0004730756870274545,0.0004730756870274545,0.0004730756870274545,0.03221361617026224,0.0009958774320247422,0.0004730756870274545,0.0037580025644435426,0.0004730756870274545,0.1840022865907448,0.10386615409143883,0.005848616041919784
SPEA2,0.15752318697625184,0.15660575156983775,1.0058582484820486,79.99292735170638,0.0,0.0,0.13384538904070736,0.00504908877913704,0.0,0.006050548390858003,0.06031299405575386,0.12065703089208117,0.0,0.13364436307182148,0.0,0.0,0.10774452070068202,0.0,0.0,0.0,0.00013007559239000112,0.0005204913095642332,0.0016768698649860228,0.023444291704156166,0.0,0.15937578254729784,0.1513911339544964,0.0961574200960683
SPEA2,0.17517264495380397,0.16077753515439513,1.0895343356619143,79.30839659633338,0.0070127352001279585,0.0,0.14363258370853801,0.0,0.0,0.04253418702745386,0.0040145378222597,0.10867170915205299,0.0,0.11980154855516173,0.0,0.0,0.1356518253924238,0.0071087817888113546,0.0,0.0,0.013057013196911061,0.0,0.0,0.0,0.0012011829491936697,0.17469533512088498,0.14245881470871996,0.100159745377461
SPEA2,0.1480917776409118,0.15447735769052848,0.9586633268131812,80.50738353719586,0.0,0.0,0.10510190874962266,0.01765228619720829,0.0,0.0844309636431406,0.0900931512946313,0.11164622875726314,0.0,0.13716559794404282,0.0,0.0,0.00505103485972119,0.003905114389902824,0.0,0.0,0.0,0.0,0.0,0.0,0.0,0.17605023692453237,0.13753974720917808,0.1313637300307569
SPEA2,0.19415799520788796,0.15626701423294242,1.2424758747771465,74.56185705242936,0.10065467148409407,0.0,0.13539479826106354,0.0,0.0,0.0675025191628903,0.0,0.10605474483428262,0.0,0.10424863372407811,0.0,0.0,0.09564324986868253,0.0007470006328674034,0.0,0.0,0.0,0.0,0.0,0.0,0.0,0.16779776957058426,0.12703073645183086,0.09492587600962635
SPEA2,0.16380874353545496,0.14629328657280702,1.1197283714993367,68.76392854727695,0.09052532167759406,0.03985252851068927,0.0001301781216667658,0.024992154697742127,9.893117314887939e-06,0.052835956096995665,0.10089846126813949,0.06858204342801895,0.0016392585372598872,0.09309991703026446,0.0001283829236935437,0.0,0.09247235099260884,0.01483752823681894,0.00015492485924794485,0.0001301781216667658,0.00017223252926088043,0.009316770633862726,0.0001301781216667658,0.0001301781216667658,0.0002535352368597139,0.12180884956346893,0.1527703400981471,0.1351288380753454
SPEA2,0.17641323378002374,0.14730477572194198,1.1976070220087636,67.67389666982388,0.17218030308100574,0.033496393706363786,0.11622734691503177,0.0,0.0,0.05522168989279715,0.07670662959463755,0.09892482030229627,0.0,0.11564854844546187,0.0,0.0,0.06070343811824409,0.0,0.0,0.0,0.0,0.0,0.0,0.0,0.0,0.05469562894223679,0.14475803288351433,0.0714371681184105
SPEA2,0.19246861828523837,0.16482254530597745,1.1677323507408444,77.20290432202421,0.026310700341506624,0.0,0.15178268776130385,0.029890830145577082,0.007661878536637061,0.07036902141792098,0.0,0.11497009574555092,0.0,0.1100147752374891,0.0,0.0,0.12233314998843435,0.0,0.0,0.0,0.0,0.011437985995449576,0.0,0.01876523678181627,0.0,0.17881258997674299,0.1576510480715712,0.0
SPEA2,0.22334379407744384,0.16623663629921734,1.343529314894441,71.3915597087472,0.112221616058191,0.0,0.152115131643546,0.0032573055180394562,0.0,0.08206505874621937,0.0,0.10716984076120858,0.003662193661319764,0.0,0.0,0.0,0.11099947131233873,0.0,0.001971224914274203,0.0,0.0019404157663574669,0.01880078260781476,0.0,0.0,0.0,0.18425882740966,0.15186493198788856,0.06967319961314221
SPEA2,0.16141124131394857,0.14653606543746908,1.1015120464171815,71.58197584046404,0.11240822724805175,0.012956640090980015,0.09555978113778431,0.001066110210811504,0.0011630391772010063,0.07994505643984519,0.07418807798231918,0.11324190617390588,0.0008110478663705219,0.13722679152930098,0.0008110478663705219,0.0016684834430448154,0.03858883294329325,0.0008110478663705219,0.02317104346258509,0.0008110478663705219,0.0008110478663705219,0.007817966439382661,0.0008110478663705219,0.0012236889670762879,0.0008110478663705219,0.07299708170000759,0.15732197712668156,0.06377796086313539
SPEA2,0.17426298609426646,0.1477706805037239,1.1792798510518798,69.21855451218465,0.11926878706044133,0.03934246441900772,0.11786297697856128,0.0,0.0,0.047719449830804866,0.041381234798458746,0.0959163254470833,0.0,0.09772332995697952,0.0,0.0,0.12227906118020043,0.0,0.0,0.0,0.0,0.005567565215688245,0.0,0.0,0.0,0.05524571658383817,0.16098884614387604,0.09670424238506034
SPEA2,0.18719988752706984,0.1587305193798532,1.1793566118125491,75.66931339461091,0.11353106669180706,0.0,0.16434863532904037,0.03450073961296061,0.0,0.03646837687883503,0.0,0.11186554295891916,0.0,0.0993793096750554,0.0,0.0,0.0361992309187903,0.0,0.0,0.0,0.03514325781985917,0.0,0.0,0.0,0.0,0.1509064649102066,0.15132833341811158,0.06632904178641463
SPEA2,0.17142520694927332,0.15513937665068936,1.1049754785031334,77.571252218121,0.03046512852549719,0.0,0.14169577875466727,0.026398310681311148,0.0,0.015577392829368522,0.07294214853463173,0.09734717114594603,0.0,0.12237531107892792,0.0,0.0,0.11348873754525714,0.0,0.0,0.0,0.0,0.0,0.0,0.0,0.0,0.15393283185573822,0.16205091788164033,0.06372627116701456
SPEA2,0.16698724710725,0.16388997919471193,1.018898458147086,81.92373138483259,0.003331983628138481,0.0,0.162502658062087,0.03846618625352209,0.0,0.04197256977235112,0.0,0.1245434548222744,0.0,0.12947294178696866,0.0,0.0,0.045386026135249426,0.0,0.003012151587723028,0.0,0.03841229065897118,0.0,0.0,0.0,0.0,0.1893441590865156,0.1561708922868382,0.06738468591936084
SPEA2,0.19239134085859755,0.14948847683636593,1.2869978002999805,64.28985487558586,0.16800717930234602,0.05375310099225077,0.0,0.0,0.0,0.07755342344100444,0.07987152987328786,0.046460283204952615,0.0,0.10023494010536525,0.0,0.0,0.06487731395388668,0.008052755183852348,0.0,0.0,0.0,0.0,0.0,0.0,0.0,0.15863177414618648,0.15389104647302101,0.08866665332384654
SPEA2,0.19814498634289837,0.1648788211015338,1.2017612997176816,76.47135638337785,0.03267228649613591,0.0,0.16110159498073454,0.005987999130218686,0.015185261038028006,0.07606148803710008,0.03461525401001571,0.1213316819001802,0.0,0.07759073485475751,0.0,0.0,0.12716855485086564,0.0,0.005503815487403041,0.0,0.0,0.00014421463582681273,0.0,0.0,0.0,0.17905242603662813,0.15612128837876776,0.007463400163337889
SPEA2,0.21760496732280493,0.15989028594305252,1.3609642764683554,69.87249262663548,0.16637795652796825,0.0,0.13345547665420754,0.0,0.0,0.06630520834968079,0.0,0.09001564035177731,0.0,0.12589736350356134,0.0,0.0,0.12365477565194066,0.0,0.0,0.0,0.0,0.0,0.0,0.0,0.0,0.15632573081930057,0.13796784814156357,0.0
SPEA2,0.2064062819643418,0.1532081799233021,1.3472275570904328,63.102772937740745,0.17928149445635336,0.042946303157158944,0.0045774950631450075,0.0,0.0,0.0766652036795886,0.08414736723104045,0.032657633044189956,0.0,0.14738595864776644,0.0,0.0,0.07292961356059871,0.0,0.0,0.0,0.0012063858843438927,0.01623610036810427,0.00019759615896183235,0.0,0.0,0.17832040932267704,0.16061548583433516,0.0028329535917364797
SPEA2,0.24687599999171556,0.17341003226159235,1.4236546569537476,64.73796293283907,0.19475466730888955,1.1288451382725067e-05,0.1529182972379492,0.0,0.0,0.09504732030322743,0.0009470501476409842,0.046464068169076604,0.0015094184960127565,0.004646384069309811,0.0003824261019484,0.0021406537129909997,0.11033086334793453,0.0005092713484012687,0.00019209659430475168,1.3663763076214652e-05,0.0027284482578112433,0.027916901970257185,0.004082019762060624,0.0017234617573124013,0.0029028140664000275,0.18540431265702614,0.1540786793830854,0.011295893093901693
SPEA2,0.18249597974016904,0.1488199856823008,1.2262867712523464,68.19066395453588,0.19142696459542974,0.008992382728884073,0.09159552377568836,0.0,0.0,0.07631622997291954,0.07151445740699326,0.10927764881180993,0.0,0.1322267676760435,0.0,0.0,0.03462457558119731,0.0,0.0,0.0,0.0,0.0038537090772867186,0.0,0.0,0.0,0.0670003171081225,0.15335771976458562,0.05981370350103945
SPEA2,0.1288769338987905,0.15331217491624838,0.8406177393882359,79.75408623811543,0.02034282024450529,0.0015057246425199745,0.13696422296355468,0.07786236564627433,0.002961253585785202,0.06208004561605356,0.07217835030435579,0.1314094118910828,0.0005085259645968562,0.16030828329944805,0.0005085259645968562,0.0005085259645968562,0.02350558248050651,0.0005085259645968562,0.0005085259645968562,0.00656978930423112,0.0005085259645968562,0.0005085259645968562,0.0005085259645968562,0.0005085259645968562,0.0019765319150055597,0.06029715540636041,0.15777241479193596,0.07968931422700894
SPEA2,0.23715568686697236,0.1691330383199279,1.4021842758975007,65.66074480428912,0.1934037803004526,0.001563744864578326,0.14854216744124227,0.0019006202559803838,0.002478004953879765,0.07880997357809232,0.0015630021098153094,0.03231103181350572,0.0015630021098153094,0.0016610614725769764,0.0027531053053129863,0.0015630021098153094,0.10765616798782532,0.0015630021098153094,0.0016143122313887644,0.0024335813968713992,0.0015630021098153094,0.015715939053948497,0.0015630021098153094,0.002469070439376448,0.0016220047054346987,0.18083589658863783,0.14852162866337512,0.0663298962886288
SPEA2,0.1555626710491796,0.15399131825077947,1.010204164859743,79.69745447082708,0.005054038548966332,0.0,0.1311629369042209,0.0025968010720760913,0.0,0.0426110538384356,0.09193974040172015,0.1056616058497853,0.0,0.15707951197857598,0.0,0.0,0.04184821238583649,0.0,0.0,0.0,0.010438008249244778,0.0034235058605565434,0.0,0.0,0.0,0.1622472665595775,0.169772680935595,0.07616463741540935
SPEA2,0.2244488548311464,0.16098613901668898,1.3942122980406308,67.8428702809675,0.18397474483690793,0.017256899971082627,0.14133710320203038,0.0018995072610996115,0.0,0.055714370166296684,0.00021604688602546563,0.11419996372407545,0.0,0.07711755627390056,0.0002125871845226275,0.00021604688602546563,0.07080724348249723,0.000221482214669747,0.0029809805006813244,0.00021604688602546563,0.0001779185918501853,0.014454062716715422,0.00021604688602546563,0.00021604688602546563,0.00021015798857973163,0.16223649502544593,0.15611869242951726,0.0
SPEA2,0.20420957560036304,0.15463993431980352,1.3205487735014612,69.83129201462742,0.1392768797032283,0.0,0.13976982827568515,0.0,0.0,0.05327459878245236,0.05179246567476051,0.07668772862969858,0.0,0.07314532007030429,0.0,0.0,0.10483436245904648,0.0,0.0,0.0,0.0,0.015632968098253267,0.0,0.0,0.0,0.13075892527816013,0.1541429773310706,0.06068394569734056
SPEA2,0.1830339662700161,0.15306250726744428,1.1958118910871038,75.00085833567948,0.0964442933136339,0.0005305504617221738,0.14771473705183763,0.0005305504617221738,0.0005305504617221738,0.06481600530313542,0.05529712139279788,0.10778707301571326,0.0005305504617221738,0.10531169951481234,0.0005305504617221738,0.0005305504617221738,0.021157826872491656,0.0005305504617221738,0.0005305504617221738,0.0005305504617221738,0.0005305504617221738,0.0005305504617221738,0.0005305504617221738,0.0005305504617221738,0.002927047623016794,0.16158827817223065,0.15553739304739359,0.07452136869054862
SPEA2,0.1821577527803923,0.14862498430465332,1.2256199967496926,70.36316344092258,0.16210819150213185,0.0,0.08238493556085122,0.0,0.0,0.03232654001309228,0.0640563871056567,0.11940564166916,0.0,0.13530770355732813,0.0,0.0,0.08548533273142692,0.0,0.0,0.0,0.0,0.0,0.0,0.0,0.0,0.08526169606841955,0.16419325584655775,0.06947031594537569
SPEA2,0.24124300114034386,0.1708380918648983,1.412114818814079,67.03080676624519,0.18883531507971557,0.008882693269874752,0.143738111699836,0.000704935701877972,5.852869155692402e-05,0.08803012203160926,0.004370031988274489,0.11277373319956996,5.863866502839907e-05,0.0005705963799424455,5.863866502839907e-05,0.0008141402911467599,0.12233772267945581,5.863866502839907e-05,5.863866502839907e-05,0.002916034085372506,5.863866502839907e-05,0.0005144255520475833,3.670546184102483e-05,5.863866502839907e-05,4.021364091674849e-05,0.16737231254845886,0.15016281378051302,0.007489731927819864
SPEA2,0.16307564412508901,0.1524221752810905,1.069894481064529,77.92793539011262,0.04134680445935524,0.0006157522482166803,0.13407130104270482,0.0006157522482166803,0.0017017081353933126,0.060500117528459504,0.06735057793920157,0.10822884707980408,0.0006157522482166803,0.15964675320859473,0.0006157522482166803,0.0006157522482166803,0.025385748938654824,0.0006157522482166803,0.0006157522482166803,0.0006157522482166803,0.0006157522482166803,0.005990747090575323,0.0006157522482166803,0.0006157522482166803,0.0006157522482166803,0.16481450778959628,0.14484198116363195,0.07873187864542813
SPEA2,0.18063711918480366,0.1584532276226947,1.140002774919377,78.55444871646796,0.03534418988482717,0.0,0.15991284021859667,0.03414604074933243,0.0,0.033933022210496426,0.0,0.11935188439071658,0.0,0.11042940743483523,0.0,0.0,0.06886819714613521,0.0,0.0,0.0,0.0,0.015932549259193962,0.0,0.0,0.0,0.1835795482877263,0.15319500957282114,0.08530731084531895
SPEA2,0.21819413163781262,0.16167725207539005,1.3495660572958574,68.71391078863007,0.178333339572228,0.0004806601810260313,0.15478360286791035,0.02826071641173179,0.00011674941616841455,0.04204140515809247,0.0016658307968514593,0.043597114926374206,0.00011698093459718161,0.12481177227228289,0.00011674941616841455,0.00011674941616841455,0.10788714675826283,0.00020416658375345048,0.00015790612774411916,0.00011674941616841455,0.003417026166385093,0.012028120450656292,0.00015140010536597505,0.00047889339238976156,0.00011701300326991225,0.15935823311757114,0.14152492409266493,0.00011674941616841455
SPEA2,0.22823590851660935,0.1664553795911695,1.3711536934232995,69.990780545971,0.1570937196495807,0.00041548748323581034,0.14483637207770694,0.00041548748323581034,0.00041548748323581034,0.07542167546760202,0.00041548748323581034,0.11308957339664286,0.00041548748323581034,0.00041548748323581034,0.00041548748323581034,0.00041548748323581034,0.10228936329059997,0.00041548748323581034,0.00041548748323581034,0.00041548748323581034,0.00041548748323581034,0.0021856997315378526,0.0024916948343511923,0.00041548748323581034,0.00041548748323581034,0.18088930487661276,0.1528559555755395,0.06302981633452485
SPEA2,0.23247843943235005,0.16597227378182003,1.400706480276074,69.16200239088974,0.16083602909070888,0.0,0.150764115368518,0.0,0.0,0.04822538077338007,0.0,0.10604023928714068,0.002532592187251858,0.0,0.0,0.0,0.10986986983827082,0.0,0.0008416234402062969,0.0,0.0008108142922895608,0.01767118113374685,0.0,0.0,0.0,0.18312922593559208,0.15073533051382065,0.0685435981390743
SPEA2,0.19562950967355208,0.15160283102338806,1.290408024394821,68.67431422786375,0.15414577254827005,0.038552082971067346,0.09810183123012625,0.0,0.0,0.0,0.07900137259469081,0.10110240799524779,0.0,0.09365958045805824,0.0,0.0,0.06646207441873334,0.0,0.0,0.0,0.0,0.0,0.0,0.0,0.0,0.17289677470681594,0.1275911965965949,0.06848690648039543
SPEA2,0.2441404260977026,0.1784059375009462,1.3684546014417698,65.92860092142074,0.19383467869618687,0.0,0.1463465414807403,0.00035110795911633575,0.015000447512763158,0.07414548284347895,0.0,0.04092768403934968,0.0,0.0006897663873645584,0.0,0.0,0.12564195177268034,0.003322310817075778,0.00015988195248357165,0.0,0.041910672175114135,0.010265824902047749,0.0,0.023597753825024263,0.0,0.18222775484481438,0.14157814079175993,0.0
SPEA2,0.1622699787727651,0.16087768238834046,1.0086543786792241,81.75666908224345,0.007693035707388969,0.0,0.15237602132621003,0.07277791142492072,0.0,0.04237163423769295,0.0,0.12409296293180463,0.0,0.13214128302681105,0.0,0.0,0.04576810601228485,0.0,0.0,0.0,0.0,0.0,0.0,0.006622885679321634,0.0,0.17947627252854878,0.15371880126662754,0.08296108585838892
SPEA2,0.17065569691682564,0.14775196518398137,1.1550147350278857,71.94182316899935,0.13504785951202575,0.0,0.11497867860548955,0.0,0.0,0.033503072787913084,0.0675106398214764,0.12115645013127979,0.0,0.14392113844485327,0.0,0.0,0.09862983298146685,0.0,0.0,0.0,0.0,0.0010733117949656547,0.0,0.0,0.0,0.054849617546900986,0.15537391412476173,0.07395548424886703
SPEA2,0.2108270129620016,0.15989435469146993,1.3185394404249648,72.73779577644657,0.1062133609401196,0.0,0.1424699934713309,0.0,0.0,0.07724771752888566,0.0,0.10244492130465575,0.0,0.12486908985785572,0.0,0.0,0.10618213009500502,0.0,0.0,0.0,0.0,0.014083709839266222,0.0,0.0,0.0,0.17944148619232628,0.14704759077055485,0.0
SPEA2,0.19431541324589952,0.17411208977687148,1.1160363045146322,78.46100248368779,0.0,0.0,0.16084818401843565,0.002913504911698617,0.01265738036558374,0.07752404977765198,0.0,0.12022649470521139,0.0,0.0017888353636925038,0.0001527673041749046,0.0,0.12519976478331435,0.020389630723577853,0.0,0.0,0.04551410336423388,0.0011154310055155015,0.000724406814770078,0.0,0.0,0.19170162230850488,0.14864540981589944,0.09059841473773518
SPEA2,0.21288694159322868,0.15760095906061897,1.3507972468070117,69.49937270568822,0.16063762817846883,0.0,0.14890670298339223,0.0,0.0,0.027496690204826597,0.054775743210577335,0.10380392549681311,0.0,0.10673434031130966,0.0,0.0,0.10665418468832291,0.0,0.0,0.0,0.0,0.014648410280305791,0.0,0.0,0.0,0.1510689489400986,0.1252734257058849,0.0
SPEA2,0.17576448096926378,0.15086158809495892,1.1650711303571184,75.49924058027368,0.09927596412854216,0.0011284889558363421,0.14457634387023394,0.010936279523227389,0.0,0.025159654232470848,0.07205207485802247,0.10953341134818971,0.0,0.14543873832543122,0.0008777841748478369,0.0,0.02335236774040064,0.0,0.0,0.0,0.0,0.0,0.0,0.0,0.0,0.15452338542122201,0.1540350671869151,0.05911044023466044
SPEA2,0.17249764935262252,0.1630461405395731,1.0579683075095878,80.61991968842949,0.003445612871156632,0.00011362924301815065,0.16261628730510513,0.0009909134367428317,0.00011362924301815065,0.0835013592428073,0.00011362924301815065,0.11330449778057165,0.00011362924301815065,0.1295865710299868,0.00011362924301815065,0.00011362924301815065,0.040795981460906273,0.0008554285221183669,0.003125780830741179,0.0009513295435079644,0.03852591990198933,0.007952416595060295,0.00011852813117609474,0.00011362924301815065,0.00011362924301815065,0.18945778832953375,0.15636423591207227,0.06749831516237899
SPEA2,0.20531056665044156,0.1549436365966701,1.3250661412115965,65.97390276144047,0.18875953223411862,0.012746581004952039,0.04444036272113783,0.0009933417816049939,0.0009933417816049939,0.0817709724120167,0.05884682634778616,0.031296851805219295,0.0039084348852814485,0.10938065998540131,0.0009933417816049939,0.0009933417816049939,0.044791484770956694,0.0009933417816049939,0.0009933417816049939,0.0009933417816049939,0.0009933417816049939,0.009418440522745411,0.0009933417816049939,0.0009933417816049939,0.0009933417816049939,0.18622532052607682,0.13931949621716308,0.07816827696948969
SPEA2,0.13672666207799916,0.15237109452000802,0.8973267699409052,79.2990662523379,0.010347138704116656,0.0,0.09197290721246582,0.07661081743871913,0.017154753501504652,0.044429424804179635,0.09190025624440853,0.12944497479261635,0.0,0.1494380254815608,0.0,0.0,0.044525310360901064,0.0,0.0,0.0,0.0,0.0009846597893912819,0.0,0.0007671650526946216,0.002321965137864968,0.10178378333473719,0.15578291809096423,0.08253590005387515
SPEA2,0.23878928168802926,0.17495272482797028,1.364878894700434,68.03668024792321,0.18367076221826967,0.0,0.1399185447408979,0.0,0.009268142305949786,0.0849600233774536,0.0005504650293364003,0.10895416624063187,0.0,0.0,0.0,0.0,0.11851815572051771,0.0,0.0,0.0,0.04458062591747862,0.0,0.0,0.0,0.0,0.16355274558952076,0.14602636885994374,0.0
SPEA2,0.1835612441010039,0.15116185392195575,1.2143357556052192,72.90598180734798,0.10517963223927841,0.01130835365883001,0.08833118612901097,0.0,0.0,0.07187040061814055,0.06695948297354584,0.10601331116513255,0.0,0.09471647499434482,0.0,0.0,0.03136023793451993,0.0,0.01594244845381177,0.0,0.0,0.0005893714306093393,0.0,0.0,0.0,0.1716468816689576,0.1500695770907982,0.0860126416430198
SPEA2,0.18013934010751825,0.1548678361065342,1.163181100971797,76.86287776957505,0.07737024375259319,0.0,0.11158149733215002,0.02604174458780946,0.0,0.061460385001509174,0.0,0.12170222038453979,0.0,0.141284582310037,0.0,0.0,0.051656916343088846,0.0,0.0,0.0,0.0,0.0,0.0,0.0,0.0,0.17028989004528888,0.16236935504280187,0.07624316520018189
SPEA2,0.23036640486532267,0.1643107089615388,1.4020169855103355,64.67300644809754,0.17946088743483524,0.04639097694894653,0.11709473792855556,0.0,0.0,0.04963426729919363,0.0778759332583974,0.12373073743946589,0.0,0.0005423511801688747,0.0,0.0,0.05322182232420649,0.0013094956398559323,0.0,0.0,0.0,0.0187429654100977,0.0,0.0,0.0,0.19117945999759142,0.14081636513868526,0.0
SPEA2,0.22367251348505152,0.16058916824478947,1.3928244098263387,64.8957918638705,0.17489278876129571,0.01212468069117747,0.0019780401021938614,0.0,0.0,0.05543213911370309,0.06505444000018513,0.11777884056626604,0.0,0.0726392473451029,1.301703351181777e-06,0.0,0.12701729404801973,0.0,0.020851551540428163,0.0,0.0,0.022284495546765842,0.0,0.0,0.0,0.19027270159863097,0.1396724789828799,0.0
SPEA2,0.19701459232060986,0.15494427954633305,1.271518980226027,72.40086509696746,0.12065220513374121,0.0,0.1338702940264369,0.0,0.0,0.04425325277641956,0.04236278330628118,0.08958590705274772,0.0,0.12190814905874438,0.0,0.0,0.1181249673224722,0.0,0.0,0.0,0.0,0.0008197052068395776,0.0,0.0,0.0,0.15626953476248806,0.1202767910378169,0.051876410316012214
SPEA2,0.19084211427113706,0.15445202631291766,1.2356077082763135,73.51589499602352,0.0917484903161228,1.6507735554192638e-05,0.1322426626920321,1.6507735554192638e-05,1.6507735554192638e-05,0.06189512726190323,0.07991211323864006,0.08744512445651922,1.6507735554192638e-05,0.10625350704476999,1.6507735554192638e-05,1.6507735554192638e-05,0.09384880359740216,1.6507735554192638e-05,0.0005184414056102557,1.6507735554192638e-05,1.6507735554192638e-05,1.6507735554192638e-05,1.6507735554192638e-05,1.6507735554192638e-05,1.6507735554192638e-05,0.1643863584581461,0.13199246303637469,0.049542307930274844
SPEA2,0.16881931765762703,0.14872207960596254,1.135132847152971,73.54333900438681,0.1140562668302837,0.02030453946322245,0.14370618513684708,0.025567711265835007,0.0004082612172247155,0.0021174215563061114,0.07917509178595548,0.1080610153265163,0.0,0.13524186333498314,0.0,0.0,0.037931387406939396,0.0,0.0,0.0,0.0,0.0,0.0,0.0,0.0,0.1261130973016136,0.13000730099185684,0.07730985838241616
SPEA2,0.16886192131225342,0.15210381975924173,1.1101754155782368,76.89141248837934,0.04695587594789429,0.0,0.14334780762446178,0.0,0.009043921867064063,0.0001600111214500151,0.08090523101547632,0.12006658295148091,0.0,0.11420768727928278,0.0,0.0,0.1017912327830446,0.0012073642945818737,0.00474344970949956,0.0,0.0007578746774074772,0.0,0.0,0.0,0.0,0.1368124371370783,0.15419148651585052,0.08580903707542754
SPEA2,0.14926090393675193,0.16288254593890664,0.9163713832956426,82.40658729806577,0.0,0.0,0.12441716004846332,0.07304701600257676,0.007905113096336895,0.053196191372348864,0.0,0.12200720736481219,0.0,0.15221202777325102,0.0,0.0,0.0,0.0,0.014990114291165058,0.0,0.046131346959491754,0.0,0.0,0.0,0.0,0.1677897101065657,0.17365953585914665,0.0646445771258419
SPEA2,0.19510383373460993,0.1531220315392552,1.2741721865451614,70.5805212389215,0.15838410015636475,0.0,0.10047814272153327,0.0,0.0,0.0,0.08561761646924175,0.10347871948665481,0.0,0.09862805148970993,0.0,0.0,0.08718139925332195,0.0,0.0,0.0,0.014993244706256629,0.0,0.0,0.0,0.0,0.15135297370545697,0.12902253403965763,0.07086321797180245
SPEA2,0.182397442085941,0.1571688881852658,1.1605187527377336,77.38697621493841,0.05565183607072024,0.0,0.11785267042437522,0.0,0.0,0.06515183560148413,0.0,0.14323268144185594,0.0,0.12344815368008152,0.0,0.0,0.08819699891208438,0.0,0.013124825301928508,0.0,0.0,0.001089929163579033,0.0,0.0,0.0,0.17711568712385017,0.13574017386969695,0.07939520841034386
SPEA2,0.22009815047121817,0.1678909121509218,1.3109592869050937,72.45888724083088,0.09658336297228318,0.0030337182751488173,0.1364776810912173,0.000384901637789083,0.000384901637789083,0.06013396854015574,0.004856216891216622,0.1453054078211851,0.000384901637789083,0.0327664010450596,0.000384901637789083,0.000384901637789083,0.17961590505486133,0.0005453907628009847,0.000384901637789083,0.000384901637789083,0.000384901637789083,0.000452736938787639,0.000384901637789083,0.000384901637789083,0.000384901637789083,0.1687046291002642,0.14619452021780183,0.021096143273537635
SPEA2,0.15898883751641435,0.14713775244637525,1.0805441490915682,72.68126690868075,0.1378765305589404,0.0,0.1440652690582646,0.0,0.0,0.0,0.11683171307062981,0.05854566790111802,0.0,0.14100943926801773,0.0,0.0,0.0,0.0,0.030106268935478218,0.0,0.018514526070324302,0.0008610385928971133,0.0,0.0,0.0,0.09873510090503165,0.15763937427622957,0.0958150713630685
SPEA2,0.19735381869538554,0.1621168256228576,1.2173555578648076,75.62720073634765,0.020349378655955267,0.0002403434087567241,0.13785212334084385,0.0,0.0,0.004061644044893486,0.009107499398276769,0.1508226822021484,0.0,0.11929551658463064,0.0,0.0,0.16258418046628048,1.7095196486573893e-05,1.7095196486573893e-05,1.7095196486573893e-05,1.7095196486573893e-05,0.04823975044385437,2.1123202123920544e-05,1.7095196486573893e-05,1.7095196486573893e-05,0.17809240322113523,0.15125557408744603,0.017975209764735534
SPEA2,0.2272198557240102,0.16297529500733574,1.3941981557007321,60.732806931883346,0.13235118712746974,0.021869020309506763,0.005403762671715438,0.0,0.0,0.11081282441587076,0.11900909555421288,0.08308670459270455,0.0,2.2505119871090405e-05,0.0,0.0,0.14613650482070994,0.0,0.0010762576153107474,0.0,0.0,0.07599867290554854,0.0,0.0,0.0,0.14846159710121765,0.14898716383419225,0.00678470393166977
SPEA2,0.12799281919712388,0.15281769652101698,0.8375523392313472,80.79835359649164,0.010836368520183553,4.1874720558618665e-05,0.14815008781742095,0.07039476941207191,0.0,0.0010368838873130645,0.12465666769197371,0.15669453767182515,0.002146485284022718,0.13284026241759242,0.0,0.0,0.00857051354273571,0.007930228794188268,0.013258357854981789,0.0,0.0,0.0,0.0,0.0,0.0,0.07499329748224448,0.17284938739195857,0.07560027751092907
SPEA2,0.19485058005007874,0.16669056005598845,1.1689359012569869,76.66644052482144,0.047489964078013744,0.0,0.1426702565354661,0.06131356066077784,0.0,0.05224519061477685,0.0,0.13271015748002482,0.0,0.10211430964422848,0.0,0.0,0.1720334621262259,0.0,0.0,0.0,0.0,0.0,0.0,0.0,0.0,0.16642240713062328,0.11684683553466049,0.006153856195202512
SPEA2,0.1920330581879029,0.1507143122904896,1.2741527680382123,66.72184600038644,0.13817560457587488,0.02891921640468375,0.06077319271280987,0.0,0.0,0.08408639299895278,0.11011880300180929,0.026629091451655512,0.0,0.0839060383925956,0.0002677420597764008,0.0,0.08987385720521437,0.0010858513587386188,0.0,0.0,0.0027326967332586194,0.0,0.0,0.0,0.0,0.13831874357934815,0.1663337206062876,0.06877904891899449
SPEA2,0.16181118644154246,0.14537638612285061,1.1130499990885974,66.58421201345581,0.12212264783893335,0.024175806190742537,0.01624088714967418,0.00016909231675164377,0.00016909231675164377,0.08403592224152766,0.09999005079952838,0.11993520792965282,0.00016909231675164377,0.1254252695954129,0.00017244686069915245,0.00016909231675164377,0.06411158850326715,0.004592957805303461,0.013955466914315913,0.00016909231675164377,0.0003695624838129292,0.05137441192788832,0.00037411249572639885,0.00037665264185742604,0.00016909231675164377,0.054528664830577354,0.11731329955419172,0.09989049033637853
SPEA2,0.1725478619075143,0.14491228596563005,1.190705541339944,62.686668273447765,0.14533574120362683,0.03365256813496931,0.0,0.0009472868747994393,0.0,0.08103373262512621,0.12191406280337914,0.06719673415071846,0.0,0.11739213906733544,0.015278560456645413,0.0,0.08063020978208787,0.006537372638620304,0.0,0.0,0.0,0.04577143859952987,0.0,0.0,0.0,0.056518831669465724,0.15156956466466356,0.0762217573290325
SPEA2,0.2451485683178663,0.17307396923049737,1.4164381241605493,65.56496327078649,0.1557318898402484,0.0006858993105406799,0.1313126687737825,0.0033321902667797104,0.00043032917235364104,0.04910716585941709,0.0006875694959772352,0.13537583124672414,0.0006858993105406799,0.0006858993105406799,0.0006858993105406799,0.0006927633374410454,0.14630790494223414,0.0006755354580951907,0.00042648710770632105,0.0004238950453855964,0.009516880307601743,0.06879627872738663,0.0004212351196107127,0.0006858993105406799,0.0006858993105406799,0.17338484404119617,0.11879812874080249,0.0004630066540130239
SPEA2,0.16095786814600732,0.15126602140730877,1.0640715386610298,76.112729078852,0.08387518578950494,0.004024580143199085,0.13611461559224283,0.009027436413310398,0.002493022564931264,0.00684436137744406,0.08079277857913816,0.13414997588752695,0.0024858278282350117,0.1269723049976519,0.0024858278282350117,0.0024858278282350117,0.0024858278282350117,0.0024858278282350117,0.0024858278282350117,0.0024858278282350117,0.006905937109357726,0.003929882814345346,0.0024858278282350117,0.0024858278282350117,0.0024971911234254714,0.15039640169792998,0.13475240028984958,0.09485147516602725
SPEA2,0.22436739923700172,0.1641840786922313,1.3665600283787938,69.45250359364444,0.13154178303365693,0.0,0.12979639032795157,0.0,0.0,0.06733693786967455,0.0,0.11589693506435966,0.0,0.03517363777049814,0.0,0.0,0.15722243890772986,0.0,0.0,0.0,0.0,0.027824821055475926,0.0,0.0,0.0,0.16475092898556412,0.11477187634060265,0.05568425064448664
SPEA2,0.24045363766341404,0.17076699828775072,1.4080802501326277,66.15923973469056,0.14829730199924349,0.0,0.1328325958794825,0.0,0.0,0.052213681836146025,0.0,0.1150915226393902,0.012387011658035452,0.010541306729535918,0.0,0.0,0.17347073375788638,0.0,0.0,0.0,0.0007843076305097358,0.04929063739139214,0.0,0.0,0.0,0.15498387968049032,0.15010702079788785,0.0
SPEA2,0.14354502975424427,0.1483475458741814,0.9676265886864734,77.26233213571905,0.06227133955634741,0.0,0.13007762518617533,0.012936744698348138,0.0,0.05445213129575725,0.10928920936140189,0.137345063510605,0.0,0.13881427891974374,0.0,0.0,0.016920761246597155,0.0,0.0,0.0,0.0046846339779377105,0.0,0.0013015991082257305,0.0,0.0,0.07676995770269553,0.14765774917687063,0.10747890625929438
SPEA2,0.18739352891853117,0.14844282348303595,1.262395342001471,67.66037070834531,0.1387555281431555,0.028542637700918107,0.061468599670341385,0.000368899003472041,0.0,0.02537403318273799,0.12471347032264919,0.06826412209297972,0.0,0.0846014453501271,0.0009631490173079181,0.0,0.06775789323522464,0.008130169286121335,0.0,0.0,0.0,0.005293883766408087,0.0,0.0,0.0,0.14450197306435553,0.1670291275638191,0.07423506860038229
SPEA2,0.18545452059676212,0.16601841534304146,1.1170719839335903,79.35218723933602,0.0,0.0,0.1422976749282199,0.0,0.0,0.0744920729146696,0.0,0.16475430271927471,0.0,0.13818716008769077,0.0,0.0,0.1642000299500157,0.0,0.0,0.0,0.007277380774855063,0.0,0.0,0.0,0.0,0.16196133086505476,0.14683004776021952,0.0
SPEA2,0.1858040202314842,0.15354744886809776,1.2100755929269518,74.16186617742285,0.144859994930679,0.0,0.12111463587748575,0.014447929374334827,0.0,0.04788584068689918,0.019443190292138514,0.14227609488990606,0.0,0.1331471100624997,0.0,0.0,0.0118330790248374,0.0,0.0,0.0,0.0,0.0,0.0,0.0,0.0,0.15527599790885352,0.12753464490572256,0.08218148204664351
SPEA2,0.22852344709028163,0.16332627285789128,1.3991836285220187,65.3922659691293,0.14602731366154537,0.00965819888202003,0.1011337912166251,0.0,0.0,0.06334803589074813,0.0,0.05716890120888992,0.0,0.003606723042208876,0.0,0.0,0.17162182448658864,0.0,0.0,0.0,0.0,0.04702064905369402,0.0,0.0,0.0,0.15272903090256534,0.14783703246018973,0.09984849919492485
SPEA2,0.22375781783482482,0.17550909548328106,1.2749072475058132,72.62492687049155,0.09534943844250195,0.0028733667170158625,0.13711845741095138,0.048897371214455955,0.0012347977366083342,0.0726791411365636,0.0018782956363341706,0.1517734099051384,6.89625498950178e-05,0.0006058860896366201,9.914722334462908e-05,0.00014392517212968894,0.1804826449007907,0.00010598822921076602,0.00010116264073598847,5.2051179101519545e-05,0.0013845638481589475,8.364254583354841e-05,0.00013813314865615653,0.00010116264073598847,0.001348315515333074,0.17691207915784662,0.12183121350645461,0.004736843452566367
SPEA2,0.1993044701483867,0.1527399078999527,1.3048617934150817,69.39315856914541,0.14877502994159283,0.0,0.10496099112748768,0.0,0.0,0.0,0.08868479132941795,0.13320112921074367,0.0,0.07340804864262503,0.0,0.0,0.06704762753838091,0.0,0.0,0.0,0.0,0.03635573979381378,0.0,0.0,0.0,0.14635481466585953,0.1278973215913416,0.07331450615873694
SPEA2,0.23148669809948813,0.17275925726994623,1.3399380256525235,70.77530670398788,0.14406942921730442,0.0003850012370162512,0.1347654175658661,0.041365144462269604,0.0,0.07032610129147833,0.0,0.14942037006005313,0.0,0.005113839690962568,0.0,0.0,0.1446374504616828,0.0,0.0,0.0,0.0,0.0,0.0,0.0,0.0,0.17455903931276134,0.13297440309312425,0.002383803607481101
SPEA2,0.18073056997339276,0.14643929551800525,1.2341671634931572,61.367581650878755,0.1474297316342747,0.0357029570036939,0.0003224806113890519,0.003022666584045857,0.00031858443088956644,0.09591444163084306,0.1297822113269077,0.06924712301944302,0.00031858443088956644,0.0854064950654283,0.006819278021324496,0.00031858443088956644,0.07550849427536488,0.00862740061612546,0.0003045532151804404,0.0003347109600817523,0.000621653092213628,0.05933553525353825,0.0,0.00029367742999882436,0.0003128608485414163,0.053198615636507934,0.16692697549561786,0.05993238498681073
SPEA2,0.13945732919646256,0.15359316534840675,0.9079657215223162,80.09078571133534,0.0011145302388496892,0.0,0.09488941758773504,0.0567867072666468,0.0,0.05443503082641905,0.1091871438205338,0.15881658360400047,0.0,0.12298509793246178,0.0,0.0,0.048927583659507605,0.0,0.0,0.0,0.0,0.0,0.0,0.0,0.0,0.10703653320669756,0.15140674493600634,0.09441462692114183
SPEA2,0.19155982251113296,0.15579221787938471,1.229585309963555,73.49318441645094,0.10086329875022693,0.0,0.09209843660119471,0.0,0.0,0.04006042167279073,0.0,0.11865515144362694,0.0,0.1148730614193693,0.0,0.0,0.1588358505140977,0.0,0.0,0.0,0.0,0.0,0.0,0.0,0.0,0.14366098830599866,0.13405349755356682,0.09689929373912841
SPEA2,0.15729851981328472,0.1624180834171428,0.9684791034585146,81.86252923086272,0.0031091042784937043,0.0013670273115378852,0.13831936956226074,0.06655288704526241,0.001347848359820113,0.07699209376596335,0.0013245543228333602,0.14614237115931808,0.0010590602237242704,0.13519145174209,0.0013707957477334556,0.001031004187897782,0.005677595117184726,0.002164123371527271,0.002601574596492004,0.0013600760165908394,0.009992472950606698,0.001359870830059224,0.001359870830059224,0.0013688385655679814,0.002718931749971952,0.18050238733034,0.1474476338820148,0.06963905705265021
SPEA2,0.16709563626197466,0.1470092130521804,1.1366337713995154,69.93991220571333,0.13570087514545853,0.02419100956156536,0.09690156446724926,0.0007168425061153805,0.0,0.059373141801806896,0.12750381441015854,0.13220731317775664,0.0,0.12007333679938653,0.0,0.0,0.060205566537882525,0.0,0.0,0.0,0.0,0.0,0.0,0.0,0.0,0.07029066536654366,0.11135253720143222,0.061483333024644406
SPEA2,0.1678401107852181,0.15160135821087029,1.1071148224922924,76.32904368441231,0.08714791529169028,0.0,0.12988324829719358,0.028902468066233016,0.0,0.06981782914356327,0.07390536927797994,0.14303945143169558,0.0,0.11989747857360888,0.0,0.0,0.0,0.0,0.0,0.0,0.0,0.0,0.0,0.0,0.0,0.12385708071495499,0.1607692549374418,0.0627799042656387
SPEA2,0.15825991837160092,0.1447726721839544,1.0931615475779093,70.2619688714268,0.11367514164110525,0.02717732757390075,0.11163302998780358,0.0027928996861157924,0.0,0.07684149572743698,0.09684378396208566,0.06886844587185388,0.0,0.11515106765852548,0.0,0.0,0.06525568263244846,0.00642502450923952,0.0,0.0,0.0,0.0007137691632202378,0.0,0.0,0.0,0.04637816854748268,0.1561722365961826,0.11207192644259904
SPEA2,0.17668306534666522,0.16639339502685105,1.0618394156700375,80.32518772290044,0.0,0.0,0.14703755383570447,0.06266697766863481,0.0,0.07056465341811383,0.0,0.16162902510246263,0.0,0.12810852170813955,0.0,0.0,0.1256524632514527,0.0,0.0,0.0,0.0037932508381917003,0.0010890327455115628,0.0,0.0,0.0,0.15654515765704047,0.14291336377474817,0.0
SPEA2,0.20437521563040134,0.15307801619406153,1.3351049400281543,63.15825905275397,0.13632268765039698,0.025397250055665958,0.007551362362794791,0.0,0.004678256881832636,0.07515913145472942,0.08781983947445492,0.06768639294318939,0.0,0.08045662161175965,0.0,0.0,0.14097581501093961,0.0,0.0,0.0,0.0,0.05604469502013936,0.0,0.0,0.0,0.1367080218710857,0.12402473045292554,0.0571751952100861
SPEA2,0.19036968329537957,0.1621881919640916,1.1737579720817612,76.9054758449221,0.05611313611263403,0.0005442179356255106,0.11831397046628901,0.00046130004191378954,0.0005830788052871072,0.08878951880204224,0.00046130004191378954,0.1707274069641063,0.00046130004191378954,0.12380122138062323,0.0004684596943609093,0.00046130004191378954,0.08865829895399817,0.00046130004191378954,0.013586125343842298,0.0005157284455700024,0.0023030092898955385,0.0015512292054928225,0.00046364344842062666,0.014157091979110425,0.0005175437134124103,0.1789023433541157,0.13620147391161075,0.0014960019839940703
SPEA2,0.17661093353094864,0.15118795690501619,1.1681547733455016,74.73809367825632,0.11613622347364903,0.0,0.12904335395350525,0.002012477852873072,0.0,0.0801126582398588,0.06212120295614716,0.1265853228801223,0.0,0.11993162868151978,0.0,0.0,0.0,0.0,0.0,0.0,0.0,0.0,0.0,0.0,0.0,0.14341244686478152,0.12776844545670113,0.09287623964084196
SPEA2,0.2199027606760079,0.1704577817734441,1.2900717021431223,74.12031886571339,0.07731428991002656,0.0,0.1366851154445833,0.0,0.0,0.0687318085116565,0.0,0.16527345358145418,0.0,0.0,0.0,0.0,0.17209816679726284,0.0,0.0,0.0,0.0,0.0,0.0,0.0,0.0,0.18047914632284942,0.1466553587744618,0.052762660657705344
SPEA2,0.14978593183104277,0.14438982111310691,1.0373718221709607,71.08081550459542,0.11499908068090843,0.021062821134208185,0.11120907938756731,0.0021391927473906613,0.0,0.07338159999388257,0.1276149515433364,0.06826127110527508,0.0,0.1278185067035632,0.0,0.0,0.00024081161310562335,0.037735334416520536,0.010314235517519489,0.0,0.0,0.00010659439664144968,0.0,0.0,0.0,0.069454985497688,0.1237924671957116,0.11186906806668157
SPEA2,0.15401648804820195,0.15682368771888722,0.9820996450758301,81.07636500893005,0.001240177497027933,0.00031277117784565475,0.13958034606026723,0.011761851534770591,0.00031277117784565475,0.06163849014277176,0.09925572314879341,0.1484294425343013,0.00031277117784565475,0.14362098177211452,0.00031277117784565475,0.00031277117784565475,0.0003242891187434957,0.00031277117784565475,0.00031277117784565475,0.00031277117784565475,0.006228993918659645,0.00031277117784565475,0.00031277117784565475,0.00031277117784565475,0.00031277117784565475,0.17484026445814047,0.14488139256280813,0.06444479311745364
SPEA2,0.23560804885880673,0.16744301999263497,1.40709388106575,66.62572975986075,0.15074795969108504,0.0,0.12632873862461913,0.0,0.0,0.044123235710253714,0.0,0.1313337815996784,0.0,0.0,0.0,0.0,0.14132397479307077,0.0,0.0,0.0,0.00453295015843837,0.06381234857822325,0.0,0.0,0.0,0.1634893881465521,0.11851779040826001,0.05578983228981918
SPEA2,0.19192570690358657,0.15385358474552202,1.2474568416526457,71.7429853678079,0.08620095503443209,0.0,0.10583651248502472,0.0,0.0,0.04793468816216904,0.08474850572831352,0.11127475917315342,0.0007373809298557207,0.11752858254621475,0.0,0.0,0.12686594748258173,0.0,0.0,0.0,0.0,0.026464115069257128,0.0,0.0,0.0,0.1454811465549989,0.1211890074286323,0.02573839940536656
SPEA2,0.21159949506669173,0.15437702613514534,1.3706669986080213,63.71202458733109,0.16470888109084003,0.018249473497109807,0.009517409984774622,0.0,0.0,0.09850315423159735,0.08509071350725644,0.11640212878480881,0.0,0.08980595397855178,0.0,0.0,0.060489031311952615,0.006585244923197851,0.00032922276001252064,0.0,0.0,0.05414415749255289,0.0,0.0,0.0,0.14456694076861126,0.15160768766873411,0.0
SPEA2,0.21129959222211897,0.1628134132441666,1.297802116004036,74.38529031217317,0.08788271150369456,0.0,0.14351592877124156,0.0,0.0,0.0,0.0013875716769674706,0.12533226850039375,0.0,0.06444439132457924,0.0,0.0,0.16442115786968287,0.0,0.0,0.0,0.0,0.0008780494559009426,0.0,0.0,0.0,0.18907465518838693,0.1633017585730156,0.05976150713613706
SPEA2,0.1738412468726963,0.14768511531881887,1.1771074322379222,69.34216015461678,0.1293597038302802,0.0,0.10670691009171353,0.0,0.0,0.07319840917062921,0.1379567337638999,0.11294021844826209,0.0,0.10704627848986306,0.0,0.0,0.0608659801677744,0.0,0.0,0.0,0.0,0.02900394348823788,0.0,0.0,0.0,0.05868704870021777,0.13131742519531195,0.05291734865380999
SPEA2,0.13861027455501784,0.1498435021861149,0.9250336019432815,77.9409026128431,0.05542113523136186,0.0,0.1276532497072397,0.06306946062239403,0.0,0.050047092249704314,0.10684784676110429,0.13492068803166937,0.0,0.12622888857732809,0.0,0.0,0.014496385767661536,0.0,0.0,0.0,0.0025018053218917747,0.0,0.0,0.0,0.0,0.06852554325135127,0.14523337369793501,0.10505453078035876
SPEA2,0.21283234745217444,0.15641137036427863,1.3607217106818552,66.27795056674688,0.1546145308704735,0.009657066916723108,0.12536853860029673,0.0,0.0,0.08991074765121065,0.07649830692686974,0.07788475310681009,0.0,0.0807234186244862,0.0,0.0,0.06080107111439182,0.0,0.0,0.0,0.0,0.04555175091216619,0.0,0.0,0.0,0.13597453418822458,0.14301528108834743,0.0
SPEA2,0.1820075300986095,0.15447135025567416,1.17826075707475,76.13840294893738,0.1129687970078189,0.0,0.13392342146975356,0.0,0.0,0.0737046865127907,0.0,0.16418044297265696,0.0,0.12692546520827558,0.0,0.0,0.011385691241204109,0.0,0.0,0.0,0.0,0.0,0.0,0.0,0.0,0.14656713348357178,0.14198918606617073,0.08835517603775775
SPEA2,0.18180582415466212,0.1479284294579196,1.2290120622579817,69.74710731036421,0.1320806815376987,0.02186779109546132,0.09664566457981956,0.0,0.0,0.018699186577281205,0.10936834202388475,0.06158927548752293,0.0,0.12293001110550841,0.0,0.0,0.06962209549997216,0.0014553226806645482,0.0,0.0,0.0,0.0,0.0,0.0,0.0,0.13782712645889872,0.1603542809583623,0.0675602219949255
SPEA2,0.2118724914736096,0.17188844216525476,1.2326162760257835,74.68556033916812,0.07257838413968579,0.0,0.13255451457947762,0.0567182518019823,0.0,0.07182019122821838,0.0,0.15494168786273713,0.0,0.0,0.0,0.0,0.16189117266339717,0.0,0.0,0.0,0.0,0.0,0.0,0.0,0.0,0.17080157006391847,0.1362934628886698,0.042400764771913325
SPEA2,0.1572708487935534,0.14458639956736527,1.087729200423711,68.00257786385532,0.13973946920734184,0.03050722753044155,0.07622537710699573,0.005608730504672566,0.002694463910086766,0.08548534464868322,0.1310844893006183,0.07073061293203999,0.0014534014275258275,0.07960876534325764,0.0017041725951517522,0.0014534014275258275,0.0037103493703875283,0.009721764744900338,0.01303382140766975,0.00038599845107935277,0.0003137432092985985,0.0003783879211956423,0.0014904638853573983,0.00144215797155118,0.0014534014275258275,0.05818043461914683,0.16825541523358314,0.11533860582396346
SPEA2,0.19429737914383508,0.15826048970833143,1.2277061665986146,75.41893047028867,0.08712189357889916,0.0,0.13650587258250385,0.0,0.0,0.0,0.0,0.13916118668633126,0.0,0.12129555404264951,0.0,0.0,0.15479650621652552,0.0,0.0,0.0,0.0,0.0,0.0,0.0,0.0,0.16383054497578742,0.12978196106252543,0.06750648085477778
SPEA2,0.21171650627439842,0.1635295003412513,1.294668581709056,72.85493518423684,0.10287881972306115,0.0,0.11037569178101461,0.0,0.0,0.06539543942734358,0.0,0.1444897081959184,0.0,0.05791986505284793,0.0,0.0,0.17319894319157067,0.0,0.0,0.0,0.0,0.0,0.0,0.0,0.0,0.1696283774486266,0.11454751179723459,0.06156564338238262
SPEA2,0.18447024290481684,0.14786387869621195,1.247567996534252,62.4441752916166,0.14633085381855163,0.01259785746846456,0.001036532453745357,0.0019204579823245195,4.866972967945046e-05,0.1289344300392882,0.1411690899678958,0.06814824520371994,4.866972967945046e-05,0.08302480565602478,4.866972967945046e-05,4.866972967945046e-05,0.08158172083508936,0.00852680204185016,4.866972967945046e-05,4.866972967945046e-05,4.866972967945046e-05,0.06303147178763673,4.866972967945046e-05,4.866972967945046e-05,4.866972967945046e-05,0.05209973782078485,0.15242557833305534,0.058685719294774334
SPEA2,0.2327327846114265,0.16957688713599442,1.372432225535449,68.99406626170887,0.12103433672193263,0.018657922460988095,0.13916800364540274,0.0,0.0,0.07909047902320285,0.0,0.1436085353478828,0.0,0.0015686992688313454,0.0,0.0,0.15248432032138007,0.0,0.0,0.0,0.0,0.019076401243092483,0.0,0.0,0.0,0.163141874916066,0.16216942705122103,0.0
SPEA2,0.22487476858661593,0.1604911845714345,1.4011658595897791,63.03554842181711,0.15933571523797807,0.012961428776932763,0.000556260599197477,0.0,0.0,0.08128004289782403,0.0765717062233612,0.07555343061297261,0.0,0.0066565590756891575,0.0,0.0,0.15873220918875455,0.0,0.0,0.0,0.0,0.03967209645050055,0.0,0.0,0.0,0.16507811261481625,0.1452293771279969,0.0783730611939764
SPEA2,0.19735709203376342,0.15023892274412337,1.3136215863973444,64.98367276365028,0.1558440297210024,0.013440261147133111,0.0006525586149369706,0.0,0.0,0.0896383028617597,0.07622586213741879,0.07845842471867731,0.0,0.08045097383503524,0.0,0.0,0.07693110413844508,0.0,0.0,0.0,0.0,0.04527930612271523,0.0,0.0,0.0,0.13570208939877362,0.14274283629889647,0.10463425100520607
SPEA2,0.21503876676008665,0.1598071329087354,1.345614321751793,69.91480339292539,0.15095800472360546,5.0022315240602045e-05,0.14034426638039468,5.0022315240602045e-05,5.0022315240602045e-05,0.07957061606233484,5.0022315240602045e-05,0.055481785367408984,5.0022315240602045e-05,0.13337862415687915,0.0001509364106522662,5.0022315240602045e-05,0.12939675605839496,5.0022315240602045e-05,5.0022315240602045e-05,5.0022315240602045e-05,0.0012057109810817187,0.002923499050834202,5.0022315240602045e-05,5.0022315240602045e-05,5.0022315240602045e-05,0.15503973107885383,0.14841003097681185,0.0025397709698607596
SPEA2,0.17469069204333937,0.14555562485670923,1.2001644884236653,64.57051611450575,0.1434662327401624,0.031739458109581606,0.09259649647441524,0.0,0.0,0.0546031020063863,0.1267596320734966,0.06528362412533072,0.0,0.08134329569565867,0.0,0.0,0.04367975057015565,0.004663901722013164,0.0,0.0,0.0,0.055372036359425954,0.0,0.0,0.0,0.047186897963276964,0.1632807841635366,0.09002478799656004
SPEA2,0.22468954712000358,0.1616710607306428,1.389794475922656,67.77605065564991,0.1447472840168964,0.0,0.11109025158703247,0.0,0.0,0.03924657609061955,0.0,0.1273378149176075,0.0,0.10064952138661776,0.0,0.0,0.13532329911888213,0.0,0.0,0.0,0.0,0.0578116729040346,0.0,0.0,0.0,0.16311211064356626,0.12068146933474336,0.0
SPEA2,0.14908165644375154,0.1538877991428677,0.9687685266415813,80.09006803782569,0.011817452926434277,0.0011129907282180819,0.14467567731861167,0.014364660564036407,0.0011129907282180819,0.004163976521004976,0.12119924431452642,0.12966859389597624,0.0011129907282180819,0.13952686678226317,0.0011129907282180819,0.0011129907282180819,0.002123388542280308,0.0011129907282180819,0.009783947356172508,0.0011129907282180819,0.0011290102026344955,0.0011129907282180819,0.0011129907282180819,0.0034368678753132036,0.0011129907282180819,0.1671347071533734,0.16771983225307255,0.07212586701211979
SPEA2,0.18565067475121688,0.15107438115333832,1.2288693379639537,70.42395807811718,0.1601509119189781,0.00015740595702119274,0.13913715235250776,0.0,0.0,0.0,0.05464252258570855,0.11734359381171175,0.0,0.1112828363238433,0.0,0.0,0.133852406991584,0.0,0.0004304258753043872,0.0005152167216611752,0.0005909402226925767,0.002682762402994661,0.0,0.0,0.0,0.06690860027311227,0.13433170959476226,0.07797351496811815
SPEA2,0.1864403139937295,0.15770889690370626,1.1821800650065166,75.9655444487237,0.06644356595729542,0.0,0.13143386752141048,0.019314166637899463,0.0,0.0,0.06430351161116643,0.13331934995498426,0.0,0.11622354722562743,0.0,0.0,0.1359897453567276,0.0,0.0,0.0,0.0,0.0,0.0,0.0,0.0,0.1771513900769561,0.10814141152755556,0.047679444130377245
SPEA2,0.14924609215874532,0.1614920188190728,0.9241700812840344,82.86369074758406,0.0024687895942208746,0.0030488838357373964,0.14318502850256673,0.0719149545558195,0.0024912674875931335,0.005564897900631038,0.0025651525565895663,0.1766620672255859,0.002459258853835307,0.1363019196270653,0.0006936653177519422,0.0006010641907245164,0.012843586410239019,0.0007773567117878553,0.0027183050805240985,0.0006007137098641934,0.012015311737996111,0.003771800387107272,0.0024466161613376745,0.001292982192375354,0.0023987384737407073,0.17035682352383594,0.15130196564993428,0.09151885031313622
SPEA2,0.18834756511884237,0.15210475920887614,1.2382752919663493,69.65626313258883,0.12058382964157459,0.0,0.04937480090554215,0.0,0.0,0.010788773685389075,0.11877883855259012,0.0763418428746954,0.0,0.06723853486727664,0.0,0.0,0.130943884857606,0.0,7.186383836748206e-05,0.0,0.0,0.015228686269226873,0.0,0.0,0.0,0.1620543127982136,0.10726590029928072,0.14132873141023722
SPEA2,0.22452796781044632,0.17646041308723337,1.2723985163712084,73.51823142691597,0.10124525417568618,0.0,0.16283032094938976,0.0,0.0,0.05020065272010023,0.00171430208403976,0.179571003472134,0.0,0.0,0.0,0.0,0.10917939376657107,0.0,0.0,0.0,0.05414292019997444,0.017280937345016102,0.0,0.0014240995494079751,0.0,0.18536725427978057,0.1370438614578999,0.0
SPEA2,0.18468496478372387,0.1502814974890436,1.2289268331065737,71.41565903673238,0.12825503829739626,0.0,0.10494554311852407,0.0,0.0,0.04917732649224032,0.07606197525605259,0.0653292788405905,0.0,0.08783532462900596,0.0,0.0,0.07787001827160064,0.014203273359585647,0.0,0.0,0.0,0.0,0.0,0.0,0.0,0.13968782898701293,0.13198613551412103,0.12464825723387019
SPEA2,0.23373237890374873,0.1716183157155108,1.3619314344699869,70.69908075519804,0.14852958321753984,0.0,0.15329214250088766,0.014203116629983909,0.0,0.03055292283268554,0.00045502167439271746,0.17917196702358446,0.0,0.005204566924685796,0.0,0.0,0.13027980080050172,0.0,0.004382071398394268,0.0,0.0007767560339518038,0.015240970983619491,0.0008697071041785093,0.0,0.0,0.18052627789858045,0.13025893431969698,0.006256160657316838
SPEA2,0.17917971310296588,0.16904537360384891,1.059950410254151,80.42589943702126,0.00015586555741770795,0.00015586555741770795,0.1685103197660313,0.00028402707909606635,0.00015586555741770795,0.06339948310342136,0.008524936437210508,0.17179311288732746,0.00015586555741770795,0.00015586555741770795,0.00015586555741770795,0.00015586555741770795,0.06874524719852725,0.00015586555741770795,0.00015586555741770795,0.00015586555741770795,0.04872634149601435,0.013821137699181776,0.00015586555741770795,0.00015586555741770795,0.00015586555741770795,0.17752073265449048,0.12927868889182265,0.14736972054044656
SPEA2,0.22399415488176833,0.16408795014155753,1.36508594743569,69.31277934490734,0.13515954573760375,0.01988140828601544,0.15991678253762667,0.0,0.001035038308441334,0.06467380987753515,0.003087920435152946,0.08190598662323227,0.0,0.06684069853366549,0.0,0.0,0.13196097834824363,0.0,0.000922188297579039,0.0,0.0010713422953237159,0.011470504611126095,0.0,0.000937026923521648,0.0,0.18652858909850764,0.11846110877591652,0.016147071310508618
SPEA2,0.20478437955650183,0.16206920210209486,1.2635613484880288,74.51065455347273,0.15219898204639928,0.0,0.15762284901863574,0.0023137995980572045,0.0,0.038552061204935,0.0,0.18146881871619536,0.0,0.01068136345671739,0.0,0.0,0.0012632625916666662,0.008987532700983396,0.0,0.0,0.0009752336852634333,0.0,0.0,0.0,0.0,0.19253607693590977,0.10258834614973991,0.1508116738954967
SPEA2,0.15229216486056418,0.14582858766485834,1.0443231145498053,70.55045041364902,0.12036926215616141,0.001297734627691216,0.11673541212810433,0.0031560807182693692,0.0008940652391829795,0.013949813150612876,0.12307301390941297,0.07950288233991921,0.0019655470311139302,0.08856547936612337,0.00438360086490186,0.003104292202127268,0.09834118338339948,0.003920743356799825,0.003216560087889875,0.0031610394652238014,0.0008520335736249057,0.0038459458656487067,0.002154116762015742,0.0010468450522924395,0.002152021129628509,0.025739231279014303,0.1540833254353806,0.144489770875461
SPEA2,0.16538056756067823,0.14418893470983624,1.1469712838470423,63.42128829881865,0.14371767073460837,0.06564031339633784,0.0719068008514254,0.0,0.0,0.05645703031028915,0.09211242718843318,0.07129720212161156,0.0,0.08112598904911512,0.0,0.0,0.09337152424055718,0.015619408702752007,0.012811591456240782,0.0,0.0,0.026431901094873037,0.0,0.0,0.0,0.020008913558241314,0.14796663638737334,0.10153259090814187
SPEA2,0.24692979405732998,0.1734667569494779,1.4234992248644398,65.62452505408021,0.14273107906801225,0.0006013826143857081,0.16673452532063435,0.013735993202582343,0.0006013826143857081,0.017658868555604546,0.015380691285061183,0.08301284987435247,0.0006013826143857081,0.0006013826143857081,0.0006013826143857081,0.0006013826143857081,0.1464321095274396,0.0006013826143857081,0.0006013826143857081,0.0006013826143857081,0.002955213264275123,0.07635239260212018,0.0006013826143857081,0.0006013826143857081,0.0006013826143857081,0.19460432082110055,0.13258398249180328,0.0006013826143857081
SPEA2,0.13621315862454952,0.14355810752889245,0.9488364047787082,68.49844824127662,0.12345035380332363,0.048686040597992704,0.07849081894758111,0.0016499964322022826,0.0016499964322022826,0.05045174639658626,0.09751125677900789,0.09267267050656669,0.0016499964322022826,0.09812618277710469,0.006289104570544059,0.0016499964322022826,0.0016499964322022826,0.03545658948228408,0.035858703077299194,0.0016499964322022826,0.0032037076533277067,0.002228629500252178,0.0016499964322022826,0.004636949868825352,0.0018951795477493906,0.038480132265708546,0.12138788151383145,0.14962407768659916
SPEA2,0.17970581587128157,0.16198155952460405,1.1094214452478173,79.55525389517842,0.012290587354765412,0.0,0.14221034221329368,0.007576942388564921,0.0,0.03904205391814059,0.0,0.16498809162130187,0.0,0.0800426859858826,0.0,0.0,0.11904551548497812,0.007802838146854143,0.0,0.0,0.0007343961935003321,0.007846869808052567,0.0,0.0,0.0,0.18022677379047375,0.12198580893031959,0.11620709416387241
SPEA2,0.23468293659677647,0.17571633908667952,1.3355783407313602,71.42603805760186,0.13072622261946218,0.0,0.15864760885334517,0.0,0.0,0.06364922629388538,0.0,0.16774980001590747,0.0,0.0,0.0,0.0,0.12130825222791428,0.0,0.0,0.0,0.03262616222069493,0.016578909701622735,0.0,0.0,0.0,0.19280412925321241,0.11590968881395543,0.0
SPEA2,0.1667363488531537,0.14763918271810983,1.1293502563713484,71.95794986419423,0.12538336122956165,0.0008895702004724103,0.13125915553569747,0.0,0.012878764754501434,0.02937161706753263,0.10506603508130044,0.09053718296935145,8.097924834973093e-05,0.06754457736789125,0.0,0.0,0.07439906225718534,0.0,0.0,0.0,0.0,0.0,0.0,0.0,0.0,0.07740520437243162,0.11909414913780363,0.1660903407779209
SPEA2,0.24318887698174732,0.17248069428403057,1.4099483886659157,67.31476644558236,0.14330763303547464,0.0,0.12274353771265624,0.012285424663935207,0.0,0.04111913427681202,0.0016575623046612398,0.16949273882079482,0.0,0.0,0.0,0.0,0.13386174420732164,0.0,0.0,0.0,0.0,0.06522890472048991,0.0,0.0,0.0,0.184606711172351,0.12569660908550312,0.0
SPEA2,0.20869030765675367,0.16015660824678682,1.3030390062655475,73.18550592135371,0.13018654750682054,0.0,0.14304943291545838,0.0,0.0,0.02409388568550841,0.0,0.1275750364298075,0.0,0.003975207923354158,0.0,0.0,0.08086161374460336,0.01761136689466328,0.0,0.0,0.0,0.0,0.0,1.3703641420448804e-05,0.0,0.18386331686794438,0.14004219377448696,0.14872769461593238
SPEA2,0.21370193832225304,0.16472196511908083,1.297349373945142,72.73487573684295,0.12496255113491807,0.0,0.12631814642345934,0.03937937974704794,0.0,0.04301407196587969,0.0,0.1758161404035693,0.0,0.059532750751377345,0.0,0.0,0.10153600449445224,0.0015073539682433279,0.0,0.0,0.0,0.017004537894922206,0.0,0.0,0.0,0.1766881450880783,0.11392089128322425,0.02032002684482801
SPEA2,0.21770223117042148,0.1696787071434802,1.2830262254787963,73.00593640044502,0.13742945896956738,0.0,0.15084671136264388,0.04614964430286938,0.0,0.059920280553915926,0.0,0.17570062988844254,0.0,0.039249525738993575,0.0,0.0,0.10114870532884444,0.0,0.011426389682951956,0.0,0.0,0.0,0.0,0.0,0.0,0.18060352267432989,0.09159310108197452,0.005932030415466363
SPEA2,0.13469552808440918,0.14283251378936207,0.9430312784598004,66.73706050941806,0.07760975481734665,0.06282538646735746,0.045135098355228366,0.0,0.007215758380584499,0.04167663750103695,0.08760904758065484,0.07189018552072193,0.0006948889465621271,0.09103034272477106,0.0,0.0005815804389106239,0.09231631110092522,0.01955097380995974,0.040781734820217234,0.0,0.0,0.033670695758094046,0.0,0.0008010303010149414,0.0023693704350744565,0.018366380276279046,0.1283926123553575,0.1774822104099032
SPEA2,0.21168768581166397,0.15596957285977756,1.3572370682965136,63.86191397466817,0.140495317250302,0.06454489727429485,0.06934923198153624,0.0001085175977846159,9.671188618558951e-05,0.035289001026060245,0.09363380226361534,0.07658271250854295,0.0,0.056426176624017624,0.0,0.0,0.08971460794094933,0.000812984198995028,0.009589237971934455,0.0,0.0,0.023803544834554602,0.0,0.0,0.0,0.1853196436648396,0.1519708515398528,0.0022627614365346846
SPEA2,0.2385585595599321,0.17227683395669557,1.3847396314463118,69.42326314828907,0.13709793209753343,0.0,0.15496980786876133,0.0,0.0,0.06574998464664063,0.0008899908109911471,0.1670108718164627,0.0,0.0,0.00984728815438425,0.0,0.12990349197348708,0.0,0.0,0.0,7.884076122797594e-06,0.02935390622186277,0.0,0.0,0.0,0.18266767624924105,0.12250116608451274,0.0
SPEA2,0.21563707255636594,0.17823817693320232,1.2098253935641379,75.38916808516211,0.055686305390923306,0.0,0.16552440039661154,0.0,0.00130649609129777,0.06661025616717602,0.002912932491966188,0.18218154928754804,0.0013011888899178477,0.0,0.0,0.0,0.10888821657351619,0.018196835009088995,0.0,0.001480050081518729,0.053404375704336225,0.019547281540338166,0.0,0.0,5.6389028489346954e-05,0.18799880452397555,0.13361439140055037,0.00129052742274571
SPEA2,0.16547453230404802,0.14944724469245435,1.1072437812057092,74.98913508317722,0.09610474144930461,0.0,0.10756662330783602,0.0038495512361754513,0.0,0.03395975304307094,0.11556617266510966,0.07929965964489727,0.0,0.08986495581842409,0.0,0.0,0.0,0.0,0.0,0.0,0.0,0.0,0.0,0.0,0.0,0.17017716295094676,0.12704332611243044,0.17656805377180468
SPEA2,0.20635360392857735,0.15610604728344815,1.3218809105703166,65.8446288621062,0.13007891277162814,0.001823874474231881,0.11207393178655777,0.001823874474231881,0.001823874474231881,0.05085533972494467,0.07788584973028446,0.06623285225591352,0.001823874474231881,0.08965919910323784,0.0018284054162053674,0.001823874474231881,0.07969389274583252,0.016027147833817527,0.001823874474231881,0.001823874474231881,0.001823874474231881,0.07069333750145344,0.001823874474231881,0.001823874474231881,0.001823874474231881,0.1415117034612448,0.1338100099883529,0.009586798463976373
SPEA2,0.15509898446603898,0.15489429728003465,1.0013214636665047,79.75639722305667,0.009511276493881166,0.0,0.10528030356018499,0.0,0.0,0.03638207883603124,0.10559386978835872,0.15031144151027584,0.0,0.06740475304774463,0.0,0.0,0.0448087441552034,0.0,0.003233642952030083,0.0,0.0,0.0,0.0,0.0,0.0,0.17384153013927173,0.12476321144783539,0.17886914806918272
SPEA2,0.1797130474233216,0.15248905308094918,1.1785308111784292,73.53013270018437,0.11803775409175497,0.0,0.09306567580232655,0.0,0.0,0.005928930637447367,0.046244955435724634,0.12967090586089308,0.0,0.08932830714084121,0.0,0.0,0.09227089501595151,0.022510228676407975,0.004131172285970853,0.0,0.0,0.0,0.0,0.0,0.0,0.152266299882107,0.09270497313362218,0.15383990203695275
SPEA2,0.20576543048785673,0.16653830623436994,1.2355441528166038,76.46334875461888,0.049677176402718064,0.00021295359508766276,0.16137812165157744,0.005122664057713738,0.00021295359508766276,0.043571322801845724,0.0002255224529331368,0.17803527054251395,0.0002464356849080663,0.08004806986948078,0.00021295359508766276,0.00021295359508766276,0.13806078842323535,0.0006521913889217856,0.00021295359508766276,0.00021295359508766276,0.0006251503703543175,0.015401002795304097,0.00021295359508766276,0.00024051751370644125,0.0002138871794295627,0.18590209215983308,0.13011379586275099,0.008995315677159851
SPEA2,0.1909532512971167,0.15147548730638338,1.2606214688115394,68.4105597109724,0.1055895088441672,0.03223111906229984,0.10325246170180649,0.0,0.0,0.038716099139550146,0.08981876382294073,0.06727746493585336,0.0,0.07650197170466286,0.0,0.0,0.10227650253875083,0.00418354936058948,0.0,0.0,0.0,0.028359128456555298,0.0,0.0,0.0,0.15814799038675972,0.10435878526767088,0.08928665477839312
SPEA2,0.2121991357978608,0.15731772591784132,1.3488571269373746,66.95224953953917,0.1220763599404101,0.0008287210234282728,0.0700368933418593,0.0,0.0,0.02203720168508437,0.09228379805004751,0.13685804465362683,0.0,0.07024655314694149,0.0,0.0,0.10861956934972988,0.014598595253183638,0.0,0.0,0.0,0.06581765610251207,0.0,0.0,0.0,0.14982729429527392,0.1467693131579027,0.0
SPEA2,0.15116951081153268,0.14331367966367448,1.05481564053267,65.33709526968424,0.12672255134081448,0.0548203488669938,0.07284053516842051,0.0,0.0,0.05068259494179246,0.0949548706252396,0.09898415613455652,0.0,0.07785924257638008,0.012451576629989672,0.0,0.005546727002499039,0.032963121959898846,0.04635919753854993,0.0,0.0,0.03698275072339325,0.0,0.0,0.0,0.03629843825375453,0.13955300340088456,0.11298088483683273
SPEA2,0.1492853445608457,0.16329575639519922,0.9142022294783563,82.20302009180323,2.5974525758577525e-05,0.004666519646666624,0.13143876231999482,0.007789656948802823,0.0020105741224013605,0.026250971894829254,0.012031630655830478,0.14881319203364377,0.0011893095108409847,0.08920298295089654,0.0,0.0,0.0,0.026869313658732588,0.0,0.001995733153341153,0.06483757031102394,0.003793279821772602,0.0,0.0009564923026299985,0.00016552866971361474,0.18235036264841026,0.11859030170055924,0.17702184312415153
SPEA2,0.2233166035738049,0.17365291348571046,1.2859939927940292,72.6616734144846,0.12775173762751926,5.1614429898211306e-05,0.16772934729425018,0.0,0.0,0.0780219151307644,0.0077439639654293705,0.17117138071513513,0.0006307617098681315,0.0,0.0,0.0,0.0679642747267461,0.0,0.0,0.0,0.047945369024233214,0.013040165227400638,0.0,0.0,0.0,0.17678722760594898,0.1284977164200415,0.012664526122764858
SPEA2,0.1870138726928586,0.15795971209203535,1.1839339931431048,77.09658188059483,0.10064666471044899,0.0,0.15634276489987245,0.012583218113716713,0.0,0.041379232923013806,0.0,0.16942890838315822,0.0,0.06044808761384692,0.0,0.0,0.0,0.024040350016808293,0.00023396163029454155,0.0,0.0,0.0,0.0,0.0,0.0,0.1777859433674143,0.13145904575134407,0.1256518225900817
SPEA2,0.19931152924252865,0.1545506064117032,1.28961984601722,70.78902382772975,0.14364830757268598,0.0,0.09639829280197404,0.006902253197581227,0.0,0.04068363512677527,0.06751472493950256,0.05678202852404047,0.0,0.07928807431245594,0.0,0.0,0.08038942826572451,0.0,0.0,0.0,0.0,0.0,0.0,0.0,0.0,0.18875089719396318,0.12354135114797667,0.11610100691732016
SPEA2,0.15898065923524718,0.1450311891926653,1.0961825530096898,64.16537683007411,0.15294967987586075,0.06661341536883014,0.07296423809490483,0.0003103143698019409,0.00036763109999987404,0.039352296842805744,0.08770287481797127,0.08569972918892581,0.0003139668670557934,0.08459964994552642,0.0003103143698019409,0.008113338478135364,0.09450011264979051,0.021110616965011125,0.013121905826042722,0.00030984318047530025,0.0003103143698019409,0.0023323984993679717,0.00034948010442555576,0.00039036621052381177,0.0003103143698019409,0.01952018409427132,0.14652589314192566,0.10192112126894233
SPEA2,0.18581678063574353,0.15118149670507677,1.2290973742523061,68.75881976971718,0.07869367055970203,0.012298837885140298,0.13419575148852397,0.0,0.0,0.05593199423044177,0.11982271313909139,0.06350758494821153,0.0,0.06726294554831629,0.0,0.0,0.08600171233394655,0.0,0.0,0.0,0.0,0.06428403910918144,0.0,0.0,0.0,0.12057065088658638,0.11771564305363978,0.07971445681721877
SPEA2,0.20768502978189796,0.16949757694337714,1.2252979277177387,75.2053790406174,0.06531703916553307,0.0,0.15531509289402373,0.0,0.0,0.07105964254287671,0.0,0.1409472599205544,0.0,0.06716947380694861,0.0,0.0,0.10496582759508025,0.0,0.0,0.0,0.05422089660578589,0.0188696178459396,0.0,0.0,0.0,0.18181248522287433,0.14032266440038343,0.0
SPEA2,0.18549167278392814,0.16626139151033908,1.1156629395369473,78.33330713963774,0.004125683053065847,0.002058381300348432,0.16696074114028067,0.002051433676882445,0.002058381300348432,0.05992085597146603,0.002058381300348432,0.14745894034589965,0.002058668924947582,0.002058381300348432,0.0020513542698104956,0.002058381300348432,0.1182295583459006,0.0020515563862498307,0.0020570489812149735,0.002058381300348432,0.0024065675225147824,0.011070124074327522,0.002058381300348432,0.002058381300348432,0.002058381300348432,0.17492887337389088,0.1485612889178176,0.1375418733125952
SPEA2,0.2073280660067065,0.17800597545931623,1.164725315943632,76.77106619747582,0.06500922282909184,0.0,0.1764245116234743,0.005126838076136694,0.0,0.06352195762342419,0.005701057844540534,0.16745219069684644,0.0,0.009323736024191207,0.0,0.0,0.09810732403224424,0.0,0.002578821362381464,0.0,0.08051536235708229,0.0,0.0,0.0,0.0,0.1766545227233095,0.1381420557895581,0.011442399017719233
SPEA2,0.18610606798329216,0.15554448520668776,1.1964813007416761,73.52498667435236,0.052964382384759194,0.0,0.15755002625621578,0.0,0.0,0.029346577169203452,0.09383372698325096,0.12861314100440133,0.0,0.0774681191396152,0.0,0.0,0.11056635889783577,0.0,0.0,0.0,0.0,0.046425677367253816,0.0,0.0,0.0,0.1462993402150091,0.09015056301591835,0.06678208756653708
SPEA2,0.19255129599870174,0.171999732352951,1.1194860210804167,78.27122162131624,0.03228541899838421,0.0,0.14981611152049756,0.008610355267957774,0.0,0.055306648319977586,0.0,0.1559809029915099,0.0,0.0,0.0,0.0,0.11771780932820257,0.0,0.0,0.0,0.06549643668064724,0.0,0.0,0.0,0.0,0.1709918948984262,0.14553113716405736,0.09826328483033958
SPEA2,0.17140414184117697,0.17382034763944965,0.9860994076292809,82.35173645634103,0.0,0.0,0.16280172794791498,0.03512208826103632,0.0,0.068292264747395,0.002915901635098068,0.1689665194189273,0.0,0.0,0.0,0.0,0.018317753117776548,0.0,0.0,0.0,0.07848205310806465,0.0,0.0,0.0,0.0,0.1839775113258436,0.14653476398655194,0.13458941645139147
SPEA2,0.15042910441047566,0.14285019526773984,1.0530549442269288,65.09105868573067,0.08576814426281786,0.0713255542236904,0.08041744695111197,0.0018640659798129012,0.0,0.06391061495822566,0.1418713148715847,0.045353535023563825,0.0,0.08115331352015961,0.0,0.0,0.05058698825727071,0.0,0.0,0.0,0.0,0.05082611477732062,0.0,0.0,0.0,0.0420073431238246,0.14474504389425843,0.14017052015635878
SPEA2,0.14135637488747615,0.1474067713816169,0.95895441954646,76.02161096781649,0.05738215998565337,0.00021915882908166585,0.17403323174810925,0.00021915882908166585,0.00021915882908166585,0.03233920846432793,0.13449451015203165,0.11451164329200966,0.00021915882908166585,0.09004277250859263,0.0007269804385652474,0.00021915882908166585,0.06746244149719749,0.00021915882908166585,0.0010745635121794034,0.00021915882908166585,0.00021915882908166585,0.002942785774561901,0.00021915882908166585,0.00021915882908166585,0.00021915882908166585,0.02448121162554345,0.15518019196966318,0.14291755191166644
SPEA2,0.23224467591543652,0.17098375627367965,1.358285026465915,70.01976601083751,0.07725455409754835,0.00020573783694879643,0.1735125323714555,0.000116430977013885,0.0008923540968243313,0.06349046687726763,0.000116430977013885,0.1458955985381644,0.000116430977013885,0.00023528807377661635,0.000264169051754748,0.00012100687991131961,0.12475419236696757,0.00028642889486303223,0.000116430977013885,0.0001270905936688479,0.000116430977013885,0.07679779503542024,0.000116430977013885,0.00012598179837678338,0.000116430977013885,0.16864668236581185,0.16643713886320613,0.00013796541893669296
SPEA2,0.15193809787304344,0.14541025365896285,1.044892599041816,71.51559158696989,0.0778678342037441,0.027626831820675563,0.06228941532640018,0.03494114234691468,0.0,0.05390689343975212,0.14642550530272364,0.1113085397583302,0.0,0.09121805115324728,0.0,0.0,0.006643498464889817,0.0,0.0,0.0,0.0,0.02704403589009465,0.0,0.0,0.0,0.09963689407399036,0.14357483501616822,0.1175165232030691
SPEA2,0.1391555670510619,0.14427481167561407,0.9645174056018717,70.16677607993793,0.06008867163657456,0.061666029779036395,0.06913646706084964,0.00037476050864909753,0.00037476050864909753,0.031646412276958046,0.14254702392392712,0.11591710968353565,0.00037476050864909753,0.08459288658857358,0.00037476050864909753,0.00037476050864909753,0.09686155705420765,0.00037476050864909753,0.0003773179666808108,0.00339203936318896,0.00037476050864909753,0.0035129593542687293,0.00037476050864909753,0.00037476050864909753,0.0011643857473777211,0.04299823293211908,0.14174924248617807,0.14097681956868205
SPEA2,0.14463308368158567,0.14334578814785534,1.0089803512915394,66.28331956858973,0.06127570083627936,0.0687862433531978,0.08250286011039484,0.0038720459153991117,0.0,0.06612282455569651,0.14395672803086754,0.04743894818284668,0.004914302862676662,0.08323748873028813,0.0,0.0,0.05277663901192028,0.0,0.0,0.0,0.0,0.052911527936603475,0.0012652629221616416,0.0,0.0,0.04409275628310746,0.14683045705354128,0.14001621421501928
SPEA2,0.1589525605739672,0.14803858349728136,1.0737238685946104,74.01172269893328,0.05159452338505095,0.029260919502551278,0.07594849298539373,0.0,0.0,0.02683481877147877,0.1289901204591825,0.1090072535991605,0.0,0.08453838281574347,0.0,0.0,0.06195805180434833,0.0,0.0,0.0,0.0,0.0,0.0,0.0,0.0,0.14426387277970631,0.14967580227681404,0.13792776162057008
SPEA2,0.17794200646336258,0.17118488528452575,1.039472650681781,80.6098309974476,0.0,0.0,0.15624746139261741,0.0,0.0,0.034997126047497544,0.0,0.1564717365995791,0.0,0.0,0.0,0.0,0.11182035495103149,0.0,0.0,0.0,0.07220493397969487,0.0,0.0,0.002661640270051538,0.0,0.16504919706754867,0.15509713786183738,0.14545041183014187
SPEA2,0.12672326093675185,0.14559451948670657,0.8703848289311621,74.24697070003293,0.06741330320265383,0.003380215779172842,0.10990010234807213,0.005920802224490739,0.002795068641688809,0.0411019392940015,0.15519773730824526,0.11444408130115347,0.00014814003259427055,0.09893164401840884,0.0043719156108718025,0.0001369415586779814,0.0021519288854237695,0.007986030608183006,0.007913459892647901,0.005982375072016536,0.002766674039633402,0.011160300019317478,0.0028510032353238116,0.002649189182636883,0.0057895316487957555,0.02887766053106412,0.15933691507105774,0.1587930404938681
SPEA2,0.13274729796796048,0.14645484937483808,0.9064042504199069,75.14830445866404,0.08381670365384268,0.00043532810938708594,0.15898403895348226,0.0011924304753654653,0.00043532810938708594,0.03686706535617722,0.1631245716505146,0.11821693640341319,0.00043532810938708594,0.09568477853093804,0.00043532810938708594,0.00043532810938708594,0.006606283692736821,0.00047630585883077576,0.00043532810938708594,0.00043660830190631685,0.0010336768187619871,0.0033052157286264693,0.00043532810938708594,0.01138104026860023,0.000560924612627575,0.012739290033289417,0.1530119254885199,0.14951490740665732
SPEA2,0.2266715597052288,0.16717730370194148,1.3558751976844832,70.44968130807558,0.08007176810364001,0.0,0.16352822200957937,0.0,0.0,0.0706388549444696,0.0,0.12847735247338302,0.0,0.0,0.0,0.0,0.10238164425202853,0.0,0.0,0.0,0.0007984757274763994,0.07218403509135696,0.0,0.0,0.0,0.17666272608814595,0.16348773425232002,0.04176918705760014
SPEA2,0.190488679646761,0.15876739160699965,1.1997972487844464,76.85940861915662,0.0606251645092217,0.0,0.16900067263766078,0.0,0.0,0.06418182964451734,0.0,0.10676862503235725,0.0,0.06616315034324978,0.0,0.0,0.090194988538878,0.0,0.0,0.0,0.0,0.0038203071709415866,0.0,0.0,0.0,0.17818556008983644,0.1334446800419022,0.12761502199143498
SPEA2,0.1848559336973482,0.16419269213569426,1.1258475105857766,80.04708612558036,0.0,0.0,0.1701211468194669,0.0,0.0,0.06532918768676207,0.0,0.13972696403205126,0.0,0.06731050838549452,0.0,0.0,0.11189822471544293,0.0,0.0,0.0,0.0036378190660251762,0.0,0.0006468548292118874,0.0,0.0,0.1780160363641493,0.17614708071369503,0.08716617738770073
SPEA2,0.22749381989757272,0.172196468832699,1.3211294136269367,72.0045209768112,0.06339106621514684,1.3794270828066559e-05,0.17611590069846902,0.0,8.163741957836308e-05,0.06532723501421822,0.0,0.14670955889868123,0.0,0.0,0.0,0.0,0.11383754541163939,0.0,0.0,0.0,0.005935044189536129,0.06179417598740814,0.0,0.011699260729163559,0.0,0.18181036422800187,0.1732844169373292,0.0
SPEA2,0.14445864794159713,0.14541094325138357,0.9934510065852463,73.16017610205057,0.08202994539899842,0.025930137508972093,0.060709345635512696,0.036951135391218665,0.0,0.05265903594295611,0.14468926217928413,0.10921739141074471,0.0,0.09366458750965669,0.0,0.0,0.004907255341450332,0.0,0.0,0.0,0.0,0.0016603407757215273,0.0,0.0,0.0,0.09790065095055088,0.1418385918927287,0.147842320062205
SPEA2,0.15067894056639594,0.15394553124065402,0.9787808671811875,79.44963021734904,0.008313028247653858,0.017237280792962443,0.17086485550797526,0.0007020345245220969,0.0,0.007609199093992579,0.14148306979685674,0.12524056494730224,0.0,0.07458776702753361,0.0,0.0,0.0009757908541618959,0.0,0.0031095207513959218,0.0,0.007820484097008924,0.0,0.0,0.0,0.0,0.16679255585757097,0.13951466672174215,0.13574918177932147
SPEA2,0.16012261175702625,0.1471895162978606,1.0878669608030611,72.22172639948069,0.06006534930998049,0.0,0.09351960296195912,0.0,0.0,0.024721439907888502,0.13980727784706667,0.09806358191504046,0.0,0.08969206418710855,0.0,0.0,0.0,0.0,0.0,0.0,0.0,0.07139119199434651,0.0,0.0,0.0,0.12407890169643897,0.1435519908578826,0.15510859932228824
SPEA2,0.17663545260603167,0.15363216666393623,1.1497296200502993,75.69137691995088,0.07242797770361198,0.009959121727786608,0.15606691386992413,0.002362507032909605,0.0,0.055542507632894436,0.0,0.11023079014922028,0.0,0.0831405772266698,0.0,0.0,0.09624747273205242,0.0,0.0,0.0,0.0,0.0,0.0,0.0,0.0021669901031912743,0.12227114904852028,0.14985920119670307,0.1397247915765161
SPEA2,0.14325096024863013,0.14291908797621145,1.002322099008034,67.90236849726679,0.06130618464598106,0.044183267472841625,0.08253334392009654,0.004137967448027647,0.0,0.06602651192721022,0.14398721184056923,0.04746943199254838,0.0,0.08326921048914418,0.0,0.0,0.05280712282162198,0.0,0.02869421568223364,2.3528055429787847e-05,0.0,0.051312975264867625,0.0,0.0,0.0,0.04412324009280916,0.1473451840938401,0.14278060425277886
SPEA2,0.149834857531007,0.1497568979841785,1.000520573996109,77.85764346696226,0.05093363698815507,0.0,0.15157429520774404,0.0,0.0,0.015192375353004564,0.1613103691175734,0.116224502925098,0.0,0.09855830724167518,0.0,0.0,0.0,0.0,0.0,0.0,0.0,0.0,0.0,0.0,0.0,0.1411105933662787,0.1197263342565902,0.14536958554388096
SPEA2,0.12638467350564236,0.14346398653732223,0.880950519751264,71.7665294001861,0.061757595314978084,0.062016068642001466,0.10732722991976075,0.003314638253515208,0.00010798265470912141,0.03867006274738597,0.1559080597073165,0.12178345419908175,0.00010798265470912141,0.09553862450833826,0.00010798265470912141,0.0004806534078769793,0.00010798265470912141,0.005413158179871633,0.005340587464336528,0.00010798265470912141,0.000373198589372242,0.008070433717308218,0.00027813080701243845,0.0005024886764837349,0.00010798265470912141,0.028301598793273465,0.15739355370905161,0.14688256743478031
SPEA2,0.1318248828519443,0.1426034523306929,0.924415788660197,69.54602926837289,0.07969675527198061,0.06409020876301383,0.06418205097934396,0.0,0.0,0.034178441642466216,0.15697130850742824,0.11929576660723457,0.0,0.08712491595408174,0.0,0.0,0.058847513871034304,0.0015298879943302902,0.015168167187877422,0.0,0.0,0.0,0.0,0.0,0.003735028264549536,0.027037333747619952,0.13945149428396664,0.14869112692507264
SPEA2,0.20810456128655896,0.1645957736884036,1.2643372100216976,75.02366785508688,0.08575316956262033,0.0,0.17113219327068613,0.0,0.0,0.07041575371328569,0.004198529745938952,0.14991228597215508,0.0,0.0,0.0,0.0,0.1092907291122124,0.0043161177873620865,0.0,0.0,0.0,0.0,0.0,0.0,0.0,0.1667630946368061,0.14082994790384357,0.09738817829508961
SPEA2,0.21806787688117618,0.17268509522397332,1.2628065936920683,74.34621839715328,0.08326927937586742,0.0021910499071199747,0.19603309059495724,0.0004840935525422477,0.0015297410851150813,0.06643559203788635,0.0003079306338952408,0.14674699702652466,0.0002482697890047497,0.0021625019788149816,0.0009208884451527945,0.00022966872801675767,0.10552432995064656,0.003089012280420815,0.006430858267503277,0.007751069775828813,0.002393173235061105,0.0005131200489853516,0.0024203668652666983,0.002830151383430982,0.0024514846837130912,0.18417493491119677,0.17134165549938363,0.010520739943665454
SPEA2,0.1333323815573097,0.1534399630015483,0.8689547295834807,79.75558606449579,0.001712842891540279,0.0017071951637971422,0.15468174822026717,0.0017071951637971422,0.0017071951637971422,0.033208615756684025,0.1603405045088733,0.1434020946388302,0.0017071951637971422,0.08112065429111232,0.0017071951637971422,0.0017071951637971422,0.0017071951637971422,0.0017071951637971422,0.0017071951637971422,0.0017071951637971422,0.014165878537646849,0.0017071951637971422,0.0017071951637971422,0.0017071951637971422,0.0017071951637971422,0.10186063558904289,0.14867612858051307,0.1369301646923299
SPEA2,0.19855184226039382,0.18264704399602108,1.087079417856438,78.55885140349298,0.0021692891556211232,0.002172012358955471,0.17653076192460582,0.002960872236182415,0.0021692891556211232,0.05094550634256447,0.002290442805247245,0.16344513068467623,0.0022860999808156316,0.00613559734905037,0.0021737300325238513,0.0021692891556211232,0.11336995729210783,0.01601590279674217,0.0021692891556211232,0.002292452285852782,0.07455405373390821,0.0056116837137182,0.0021692891556211232,0.0021692891556211232,0.002284198337521995,0.19184393523494808,0.1690682674495066,0.0030036605073456998
SPEA2,0.17237963460924252,0.16107203185160304,1.070202148862549,79.68463959695248,0.001890117269354706,0.001890117269354706,0.1720112640888216,0.001890117269354706,0.001890117269354706,0.007574028069526479,0.00578547165057879,0.11903116890978993,0.001890117269354706,0.0679424191181326,0.001890117269354706,0.001890117269354706,0.11435885274740856,0.001890117269354706,0.001890117269354706,0.001890117269354706,0.0055279363353798825,0.001890117269354706,0.0025133992784119887,0.001890117269354706,0.001890117269354706,0.17021572991446512,0.17803719798304973,0.13243100740282407
SPEA2,0.1288818094238133,0.14798661156598905,0.8709018205092379,76.48086563280268,0.05825482816846851,0.005001790905746753,0.18514179750839715,0.0030486039317794774,0.0015575722902278185,0.0372112034136331,0.16938356269618007,0.12405096944094142,0.0,0.09187947762796823,0.0,0.0,0.0,0.0014611872072639001,0.0030792625509541926,0.0015575722902278185,0.0015537862160107424,0.005915258095588576,0.0008361472383193815,0.0008341248077603933,0.001521563273383003,0.023780331021776995,0.13123390768248142,0.15269705363289107
SPEA2,0.15462509635581398,0.16484682712756835,0.9379925537551039,82.62356824839722,0.0,0.0,0.1475927313899332,0.01936231454423532,0.0,0.05308326818941321,0.0022843089892349354,0.1534046418309177,0.0,0.09245941705253903,0.0,0.0,0.002238165674930228,0.0,0.0,0.0,0.06327305655008285,0.0,0.005446325304881395,0.0,0.0,0.16876851476786184,0.1727068358125605,0.11938041989340968
SPEA2,0.15856048478943996,0.15008472557567745,1.0564731632832867,77.17559274777537,0.047015952159084905,0.0,0.16392207240293227,0.0,0.0,0.021866795040596677,0.12412830232546318,0.1041454354654412,0.0,0.08667921735550513,0.0,0.0,0.05709623367062902,0.0,0.0,0.0,0.0,0.0,0.0,0.0,0.0,0.12186744895434692,0.14072719854090265,0.132551344085098
SPEA2,0.15991366200941895,0.16637422337764834,0.9611684957136374,83.27810787871675,0.0,0.0,0.18157465244029597,0.006055891280701206,0.0,0.029850237608331526,0.0,0.14916847897928395,0.0,0.08685152739252058,0.0035731010774367063,0.0,0.0019282605772516389,0.0,0.0025229227722367866,0.0,0.07433165367310161,0.0,0.0,0.0,0.0,0.1826922428022655,0.15440700168192129,0.12704402971465314
SPEA2,0.1834813151385184,0.15760036640837577,1.164218836034173,78.46620655232323,0.06942058789294239,0.0,0.16941573150471817,0.007320376821509182,0.0,0.06579479409193363,0.0,0.139954402980811,0.0,0.08159174341948107,0.0,0.0,0.01056942801931036,0.0,0.0,0.0,0.0,0.00040076414443393786,0.0,0.0,0.0,0.1826530276063234,0.15344915686772426,0.11942998665081257
SPEA2,0.21486424179360517,0.16320049106060605,1.3165661475480077,71.77952568264216,0.06998503109468593,0.0,0.16709450522982025,0.0,0.0,0.05707243973563237,0.0,0.13916564583982274,0.0,0.0782103595763728,0.0,0.0,0.1183361652253323,0.0,0.0,0.0,0.0,0.06848502994202724,0.0,0.0,0.0,0.16110163706935446,0.14054918628695193,0.0
SPEA2,0.20342217396582357,0.16319552744392876,1.2464935599152127,76.26775058596793,0.0736727199768071,0.0,0.183694583019128,0.0,0.0,0.05411155848417866,0.0,0.1344084894506954,0.0,0.0,0.0,0.0,0.09318582237481732,0.0,0.0,0.0,0.0,0.0,0.0,0.0,0.0,0.17663417913040957,0.15900314792355436,0.12528949964040959
SPEA2,0.14266221318788425,0.15152846611328696,0.9414878725244005,79.07795464771917,0.0,0.015009350267850254,0.14951789287416078,0.0,0.0,0.026248704073068344,0.16062585044779706,0.11704128819176206,0.0,0.09936057790858795,0.0,0.0,0.0,0.0,0.0,0.0,0.0,0.004302223786911115,0.0,0.0,0.0,0.1443812117215428,0.15350596469302863,0.13000693603529115
SPEA2,0.1905710105105639,0.16914733676863822,1.126656878856031,79.97185528475184,0.0,0.0,0.17371322446857582,0.0,0.0,0.0748816537120974,0.0,0.1602104142681679,0.0,0.005282679693629234,0.0,0.0,0.11467919433461059,0.0,0.0014793516493905594,0.0,0.012153972658854505,0.001922680844118783,0.0,0.0,0.0,0.18753063321240318,0.1450109249065276,0.12313527025162435
SPEA2,0.14764019356522523,0.1471018634131911,1.0036595739818879,75.76810156528632,0.0640550210058719,0.007937204631013876,0.09695741770007008,0.0,0.0,0.027916170153641562,0.16407870777755196,0.11579121542866275,0.0,0.09264926677788385,0.0,0.0,0.0,0.0,0.0,0.0,0.0,0.0,0.0,0.0,0.0,0.12510230085817928,0.1465431293420252,0.15896956632509943
